judge_score,fan_vote,fan_vote_cv,total_uncertainty,celebrity_age_during_season,pro_experience,is_american,industry_Athlete,industry_Comedian,industry_Model,industry_Musician,industry_Other,industry_Politician,industry_Singer,base_value,prediction
-0.072883284444479,-0.17757271729216498,0.1532293367938337,-0.013258044261406754,0.027739766014749836,-0.005930319840685774,-0.0016701502949787279,0.01182882827744221,0.0006624530317954052,0.000203962215867261,-2.123397791821613e-05,0.006067234001077501,-0.0009814206735562572,-0.002581570650048766,0.500516224134429,0.42534906303395914
-0.08466559925900415,-0.17477566904621064,0.11337291489905654,0.049567776259841725,-0.006796931877472005,-0.02296877617205199,-0.002221658397098088,-0.00942817868541179,0.00016147182230382448,0.00044454632562810134,1.5430189648128276e-05,0.003042935924947894,-0.0005295001443785648,-0.00936997702128714,0.500516224134429,0.35636500895294454
-0.10028714410215732,-0.20228181811744014,0.11872795655145041,-0.00061959034923298,0.015310330422185416,-0.024854811957124197,-0.000907002993489663,-0.007090999419227176,0.0004246674661956827,-9.595803385864477e-05,-1.700834357804418e-05,0.004000110921587203,-0.0008359900145277268,-0.003895770635065603,0.500516224134429,0.29809319553014985
-0.07474668365482266,-0.19846907562943544,0.09025537338331162,-0.08415800581467103,-0.03944870851486283,-0.012116371390997522,-0.0020971230773133656,-0.016414427265329434,0.0002514151903090829,-0.0005356157927971538,-2.1364920387625984e-05,0.0029429576735890903,-0.0008602553915544951,0.0002329875978718084,0.500516224134429,0.16533132652734256
-0.11224720701077802,-0.192590851280853,0.10736627299498089,0.0198653623967727,0.021986503079932804,-0.007924498110611888,0.006451410685452949,-0.009142599739517726,0.00026151608972498693,7.9763679097834e-05,-1.3939770644770103e-05,0.0029962776020651155,-0.0006706700337166998,-0.0022192644166060312,0.500516224134429,0.33471430029973204
-0.05987092422287059,-0.19041141671691797,0.11631988452591453,0.05952603316005096,0.002472131520275026,0.004079580448449477,-0.002221360683526323,-0.009364253698384733,0.00019831429560971992,6.417066243407767e-05,1.4221650299732788e-05,-0.02317473588596952,-0.000604777452935473,-0.0011837397365249914,0.500516224134429,0.3963593520003363
-0.10574713915457044,-0.0962861808529928,0.11828251865093276,-0.01713901382780806,0.014280876861802915,-0.006702416195856554,-0.002879859603238582,0.003445312924524713,0.0007829959098941081,0.00013899443527790742,-1.5766630877228308e-05,0.0056329586031410835,-0.0013193843948791717,-0.0007891075385648205,0.500516224134429,0.41220101332121845
-0.07231870949521707,-0.1847655983274266,0.11293574690953712,0.05316205838268906,-0.008639752678087005,-0.018890111751544425,-0.0030672086102966124,-0.010205680026218099,0.00018303478051345123,0.0005035940120086882,1.83795534723623e-05,0.0038985959322395724,-0.0005493609530660671,-0.0077924344499064714,0.500516224134429,0.36498877741313085
0.000698625491428224,-0.20712792445371006,0.14057189085135166,0.009793936016796671,0.02444507387629715,-0.014912428399263513,-0.0017565229601459096,-0.005159657339568469,0.0006129308855096491,-0.000263222587530563,-5.638247193783846e-05,0.006947698530854097,-0.0007144611356982227,0.0029262744630121655,0.500516224134429,0.45652205490182834
-0.09015685226744834,-0.1910655194396221,0.09051304653576515,-0.08543353916095185,-0.04188319221311356,-0.010025187888592578,-0.0015709442599381159,-0.012854651701918698,0.0001686676762055156,-0.000635294641243619,-3.3428811142830833e-05,0.0008201084463029478,-0.0008955068013499005,-0.0011915319328913117,0.500516224134429,0.15627239767449314
-0.03596177779496644,-0.215534331721158,0.11985945176847754,0.02997721418677673,0.021141445365927283,0.007546119236853657,0.015800088702502532,-0.008806296912774712,0.0004306068758992102,0.0008026154854791032,1.6191268947860612e-06,0.004174930244466534,-0.0008589191194940794,-0.0013439375550513219,0.500516224134429,0.4377450520242657
-0.03375682016346216,0.2757508279008771,0.06710498448708567,0.050811343153023006,-0.0032997057715710614,0.018816865659322887,-0.001402328404155464,-0.0024273607082457966,0.00023171210987294746,0.00027426959491235625,5.163653543103513e-05,-0.007371616451946831,-0.000338094628634554,0.0025288849473395986,0.500516224134429,0.8674908223942821
-0.004898479093520911,-0.19496076436284104,0.15126907833268144,-0.009398100858393191,0.031803991700363375,0.015172789480319897,-0.003236278847209733,0.02240045774079327,0.000860609352334312,0.00011581623839932998,-2.7704704984475105e-05,0.011123874422108904,-0.0014136992507262182,-0.001410137670743772,0.500516224134429,0.5179176766130135
-0.04898970839765964,-0.13788971926374607,0.12710973382590324,0.0638691023404743,0.0005817135692728567,-0.011201379287552484,-0.0025677126979138367,-0.008267673406657072,0.00019062828433016798,0.0005241136851740645,-1.1539777905900119e-05,0.0030717082250753223,-0.0005029088561583748,-0.004960877754688307,0.500516224134429,0.4814717046223804
-0.045449204438754796,-0.19327219069363777,0.13231277029055716,0.005912691780266598,0.007916907029435396,-0.016624006781286227,-0.0015911338233661613,-0.007839858210595315,0.0005437802752390991,-0.00013993131745677518,-1.8505597576467767e-05,0.003709975932845206,-0.0008631561129875502,-0.002868902267258906,0.500516224134429,0.38224546019985695
-0.1507984532698951,-0.07618109221470869,0.08375360429218741,-0.0505807364862225,-0.03841733986620037,-0.0111853043253952,-0.0009000645882810042,-0.0072535493842808,0.00017593029573579857,-0.00018544535678702417,-2.6228825050684422e-05,0.002496175817152558,-0.0007830945786370449,-0.00014219149776686287,0.500516224134429,0.2504884341462828
-0.0006107578743764251,-0.1880530551012805,0.12737550815435028,0.03121188515428989,0.025535868221801702,-0.003432702572876439,0.010636844568954447,-0.008270849510502378,0.0005156562207794143,0.0005636169861064943,-2.657842886190604e-05,0.00351096281319385,-0.0006187195203871614,0.00045759860980428983,0.500516224134429,0.4993115018554276
-0.11508663539286951,-0.047212292504463155,0.09269391909576626,0.038162758604546314,-0.006820481177362465,-0.031503653409494375,-0.0032584604764058557,-0.006271128498814705,0.00020763987873734436,0.00033636723031241954,-1.297901579921402e-05,0.003490504451252358,-0.00046258081873967375,-0.006820867077083688,0.500516224134429,0.4179583350240144
-0.13724009796037526,-0.12904194741424962,0.1003737426317851,-0.004258972644652456,0.005321090996360491,-0.027903700663619396,-0.0018446113990411037,-0.0045103781772735645,0.0003808815543679304,-0.00012509485180191502,-2.4702172573040766e-05,0.0025391063424205977,-0.0007989630560427083,-0.0028867700006522585,0.500516224134429,0.30049580731908565
-0.010020259518372028,-0.1895624574599411,0.11298493693503422,-0.06165921642273664,-0.035736061192114366,-0.01216046290773055,-0.0015027639844440084,-0.016018826134489236,0.0003592681780866267,-0.0005174990662416834,-5.0003763710289286e-05,0.0035062938673276227,-0.0006905801369245059,0.00268803770472974,0.500516224134429,0.2921366302329064
-0.011846301955176082,-0.19567318742439166,0.13240866173834903,0.04087182891393902,0.030640579308737113,0.014612540888080418,0.02444127194620619,-0.004465337251065032,0.00042532800838659057,0.02331323944343964,4.184431539806981e-05,0.006547944398241848,-0.0007940557847988203,0.00030588843192179085,0.500516224134429,0.5613464691117006
-0.024137891705130685,-0.12133226924627098,0.13383191145119888,0.06946289952377972,0.005891218141960624,-0.0027620987561960547,-0.002239579337559006,-0.006494718692372876,0.00026780740246387,0.0005611187080668011,-4.388571426710451e-06,0.0036723318337225567,-0.00048174388902818627,0.0018403205526637395,0.500516224134429,0.5585911415503042
-0.006967805118501565,-0.04933633674905198,0.12125799296378331,0.009342488634635122,-0.008688529618921626,-0.035548883670457776,-0.0016156715872621824,-0.00831814290480114,0.0006305229998723793,-0.000178736164802459,-8.07791974751725e-05,0.0005175299021307437,-0.0005948319151102646,0.003617482861174235,0.500516224134429,0.5245525245696439
-0.09631610135997822,0.003128304198959321,0.09463807348765477,-0.0615062831764966,-0.033427689578697434,-0.004086141890088203,-0.001295480228430535,-0.0056099754767856905,0.0004008512858190372,0.00010603579561561127,-2.040339710917615e-05,0.004429018360983885,-0.0007637900385744323,-0.0007904252830257591,0.500516224134429,0.39940221683427896
-0.004552277011430636,-0.016981402762344718,0.12603726827047046,0.011432652826039613,-0.005121111225421949,-0.03141908929584248,-0.001530728915010507,-0.007392990056900319,0.0006981771823692897,-4.927638756882336e-05,-7.590108205098817e-05,0.004490177103922187,-0.0005755251951241603,0.0032255255563891044,0.500516224134429,0.5787017231419282
0.016390510700223848,0.042066847206246594,0.11846056410730146,-0.04181627152225197,-0.015991111480429344,-0.011854672487944976,-0.0015214447773088462,-0.007019582444286355,0.0005569084043839281,0.0001723695229387549,-7.760083527539661e-05,0.007496339815401427,-0.0005549378198774,0.00414581307226508,0.500516224134429,0.6109699555958191
-0.031204287525721876,-0.2417331935176392,-0.09645959870469124,-0.02168669275464879,-0.03210535615485687,-0.02400596653269314,-0.0012969664270681437,-0.004354879897258961,0.00017881839134290794,-0.0018214305855317246,-3.688579261349432e-05,0.0027000114195388216,-0.0006597498074398456,-0.011626845834629198,0.500516224134429,0.03640320041052185
-0.03751853332870762,-0.26719409466736377,-0.13348375523157754,-0.013954855932191326,0.01063496013329929,-0.008261560354127064,-0.0010085286327878391,-0.004715538102861898,0.0005202488860608551,-0.0010679241810557503,-4.163897399426259e-05,0.00221050200051454,-0.0006483771170801461,-0.0016410010526756512,0.500516224134429,0.04434612757988419
-0.028386588561929466,-0.2556541617591754,-0.13349555269957789,0.027260165567203596,0.003987932759375797,-0.0015284756709141205,0.0008643269547011702,-0.004176406251265693,0.0002545777038784257,-0.0018672965734711203,-1.7023813849703503e-05,-0.013463824386406996,-0.0006026719334969519,-7.890290361958809e-05,0.500516224134429,0.0936123225658855
-0.04876217063910198,-0.26158854820287647,-0.1336250743468655,-0.024390227506693174,0.006854038615668727,-0.0037903866509911843,-0.001276393523045954,0.001957278489131984,0.0004524091538059845,-0.0011503820010185005,-5.073008807362588e-05,0.003712452087628906,-0.0005179115283070455,-0.00016184806914285797,0.500516224134429,0.03817872992455206
-0.015941926832310233,0.3953962035618887,-0.005022335683469061,0.006570026083273585,0.01869951113859813,0.016531860888613897,0.000687664430103504,-0.0030201891519903512,0.00045188335814474014,0.00020079635426382741,1.5142468528909475e-05,-0.009294021555401134,-0.00035548635456285316,0.0013074096189353605,0.500516224134429,0.9067427624590487
-0.04317184781552363,-0.2633279497072154,-0.13855029704246524,-0.01558241257324742,0.0096053597278301,0.0073060749503332184,-0.0005400457980732203,-0.0044236357756361365,0.0003255371993039151,-0.0012630191271497623,-3.743414793419132e-05,0.0054601456167304475,-0.0005651682070448626,-0.0007625953553458773,0.500516224134429,0.054988936078994355
-0.015431121863961702,-0.26203013916028145,-0.09742759568169318,-0.06174448926788126,0.003083206036228638,0.0041477679423845394,-0.0016058145413011227,-0.005388014013671614,0.00011233376529627393,-0.0010473759083741187,-5.133063034042217e-06,0.004380796955502015,-0.0004888549598123125,0.0017920345264264917,0.500516224134429,0.0688638249002594
-0.045261998628728504,-0.23870598241283444,-0.11302412579698977,-0.02691914389369985,-0.04515391565759605,-0.006973534891646966,-0.0018873913506901468,0.003949113035629912,0.0002642667555257042,-0.0015750577441964288,-5.7332148712498376e-05,0.004223665175974171,-0.0004565236948953166,-0.00015038964825190556,0.500516224134429,0.028787873233321656
-0.03356650045367339,-0.24490633939583098,-0.11964742166124669,-0.06145947001469273,0.005137570061557399,0.0021974617231329463,-0.001667012354080701,-0.005731942750096364,0.0003321561435810707,-0.0014275753856617774,-3.6263232960201234e-05,0.0036533397031255554,-0.0005170024235562287,-0.0005654930170338325,0.500516224134429,0.042311731076996
-0.05096458956091373,-0.2567119685432492,-0.12176522254153693,-0.025453873354010594,0.006286808999684121,-0.007862396620905458,-0.0009885330626513103,-0.002673868517836917,0.00042254138556091557,-0.0011748572718095044,-3.606314488324166e-05,0.003994125122425364,-0.0006202261441245633,0.00013555289043020916,0.500516224134429,0.04310365377061215
-0.010763979989990754,-0.2476269675655011,-0.111487184117289,-0.030656498380915297,-0.030836586532772502,-0.01910600356761391,-0.0014830579288145106,-0.0036503924000942304,0.0002540714483230939,-0.0027680180107435754,-5.282786007079696e-05,0.0030024136603363036,-0.00043239335377559556,-0.012046088353417497,0.500516224134429,0.032862711182093725
-0.04360327832123158,-0.2664966323511216,-0.13819514882615244,0.006059470612018877,0.012297487629299894,-0.007752039231601389,-0.0005640437213350388,-0.004390521405208934,0.0007459824365315655,-0.0010737719019733025,-1.4265297257969026e-05,0.0022674426088287137,-0.000643816920845867,-0.00029279104249581544,0.500516224134429,0.058860298401887653
-0.02831802509117524,-0.2665679215066663,-0.1409622049120063,0.023050848750609136,0.005128981405824328,-0.0015685192064131461,0.000187568928450938,-0.004277855165342782,0.0002301536050712575,-0.0018373076522246845,-1.807996362820508e-05,-0.014542157533808341,-0.0006110207301417393,-1.5012135427594569e-05,0.500516224134429,0.07039567292755432
-0.045029989457629316,-0.21902943388732654,-0.13388434999122611,-0.026988170871888154,0.00627762228933684,-0.006421570944577297,-0.000733656584503015,-0.002669662630669034,0.000597110012323156,-0.0012354798242603193,-5.1218660519881056e-05,0.005478123436103217,-0.0005105236501999747,0.00025387402495534597,0.500516224134429,0.07656889739435217
-0.05528713860501711,-0.24634249875408307,-0.14355652620132656,-0.015768524182831967,0.009594690202564198,0.0030595122102269425,-0.00039208016264101437,-0.004489089547852087,0.00044881993298003295,-0.001325567277065154,-5.540259798302351e-05,0.004665397312582647,-0.0005449862836362202,-0.0013420886622199915,0.500516224134429,0.04918074151812988
-0.030699159740597375,-0.25912008848708706,-0.06665983672780523,-0.06371993653222091,-0.0038751548687109613,0.008079400682134854,-0.0028625486260386436,-0.005737177419315242,4.314283100726814e-05,-0.0010083741837419089,-4.448699680925827e-05,0.0009079147812198732,-0.0006302095499918804,-0.002990852811062111,0.500516224134429,0.07219885648541455
0.0025611960151716152,-0.26161207141320686,-0.13379975583311252,-0.013353442916310293,-0.038680500995891556,-0.009631081897014808,-0.0022675709766534495,0.004838922589137956,0.0004225381100707545,-0.001324586382921109,-3.491533895589002e-05,0.004187915970044337,-0.00046384369790542965,0.00071701215995452,0.500516224134429,0.052076039526840694
-0.0192821752175998,0.401378473675736,0.042240564415603796,-0.019752707598989633,0.02570131479060476,0.01602834027688173,0.0005241941207420155,-0.0003913275065081134,0.00043728282694376655,7.030731715708554e-05,1.89989070188406e-05,0.0023317357420590996,-0.00024736465180196757,0.0018940275093795734,0.500516224134429,0.9514678887416599
-0.03976163807177383,-0.25567016947031507,-0.12895609814602332,-0.030580436724971603,0.006199264593454159,-0.009998425104909475,-0.0009352354016787767,-0.0023303938600980263,0.0004352257630483705,-0.0014457813404935554,-6.115956343186902e-05,0.00394796320426945,-0.0006213907597908984,0.00018871944206816393,0.500516224134429,0.04092666869378626
-0.012113326933506502,-0.15000047445402578,-0.1199810048752855,-0.04049684322501929,-0.030412620901575853,-0.01911440980808146,-0.0014887427608967932,-0.005090372725797605,0.0004301695110701699,-0.0026406527890959048,-3.0564266727886455e-05,0.0070540149608729905,-0.0004505182712730004,-0.024130526572809754,0.500516224134429,0.10205035102228095
-0.04100074271422955,-0.25285609024472405,-0.1395225716060901,-0.021619060657027223,0.013924230585231862,-0.007626961166100119,-0.0007766970406736665,-0.00334494272579241,0.0005804681759978527,-0.0011509950322040644,-4.620597485184028e-05,0.002211972671167256,-0.0005581730949780592,-0.0007351212625984332,0.500516224134429,0.04799533404756038
-0.029236721547119326,0.40484189537433457,-0.01599507178383094,0.0375257779121534,0.029483279976623814,0.013647689924664487,0.004622883079857339,-0.0016489738226915143,0.0003384706317793863,3.9507866912764095e-05,1.6545385346342575e-05,-0.003424331158434136,-0.00039162251580191225,0.001980382418188182,0.500516224134429,0.9423159358764133
-0.05982992689980437,-0.23459039779177004,-0.14616175705946274,-0.008044835621730468,0.009454717542114986,-0.008649478476639966,-0.0005851240707926643,0.00521811560428923,0.00041699325470268266,-0.0011474806930316644,-4.3127052575717924e-05,0.002498390827522915,-0.0005178327510134903,-0.00012658918712533465,0.500516224134429,0.058407891759116044
-0.02110835038743945,-0.2610261225733639,-0.1567687330450917,-0.016659100476865675,0.009518441481417079,0.004453491037694634,-0.0005685786280482529,-0.004518934948131039,0.00045330716874221135,-0.0015196598481095709,-4.239156135828674e-05,0.005515112896907695,-0.0005514374186743466,7.007994290752977e-05,0.500516224134429,0.057763347775019465
-0.08671573462053286,-0.14541825291349617,0.04287875536675379,-0.08954277581184134,-0.0035504219878573595,-0.009572969280985829,-0.0021737909892443857,-0.007505133342404429,0.00014478364029543137,-0.0006547856852585398,-5.89182509360096e-05,0.0012476849544929454,-0.0006240425779910041,-0.015299190613821147,0.500516224134429,0.18367143202160569
-0.015490022340881994,-0.2470485381466059,-0.13076206343421176,-0.030365506971220674,-0.04157188263698422,-0.008416041948639512,-0.0022100869736758184,0.004169025910600795,0.00033023624420429077,-0.0019089179798907029,-6.141668527500523e-05,0.003133705501160989,-0.0004098674157490073,0.0006975539166347274,0.500516224134429,0.03060240117389931
-0.0035632812831772626,-0.2635390440544098,-0.1443378799017594,-0.026837150344273124,0.005143366797301973,-0.006237730844272405,-0.0007191581760352062,-0.0029091113514695933,0.0005740584539809597,-0.0018185894953002542,-3.323251656479636e-05,0.00425916167405261,-0.0005585287408008628,0.0009213821780963562,0.500516224134429,0.060860486529801944
-0.017360165605483608,-0.2084935816679824,0.10416530897444232,0.006264359239502985,-0.0633079719439233,-0.033470743147796404,-0.0024731196754871065,-0.003085125031271276,0.00012490071858251917,-0.000220195393553893,-5.9504982987688756e-05,0.005251556086633523,-0.0006370538014606389,-0.020493189325135008,0.500516224134429,0.26672169857851374
-0.09509454816682225,-0.193878999711323,0.12730860490728377,0.01791170295417378,0.020758511386136495,-0.01530624627057338,-0.002004753778594941,-0.007647572632699816,0.00046687906016494823,-0.00023336280537752368,-1.014708091598566e-05,0.002674899005060292,-0.0010478767064962475,-0.006542588962733104,0.500516224134429,0.34787072533171604
-0.042647218587657645,-0.17564027695513304,0.14362959945115716,0.0027176306122209345,0.03180420481076986,-0.0023012380246111297,-0.00401445181893655,0.00856565105991939,0.0006281557601498012,-0.00017476058011901163,5.11045868360144e-07,0.005044342027784354,-0.0007756704097231784,-0.004125276371162982,0.500516224134429,0.46322742615495827
0.005898944875649317,-0.19969245906325558,0.15753273467065407,0.016971171878633562,0.03244558003480838,0.006489661266940161,-0.0003464623616581044,-0.004039137138452179,0.000985222604494006,-0.00025165440689852635,-4.4200343808354376e-05,0.007290201127971759,-0.0007138527697076118,0.001791351812253143,0.500516224134429,0.5248333263220561
-0.01971690986977957,0.2795041277811284,0.07011989957570752,-0.05082839633295441,0.019537357718313206,0.015132623691162413,-0.0001962985227293804,-0.0032613032104658983,0.0004212270058925191,0.0005177422494482092,5.627598439087254e-05,0.00463382228379228,-0.00039494882109115275,-0.0009090225843191983,0.500516224134429,0.8151324210829286
-0.014969301723598784,-0.20457201365539945,0.102375187073192,-0.0021839849053496164,-0.08925456057421693,-0.010148582490393644,-0.004198606002439859,0.009633791478024603,0.00042667551605554053,-0.00037052930112509256,1.7826918589735932e-05,0.007167961658287107,-0.0006637747610962177,0.00019233523454929703,0.500516224134429,0.29396864859951066
-0.028612972486359606,-0.1807772977619133,0.15847397794281937,0.02322013902093559,0.029276356189598625,0.015611541026794759,-0.0037527230145026247,-0.0004378993849646055,0.0005398435524718725,-8.676949725204146e-05,2.0678863746412726e-05,0.008273006473181048,-0.0007307333730765232,-0.002475386696217533,0.500516224134429,0.5190579849896938
-0.007161227893665752,-0.17491912057284034,0.11926807030721176,0.004935267867300864,-0.06511181059162927,-0.02882185655101817,-0.002233734848717526,-0.0026295069053786082,0.00016029359763816142,-0.0003640789384502503,-5.914627667686788e-05,0.005406989033222314,-0.0005914832146100702,-0.012409477224345907,0.500516224134429,0.3359854019224734
-0.04327311990540318,-0.20079895922930488,0.1373674179791017,0.01963698506534291,0.020944082280429654,-0.010647778104442706,-0.0019518406535607583,-0.006092012176715103,0.0006217962610037764,-0.00036902487355157024,-2.4268371072060584e-06,0.004230573926698293,-0.0010507226728489543,-0.005818316476656284,0.500516224134429,0.4133128787174186
-0.0985864512106175,-0.09743261833181295,0.11448435694478781,0.00764180722022323,0.013931588458644022,-0.013181237270989356,-0.0037362718303171954,-0.006211533930980575,0.0005215794730265283,-0.00021756521642041644,-3.888912694519724e-06,0.0018827693723881642,-0.0007420172404918265,-0.003661820287638345,0.500516224134429,0.4152049213715396
-0.03181334168986059,-0.1869005623387673,0.15212499389398912,0.009775838553912279,0.030024926991424984,-0.013722709661335904,-0.0004960365333597415,-0.005364749967270212,0.000817304712790037,-0.0006259779180799085,-2.591855605229388e-06,0.004213768214852874,-0.0007669997115005981,-0.002482433892566508,0.500516224134429,0.45529765293305546
0.02429430836325932,-0.2012582912224657,0.11053601578593411,-0.008348634284221024,-0.08262830265810403,-0.009723855824402826,-0.00343230935623303,0.009686824678044294,0.0003728131857647218,-8.634389205123297e-05,6.1861098389050135e-06,0.0071275907580908866,-0.0005292881304130762,0.001704051100526569,0.500516224134429,0.34823698874799947
-0.039461512051708544,-0.14161380923550435,0.10243093432402793,0.05243202706697403,0.03635536096347218,0.02344096972697103,-0.005525684943111754,0.005701786896595922,0.0004597958625883839,0.000258505925748152,2.643101798333997e-05,0.010499219827496626,-0.0010563742682912925,-0.0001481141467717146,0.500516224134429,0.5443157611009031
0.013132447075472507,-0.1663366199057004,0.12111754394447784,-0.006524648715204253,-0.06360765197456708,-0.019493030807628414,-0.003838644808239121,-0.004087725422446268,0.00011501265813889774,-0.00017058502054899288,-8.463559008314828e-05,0.004630764231677177,-0.0004751748256149922,-0.027462955927644486,0.500516224134429,0.34743031904652255
-0.027414776003686296,-0.1507338020776807,0.12066711142927725,0.04113730837560167,0.04735757452042289,0.004593517812550591,-0.0025190147674886976,0.001837504884556879,0.0007536655658745932,6.920195591729575e-06,1.3154507890365391e-05,0.00924736936784784,-0.0012174043280055035,-0.0035819057318243305,0.500516224134429,0.5406634478853612
-0.09591663047374535,-0.052432861286245046,0.11566630363511803,0.01215063042636293,0.012428593526369514,-0.009016229747102264,-0.0038533547002923873,-0.007262673354824968,0.0007043276558225187,-7.465682771583744e-05,1.436841583709414e-06,0.0030517648135968338,-0.0007213775606183565,-0.003972879884304002,0.500516224134429,0.4712686171984377
0.00013995109372891927,-0.16081873425376297,0.15700704747069066,0.019938503941911743,0.025490348066469187,-0.01008321564474882,0.0001224578847382043,-0.01143524819725877,0.0009530166078347369,-0.0004678628739421149,-8.650835124850543e-05,0.000846348077944703,-0.0006685126356382362,0.00038348640821332663,0.500516224134429,0.5218373017293639
0.02610118242612787,-0.19382178075394607,0.11141879898769903,-0.011769121358532062,-0.08028226704682632,-0.01292668071436751,-0.0034234242738816565,0.00874058602810435,0.00034819935066221367,-0.0001978736315078932,-1.800281965968786e-05,0.007278215837449987,-0.0005085216021936483,0.0019548528725083017,0.500516224134429,0.35341038743606845
-0.014126000792486335,-0.0229538948400928,0.10171385289810865,-0.00012076361779777383,-0.053741615481841934,-0.030471361194564957,-0.0012063352416393186,-0.0043908733482017305,0.00010003294160827599,-0.00033302836493302447,-6.642976576263758e-05,0.0015516452876281027,-0.00046973300096366714,-0.04063722760338632,0.500516224134429,0.43536449201010774
-0.15023289021666575,-0.05167729625214729,0.10323524829611012,0.0026258489354168677,0.010257872310434034,-0.008951699385986566,-0.004202654771001849,0.0012454361083429945,0.0005890181713151443,-3.227946490502893e-05,-3.7150841956183164e-06,0.004368835398205209,-0.0007472335135846414,-0.004620426084307121,0.500516224134429,0.40237028858146273
0.00276650534389946,-0.22666868624035524,0.1525994523801071,0.02013636653821341,0.03124827860392616,0.01026524456609882,-0.00018122904771176955,-0.004910898316772131,0.0009146973587312924,-0.00040868311757406546,-4.045938945656418e-05,0.006260405833484226,-0.0007298753626902029,0.0025035658073791806,0.500516224134429,0.4942709090917117
-0.0032521024310396096,-0.1483228956530492,0.11487102033570817,0.006459057324629309,-0.08300229581575724,-0.008782337017606105,-0.0021195570729602223,0.016336456905710887,0.00041363156892723976,-0.0006602021539842848,-2.8737469627572466e-05,0.0049185959537641245,-0.0005659134067417276,0.0013024904025341056,0.500516224134429,0.3980834356049393
0.02172518015273461,0.06609359374036244,0.11368910550342043,0.00038711334249509437,-0.04403058984392126,-0.027051145309230706,-0.002557288816028123,-0.005443918712034221,0.000309550918691655,0.0002191005327796134,-4.066999721016769e-05,0.0034663256310778602,-0.00040613215275780783,-0.038618361211560794,0.500516224134429,0.5882580879132516
0.012311888470193188,0.012936078943769353,0.14514085735689494,0.01988929352567619,0.017571533827130836,0.0024401420763615483,-0.0015111096406106193,0.011578973671929957,0.0008710994261450961,0.00014792717151919678,5.9894413585658986e-06,0.004854577100771288,-0.00048631864328376796,0.0025089243390096837,0.500516224134429,0.7287760812012976
0.055344202914983626,0.07449123843819784,0.12285763142043615,0.012291028700749789,-0.04001118423569456,0.0044120183384861,-0.001489842381908453,0.012242174785257982,0.0005848559026480287,0.000544652787722858,4.42127650862807e-06,0.007549908777680958,-0.00037236781895396017,0.00380938912232271,0.500516224134429,0.75277435216287
-0.03780285839520318,-0.2647023857949003,-0.06808039249458069,-0.030141837675346766,0.003989463143500387,-0.05112183399492545,-0.0012629282189362998,0.0040421820721791325,-0.00021161957508185377,-0.0013031382247704578,-4.962951338907834e-05,0.002533216075035103,-0.00076818141896764,0.0004136740365804149,0.500516224134429,0.05604995415562506
-0.04469642687041772,-0.30411430674066997,-0.009178461494323515,-0.0211059399870727,0.006818157300051267,0.012769054604294904,-0.0015279318075058902,-0.007046024026148995,0.00025999241589365113,-0.0007107235225464272,-7.709592181436008e-05,0.003425852760222995,-0.0009699995175760339,-0.001966237794142446,0.500516224134429,0.13239613353267743
-0.03280477701865845,-0.2927444711816135,-0.020948449598820397,-0.021826931139857328,0.016207056592640372,-0.02097639334966592,0.0020416705034986666,-0.007023492132440088,0.0005784338190678784,-0.0006568334589572041,-5.347659322318847e-05,-0.016671578656318898,-0.0008762679771876593,-0.0011373375709661294,0.500516224134429,0.10362337637193064
-0.09105740532301239,-0.2768461110876643,0.026120834637717777,-0.0062074986731747725,-0.01978188101127888,0.00023854467880997745,-0.0019046232776294186,-0.009152045980796145,0.00032954600462949547,-0.0011560110394866051,-3.464832053976219e-06,0.0009890544268827707,-0.0008739652001312325,-0.00021631747510880668,0.500516224134429,0.12099487998213711
-0.00875228998081176,-0.2865030127973736,-0.028411183670296745,-0.0031019321118900805,-0.016720721753500877,-0.006943870410131143,-0.0020341197172939517,-0.007335574567879281,0.0004913223345399283,-0.0011642264876205,-0.00010520293471004505,0.004299299592232325,-0.0007031583155083556,0.003895554117259296,0.500516224134429,0.1474271074314484
-0.04917281832003571,-0.263388119428292,-0.07198903432102792,-0.010724982092121917,-0.042609830315786135,0.009002692534651706,-0.0008083908760447611,-0.0052647567320969575,0.00022515080099017368,-0.0018956913822510565,-3.220247654256715e-05,0.0050368951683454535,-0.0005900796881300141,0.0010023581381480894,0.500516224134429,0.06930741514423994
-0.01611136578872843,-0.2910149831041642,-0.028424173215701877,-0.05177075801006825,-0.002638096995324284,-0.0023337859511029318,-0.0021089226307529373,-0.006422477533568401,0.00010563409967599223,-0.0009329271870664051,-6.281784975557018e-05,0.0030514591312200295,-0.0007553205482122987,-0.005992118261759784,0.500516224134429,0.09510557028912353
-0.05318205836012646,-0.2804343749432931,-0.022482369310252017,-0.020450367736764844,-0.02520932342903268,0.013742212017777148,-0.003903344756852109,-0.008700583337983014,0.00011908696142769744,0.010752280814848667,-5.716687927138969e-05,0.0018473253229890983,-0.0008076918455752122,0.001077206639419537,0.500516224134429,0.11282705529174461
-0.010658528036041797,0.3922828790295215,-0.0026513294235289376,0.0039062743269761965,0.015166980825125792,0.022618450479337415,0.0008192661777173052,-0.0024194947470013357,0.0004044069301161724,0.0002855493782772107,3.4036301200176065e-05,-0.012698747295030885,-0.0004529534031002359,0.0015620079847242822,0.500516224134429,0.9087150226627249
-0.04117155486607606,-0.29001182906818374,-0.10822825847685118,0.011581398795281316,0.0020548248979674433,0.008121836757249404,-0.001656724552726408,-0.0036295392161546265,3.7033914219537106e-05,-0.0020130373913378632,-1.6099786635290543e-05,0.0010195780489598693,-0.0007460237598808823,0.0004654445590163772,0.500516224134429,0.07632327398928189
-0.07134178504848684,-0.2714103748940772,0.01626886467950597,0.0020094438164593395,-0.05862448411566677,-0.008730740814081537,-0.0017949559664045438,-0.006547463199734768,0.00012040944735120638,-0.001329427488903227,-3.434113977042107e-05,0.0025698882324662396,-0.0007551351393686979,-0.007762674932154879,0.500516224134429,0.09315344757156817
-0.0325548753181611,-0.25002144066605836,-0.10789798479981759,-0.044805436154231985,0.00143168930591532,-0.02525851854767798,-0.0011708560156671122,0.0076678031958054334,0.00024752981573632817,-0.0014595496571618042,-3.3557510828586595e-05,0.004010588775529534,-0.0005320493705475599,0.00046105087316643934,0.500516224134429,0.050600618060433075
-0.045488881510158355,-0.275855769388794,-0.11411736623406558,-0.01643142773481852,0.006233311140686315,0.0076771486933723794,-0.0017210436041791195,-0.004481699865251614,0.00045328517996192025,-0.0015245830749295996,-2.3746049384840434e-05,0.004327816505956631,-0.000562241089713163,-0.0004957126183016906,0.500516224134429,0.058505314484814476
-0.042201611684205026,-0.2673421531858023,-0.10918590669732434,-0.017290097378959663,0.013203356222826604,-0.009635224311029316,-0.0025185533206810505,-0.003222562147595496,0.00041568692621679143,-0.0012135998305388156,-2.823971747075327e-05,-0.013971184394113526,-0.0005414197002965424,9.926113646924309e-05,0.500516224134429,0.04708397605192763
0.007104841939811903,-0.27138394445104874,-0.12463660424792494,-0.026387701872726963,-0.014843717692728407,-0.002568201969018803,-0.0011120967117203707,-0.002464410956521155,0.0003995773867228355,-0.0011871696797933846,-2.8781626695838047e-05,0.004886800965558831,-0.00042436012902913,0.001698009444066861,0.500516224134429,0.06956846453338654
-0.049778084804914864,-0.26939385237301405,-0.10116033402052772,-0.021088017943524197,-0.0097057969262828,-0.006890701156945216,-0.0009475230261480946,-0.0032434731087469877,0.0004345172636417993,-0.001045835871871681,-1.1938752195924513e-05,0.003766656745373233,-0.0005437964152767282,0.0012397716220202996,0.500516224134429,0.04214781536601962
-0.0029993216005176383,-0.27324330625480714,-0.09152823979113463,-0.01069442883995771,-0.04248280972941076,0.005455846055254262,-0.0012160670341304688,-0.00450276698917921,0.00041704472391815837,-0.001964911046022113,-2.9412162222803915e-05,0.006104435163639643,-0.0004685731313917142,0.0023652491742224245,0.500516224134429,0.08572896267269443
-0.04977767987845581,-0.2657534527590647,-0.0883552055014605,-0.04239245812986192,0.0034966706090604283,0.00245626793966835,-0.0021517856520192466,-0.0026608895115395504,0.0001650855398412687,-0.0013090837804133986,-3.0908445841709976e-05,0.003128466340961648,-0.000560476696309551,-0.012372206534746836,0.500516224134429,0.04439856767425133
-0.024858291941808167,0.4436531270444528,-0.008325458869054154,0.00039296243423255194,-0.009036108218889437,0.024792178230829458,-0.0006444397136142327,0.0006780226269422527,0.000512786486950304,0.022818225824544333,5.8296025143918013e-05,0.003682241213602108,-0.0002454024703312106,0.0036548299254301,0.500516224134429,0.9576491927328634
-0.025640566185744534,-0.28487872649846874,-0.14032433777313566,0.019083994446007193,0.004766290675186078,0.0030393272596536238,-0.0012600504437539199,-0.006244745656573037,0.0004028500518047532,-0.0019204372014366131,-1.572076010071247e-05,0.002049487499478874,-0.0006276121186716282,0.0008138568663095043,0.500516224134429,0.06975983429498876
-0.03205638894052873,-0.24450909289103084,-0.09969038412539681,-0.03256941228256066,-0.04354805859580229,-0.01077512559179675,-0.0007250019079452734,-0.004237592743088371,0.0002238821158668493,-0.0016189767662080758,-4.109705926381636e-05,0.003940678904909258,-0.00047254108495846755,-0.007820168186153212,0.500516224134429,0.026616944980475465
-0.052303359734758144,-0.24084483839382018,-0.1131660053443943,-0.04176351990230318,0.0004267681534963522,-0.022698826510419,-0.0009991087326356406,0.00438635996031054,0.00010559183335114522,-0.0011932723425408548,-2.8043753921027644e-05,0.003427604381706965,-0.0005224626014490212,0.0001844386447418763,0.500516224134429,0.035527549791797376
-0.025492212675783832,0.4404557700697684,-0.01313136807928685,-0.004270302301234762,0.024341814289630892,0.02613036008957576,0.00038297774272742996,-0.00024125850396106727,0.000595655661845072,-0.00028063195549873676,6.225857590358819e-06,0.002288628111358246,-0.0002761940668392783,0.002451953683487561,0.500516224134429,0.9534776420578117
-0.044282037499681494,-0.25594465427270513,-0.12235630794023765,-0.022534264064960157,0.011362689022947138,-0.011603845275830861,-0.004012966531959706,-0.0033725645424722557,0.00043252542127463135,-0.0012032291576060965,-3.545994946830738e-05,-0.013651621878354675,-0.0005520517481110616,1.3411585998452347e-06,0.500516224134429,0.03276377687586712
-0.04162165465567354,-0.2579608223408894,-0.10415169593572655,-0.022183025809068578,-0.0162292076310912,-0.005070809164332736,-0.0007482990463300291,-0.0026473757683649385,0.00034185446797588894,-0.0013633816692553546,-2.776701660760524e-05,0.004204860915043024,-0.0005108129987570219,0.0004776912626564906,0.500516224134429,0.053025778744012
-0.042507822911894075,-0.2510397090582579,-0.11605081717583622,-0.028154380293834887,-0.011432987700267155,-0.007749543267916236,-0.0007714249952325217,-0.0029170516643283848,0.0004223688812787979,-0.0012137432571446,-3.483046321311068e-05,0.0040337144125065574,-0.0004953576578490465,0.0004234207014745093,0.500516224134429,0.04302805968391777
-0.00960899383084248,-0.26460935133819197,-0.11620896706034521,-0.020673231278739494,-0.04150001693474894,0.003501012395439732,-0.0012923742260251999,-0.005268135624421308,0.00036612801620592984,-0.0022052552258721835,-5.673390662769399e-05,0.00441981642052438,-0.00044882197605013245,0.0004669981639570035,0.500516224134429,0.047398297728696796
-0.022003253130508143,-0.26834351053272615,-0.09186677522301297,-0.04691492541827632,0.007585686485995609,0.0010796049451513982,-0.001313514034684734,-0.002641708294591554,0.0002910038009015976,-0.0010810350347594242,-1.9011402622847297e-06,0.005388714767156149,-0.00044789842270895954,-0.010692005354070314,0.500516224134429,0.0695547075480367
-0.014823442968189332,-0.28343396014980515,-0.15245109207309243,0.015817558964897525,0.004191295905443545,-0.0027366954430549026,-0.0007797039030809683,-0.0056495224058703535,0.00038711952505790054,-0.00211121422985021,-2.7098729778801253e-05,0.0018181827312655791,-0.0005414426019300017,0.0010940079863094715,0.500516224134429,0.061270216742755165
-0.042278170741309205,-0.24494084823275347,-0.0934250858893243,-0.029616527904825517,-0.0427770535971497,-0.009806492246138412,-0.0008710159988135172,-0.0033606528795158937,0.00022078006741766708,-0.00166230330151346,-4.3711475765433894e-05,0.003842933948714591,-0.00046931902417159083,-0.0060263353176891535,0.500516224134429,0.029302421541595392
-0.028381043508319808,-0.24628762040508306,-0.12266538329014151,-0.028775208563803955,0.0032641408843851723,-0.030660897495264173,-0.0009358230441106074,0.006620563237611669,0.00029595023580179704,-0.0013371292515511656,-3.7621072885470484e-05,0.0042163834807615996,-0.0005359236566018923,0.0001834675615483717,0.500516224134429,0.05548007924677914
-0.0382857287110107,-0.2374815972766055,-0.13751009696580083,-0.020490460109520495,0.014077921087707597,-0.012964143437831345,-0.0026239863842413657,-0.002832425862857814,0.0005182277953497075,-0.0011466702842281961,-4.007525023605886e-05,-0.014538298580961796,-0.0004998527976632408,9.987955500765657e-05,0.500516224134429,0.04679891691154074
-0.009229535564010951,-0.23823176793233058,-0.16123789758673912,-0.02273200147485235,-0.014029806127816954,-0.0035464136364019407,-0.0008319237875395493,-0.003898895188144833,0.00036049226139626137,-0.002245156455107455,-4.163655801267184e-05,0.003045831492247826,-0.00044813912335409,0.0011730345478793115,0.500516224134429,0.04862240900164529
0.006663419674918506,-0.26019570591464775,-0.14522093347055592,-0.032254399830129336,-0.008831108472844627,-0.008503980687116393,-0.0011085968879178964,-0.0036132581593763284,0.00050863566215582,-0.0015305372207752533,-3.175237345249827e-05,0.004364519140799681,-0.00040757623962064954,0.001308523424069609,0.500516224134429,0.051663472779939344
-0.026857000049160466,-0.2516572594411677,-0.10685382314293881,-0.019548246355311046,-0.04337769123949421,0.003942517395800111,-0.0010981655771382423,-0.005339836525346843,0.0003569983709931378,-0.001731541524759592,-5.124372275841283e-05,0.005106677837763556,-0.0005069238189026051,0.00017508522566491946,0.500516224134429,0.053075771567677454
-0.0534239592576728,-0.24296106152165192,-0.10444493365737895,-0.041808943821610975,0.004474747593590191,0.0036136402438620386,-0.0012429592319523064,-0.001990472823719082,0.0002705136077972583,-0.0008395061396434994,-3.510958545266181e-05,0.00395009317125269,-0.0004434686852852199,-0.009806733983468178,0.500516224134429,0.05582807004309873
-0.015272072789257405,0.43614019756677097,-0.06051056062003887,0.025242359397104126,0.019916146461786,0.00657683598669375,-0.0006174826953126952,-6.424452292132388e-05,0.0009228642298898727,-0.0003999356009588456,2.4587737877981918e-05,0.0033784397389434854,-0.00027377862437700487,0.0016205203711037114,0.500516224134429,0.9172001007717373
-0.006735738311097316,-0.2324431003156543,-0.12571917951301978,-0.027629266542036783,-0.03811819439627679,-0.003781032437489482,-0.0005993877962638378,-0.0036853251241883425,0.00034048000007746277,-0.00201173709616819,-5.225638686350585e-05,0.0037802602416061224,-0.000363338443181541,-0.010673562196273006,0.500516224134429,0.052824845817604105
-0.006220055755289514,-0.1843503969002877,0.14439253865098156,0.0111586783167124,0.02239332475075562,-0.05920831914506797,-0.004553335693623662,-0.004180304386789991,0.0005054063823935887,-0.0004007953727604127,-2.731213337032497e-06,0.004823003122322644,-0.0006228909050010069,-0.00013936762155539105,0.500516224134429,0.4241109783638853
-0.04258336234352203,-0.19993431828570105,0.13973937906784564,0.015231286124466024,0.014354846904999058,-0.020776406120992037,3.282238384039938e-05,-0.005562096381624586,0.0007362794809954181,-0.0004716146282986569,-2.2673481691375887e-06,-0.02707749937005546,-0.0011152810744271767,-0.0026568623326000463,0.500516224134429,0.3704311302111901
-0.03571388215239241,-0.1782343998299333,0.12709181601953923,0.011070131688097739,-0.03493275773982488,0.00033738633598776903,-0.0024755142314672636,-0.004080504180234542,0.0004991306027286941,-0.0003563456242420479,5.163140676167428e-05,0.005211269451311189,-0.0007347962258898758,0.0001923279740181986,0.500516224134429,0.3884417176288929
0.001404826805368625,-0.18468740891137636,0.13758115987918043,0.014594563876171623,-0.011349315469498798,0.0016830292398253759,-0.003667601386442356,-0.007336328317794262,0.0006447597858903441,-0.0004673453034809614,-1.1567335732031798e-05,0.005244829097253745,-0.0006559775635262743,0.002145960163388436,0.500516224134429,0.45563980869365894
-0.0021983917122721185,-0.19126306678171304,0.10175320838848911,0.011255808608641824,-0.09507576527751294,-0.0033906198361693804,-0.002356432236379593,-0.008535223850272939,0.00034527863170800185,-0.000708101423688848,-4.4721031149850116e-05,0.0062094305314763345,-0.0006582184071266139,-0.0009442988900003773,0.500516224134429,0.3149051108484619
-0.014794543861801988,-0.14656658838758077,0.17686279920284584,0.015730806604486468,0.02484791662735275,0.008868404671318048,-0.0009264976321845612,-0.004397867807329117,0.0006812418708859703,0.00026171391084467476,-2.0688569837415362e-07,0.005243884285496509,-0.0007361843031197181,0.0026090647670320975,0.500516224134429,0.5682001671969797
0.011240565338559994,-0.16582072231054387,0.13399795640484366,0.04023196649720592,-0.07036703447535801,0.03005532965839968,-0.0009479984264888218,-0.0014499234712928187,0.0003572681666508911,-0.00036479970433631384,-4.9033620468166297e-05,0.007048198664624448,-0.0005350926376202346,0.0038513083019771784,0.500516224134429,0.48776421252058627
-0.047403962998894066,-0.19722781817225976,-0.0067021066829930295,-0.0337693054249195,0.007761147610465176,-0.03598330274778753,-0.002489308639462838,-0.0064136160173853245,0.00017707374883514228,-0.000893254666687633,-9.727524771878698e-05,0.0005737710800127595,-0.0006843097488730653,0.0006692650552531925,0.500516224134429,0.17803322128201696
-0.0851820752536027,-0.2521185944527636,0.03857968075615234,-0.01691116687802734,0.0005760751507020294,-0.020846816049901264,0.001679521196141564,-0.004684990495555757,0.00032223971817192746,-0.0005206268898660769,-5.5946614598235e-05,-0.009866650538947428,-0.0007667206164586385,-0.001743383591712511,0.500516224134429,0.14897676957416683
-0.06994486784716808,-0.2033772932353138,0.023718764681269506,0.0006657593597632058,-0.016856420450733742,-0.005654091750203906,-0.0013035997273072603,-0.01186668127886919,0.00045363184555834016,-0.001349654077774791,-2.942935721545839e-05,-0.0018427341616205762,-0.0007509496687419499,5.3540802613622786e-05,0.500516224134429,0.21243219926868864
0.016611986293615277,-0.19640335782066096,0.08064171883971319,0.016889037568496797,-0.004218063525813014,-0.0018184839593170623,-0.00044616910110285553,-0.013869593496105073,0.0007344527982617792,-0.0012550216387288509,-6.261600471162205e-05,-0.0010955363877118063,-0.0004990620179397569,0.0025055102321457218,0.500516224134429,0.3982310259145743
-0.061252625602626246,-0.21597670791682616,-0.01934772678402551,0.009110182674303993,-0.058199797548837896,-0.003452531909431913,-0.0005240722589417569,-0.007399006170761992,0.00014817268737274197,-0.0014681335563668093,-7.273388679742833e-05,0.0033664332537649893,-0.0007829936008196287,0.0007636577559224988,0.500516224134429,0.14542834127036205
0.005580639911267637,-0.20234088932907449,-0.17930007314208324,-0.027617887764302938,0.004405319175458595,-0.02891964825374354,-0.00042441619263636633,0.001853266253156531,0.00020172784645246329,-0.002003186528706314,-3.465530845376252e-05,0.0009044854961910094,-0.00037731129832069494,0.0023476388679264906,0.500516224134429,0.07479123386756308
-0.025372018989485205,0.254534056029466,0.05302748612594271,-0.011828450603006564,0.034026376828914115,0.0015398438970473914,0.003381561261588077,0.00037528091782240166,0.0011556644579878395,-0.00021269528652757477,4.602739831654922e-06,-0.01298471927531094,-0.00044008181997629383,0.0014984726445479287,0.500516224134429,0.7992216030632749
0.03325647719022477,-0.19316989394887038,0.057373725377680124,0.006368438709138339,-0.002122510910906236,0.0008372580826674608,0.0007453160882183361,-0.014397795015977703,0.0005992476737992646,-0.000937263833111035,-7.1310022330026e-05,-0.0028390864235570868,-0.00048093193508327517,0.003000662241348662,0.500516224134429,0.38867855740767376
-0.005849017245599935,-0.2291543722426584,-0.14326543827331994,0.006337557063845491,-0.009367948934159417,-0.008611431248978722,0.00030895617992301387,-0.004123786366099292,0.0004898529514231133,-0.0021275537733419707,-1.2681902242967459e-05,0.0011261706085274902,-0.0005297921425721908,0.0024320378733027866,0.500516224134429,0.10816877668248132
-0.003183675535441049,-0.18793733352700748,0.03908982537328011,0.016213993975110266,-0.04990483401231904,0.008803091356192998,0.0012492695540871658,-0.011208574464381086,0.0003729619352914106,-0.001703274117572257,-0.00012035669477169606,0.00197058894525694,-0.0005414038820842616,0.0029820138866575446,0.500516224134429,0.3165985169267322
-0.018928591061065276,-0.1154806249100847,-0.14771609118887472,-0.034886103827488094,0.0010568861522215437,-0.03973225226010466,0.0001581247876241106,-0.0023596098159365353,1.092474193179525e-05,-0.0011176848168777264,-3.305556572878915e-05,-0.0002105301748690628,-0.00047969379064030486,0.0021346070623949292,0.500516224134429,0.142932529466935
-0.01588349608082775,-0.09549106723793427,-0.22955308856625417,-0.025599866609499474,-0.0173139233954316,-0.01135833988095511,-0.0010861339566805759,-0.0019375824240964363,0.000494211175851232,-0.0015889128397092562,-3.1648404715463703e-05,0.0032913013314147524,-0.0003684349123563425,0.0001691825424890261,0.500516224134429,0.10425842487572634
0.009047059964097364,-0.14690974864620873,-0.2012055895172963,-0.007812233064901899,-0.007551492571937928,-0.010563321512254994,0.0011499540857161338,-0.0022599267005626697,0.0006055702568080545,-0.001755269808146031,-2.4760366566062342e-05,0.001785465666681852,-0.0004245863475852301,0.0035766295899852005,0.500516224134429,0.13817397516226138
0.01575806945895363,-0.09619316068951801,-0.016203285146656917,0.052090289611212835,-0.008517607924583254,0.022407756690839865,0.001474795873603403,-0.0005729098519224855,0.0008203238567035257,-0.0014605185047350806,-4.0286071168021316e-06,0.013613948780915881,-0.0005367239998307873,0.005831504276733611,0.500516224134429,0.4890246779590319
0.03322231995470458,0.006270603187160207,-0.05049795684681676,-0.02857436009213754,0.011727634598575756,-0.03702929718483803,0.0004653069100553812,-0.002239572561581817,0.00042169136108880824,-0.00018593504859216182,-1.5698543370875683e-05,0.004054393256474336,-0.00036203868711688527,0.003824440062490207,0.500516224134429,0.4415977545005276
0.04931681663602876,-0.22953494149117165,0.017769395401399258,0.04550592579937068,0.006588030474132335,0.021938959714324156,0.002544960633510275,-0.00323658841743278,0.0006145908477688678,-0.0006359760674943417,-4.246914512890459e-05,0.006279609707950684,-0.0005143265702647789,0.006208931245280535,0.500516224134429,0.42331914290270556
0.04847258836132309,0.03932221128747558,0.028816816913852544,-0.002337843083728905,-0.006191713440440572,-0.0038550191866488525,-0.0007439611223927537,-0.009582009681292743,0.0010338326629581375,-0.00015418934313392448,-4.548917557270191e-05,0.006541511156122606,-0.000350170836329922,0.005529109867860786,0.500516224134429,0.6069718985144847
0.06042256938537835,0.05579351973747184,0.0426271448837553,-0.016803011500830266,0.019866948175896966,-0.010726861681380997,0.0017601890541923848,0.014172785945676244,0.0005572936907842529,7.656063403378774e-05,3.613775384047741e-05,0.0057718833352594645,-0.00033469123817949167,0.005168564003164586,0.500516224134429,0.6789052563134951
0.04979467617276049,0.017027290267879826,-0.026479633893887824,0.015221662385419835,0.005842939948773288,0.005111581585133687,-0.0006541118121779822,0.0017386680786033966,0.0009715801292288238,-0.00021061479994252132,3.5937203287661947e-06,0.007305721629358435,-0.00039971680641004886,0.004863990822178278,0.500516224134429,0.5806538515616788
-0.07773357121402674,-0.25280461865670295,-0.03326066726043451,0.0023233257022497664,-0.06173098399391978,-0.0063918619004447,-0.0030249389070956885,0.00975452404149585,0.00014636896151832174,-0.001166285804511264,-2.1929307905203002e-05,0.0034208844815734087,-0.0008693821546292087,0.00042509618940861946,0.500516224134429,0.0795821843110084
-0.0295870965744071,-0.2628169134931114,-0.0498468017119528,-0.022583382167573312,0.01012786448448056,-0.016325731889893995,-0.003006432989071541,-0.004212044420735232,0.00040355384288623923,-0.0004700176644072612,-7.424487563012405e-05,0.003439828829757276,-0.0009299210254129716,-0.004438557183416932,0.500516224134429,0.12019632729594452
-0.060763970115475276,-0.26711657829834007,-0.053195480301215035,0.000962662348490121,0.0012042349776387156,0.004540540210046781,-0.004380828553977889,0.006725321271538433,0.0001307345978308271,-0.00042520633071706975,-4.101234593795748e-05,-0.00023047017681726076,-0.0009900142967599833,-0.0015553910592164012,0.500516224134429,0.12538076606152107
-0.06946339263496483,-0.26644945103303536,-0.05832021465465224,0.009461166070887447,0.0052607432882871815,0.005787297605918339,0.004064474897509771,-0.006912399531528811,-0.00011250862096598154,0.013404850697908406,-3.976309935062561e-05,0.0013651810800415212,-0.0009302029037911626,-0.001599303293608818,0.500516224134429,0.13603270200308665
-0.07866206632101054,-0.27553859450205054,-0.04284468188276242,0.009431942645037512,0.009705369369336301,-0.029985444695945867,-0.002709502128550708,-0.002622640203297901,-0.00023560188658181227,-0.0007002816728545702,-4.793028680165707e-05,0.0027397933344966183,-0.001173082423600496,-0.000598720094886499,0.500516224134429,0.08727478338495986
-0.039830986440663,-0.2634947064731678,-0.030439807264595515,0.009179710763176337,-0.0231865196556935,-0.004477970657920295,-0.0024859423444327073,-0.003301447093864328,9.413367354207295e-05,-0.0009812332665074329,-2.5231725625633242e-05,0.0022709009111721748,-0.0007748666423952447,-0.012232908571763654,0.500516224134429,0.13082934934569546
-0.05934829263813639,-0.2950162463541845,-0.010978046523539007,0.007493461211610609,-0.0013367982921519373,-0.006445356059713524,-0.0025177499105156387,-0.007931958920529204,0.00027508765539733816,-0.0008860821514642782,-4.2844983579408734e-05,0.003745348380646315,-0.0010375442462084426,-0.002333808632417059,0.500516224134429,0.12415539266964715
-0.060890675304265535,-0.2612037626606042,-0.02922004986873207,-0.0027462976954641303,-0.04292306849608713,-0.007428790620220201,-0.0037504881378493233,0.0043596534346031215,0.00019552459288601893,-0.0007456133845818187,-2.920448668387095e-05,0.0022397104610258423,-0.0008445299305407419,6.102061325377952e-05,0.500516224134429,0.09758965265117268
-0.038908834510893574,-0.28367395787902,-0.02631907315686366,-0.05872077901824588,0.0018196062220803234,-0.0097586338447284,-0.003742966284043656,-0.00620579482856545,0.00026055388208770443,-0.0005459936316351498,-5.201243770831708e-05,-0.015386142074911992,-0.0010024326347046308,-0.0018323275443859006,0.500516224134429,0.056447436392894484
-0.07507507195779782,-0.2652748110014173,-0.052233844338827495,0.0013846996513119704,-0.00022238225627797402,0.00104367714836261,0.0016697508006766947,-0.008900871208930048,-0.0001525677745692764,0.010124050166288723,-4.365546015532754e-05,0.0006798615173772103,-0.0008670157205291864,-0.0010872169891489893,0.500516224134429,0.11156082671079577
-0.07230456199549878,-0.24838464163161567,-0.033322475676699694,0.013193282983468384,-0.04179621924537108,0.0062234993015498835,-0.0035614648085229013,-0.012825638080286767,-0.00014117767835940433,-0.0009999889133619066,-2.597438216812063e-05,-0.008879641657026092,-0.0008617523543015544,0.00015202331374383207,0.500516224134429,0.09698149330998244
-0.013994751721143618,-0.23373222495889742,-0.11631871790486302,-0.02894997837546965,-0.05219964114790909,-0.017323212644847878,-0.001501341969303016,0.005298116834102103,0.0003303393426002672,-0.0016787118044542704,-5.1786171348956307e-05,0.004675950222720449,-0.00041266504025007106,0.0008235613361474908,0.500516224134429,0.045481160131516374
-0.04068289899178465,-0.2503730560254733,-0.13176972419888555,-0.012099368186028059,0.010484834215088463,-0.010465773883123518,-0.0009243463249103318,-0.003018826236788895,0.00044281962439552585,-0.0011871903668430191,-3.2995639253644585e-05,0.004028725064495627,-0.000575572154828295,-0.012046247501989338,0.500516224134429,0.052296603528503585
-0.04086117665281567,-0.2807718600602416,-0.12316470625753954,-0.01792043005494,0.005265934718131988,0.009780912279707538,-0.0018548096766930926,0.0026833504526476344,0.00023666762115413413,-0.0013075412562643409,-2.6746243005949003e-05,0.002216631558245235,-0.0005512945033026189,0.0006848240910224141,0.500516224134429,0.054925980150540316
-0.028727887114080145,-0.2869396425951519,-0.09040684863900501,0.008221425413090226,0.0077706332000744005,0.006018402656219085,-0.00024737027627282,-0.0035058732263761653,0.0004604280732689932,0.034252255860696745,2.7551139589442382e-05,0.004767495678960353,-0.0005573985014437297,0.0010624933080885608,0.500516224134429,0.15271188911209158
-0.04608135291190066,-0.28014598748433595,-0.11159295078861053,0.020812978092951875,0.011430475732464664,-0.017336877569747722,-0.0008781204610003784,-0.0017093243004339868,0.0004860663795052635,-0.0016061906309882787,-9.546425322373673e-06,0.0038281069038023905,-0.000797820291546438,0.0009863075159147708,0.500516224134429,0.07790198789518535
-0.027026937461536286,-0.25837177235509273,-0.10283333343675032,-0.028719447074343603,-0.017863314401767274,-0.008733849264761097,-0.0006730952268952003,-0.004637909937861143,0.0003798796657367085,-0.0016753356484048665,-1.0364103731840076e-05,0.0037471922264219314,-0.0004803256652452812,-0.009681398898054425,0.500516224134429,0.0439362125521479
-0.048263029503392944,-0.2619576869743758,-0.12080118952044606,-0.021140233420549475,0.010682457014615792,-0.004350414856946135,-0.000875453813030986,-0.003404344754904531,0.0006547892702072955,-0.0011167293622757932,-2.5689654694970333e-05,0.0036971669708324257,-0.0005803822025232104,-0.0006728091012350633,0.500516224134429,0.05236267422571337
-0.010018677746488772,-0.25618704087596955,-0.12928681039845524,-0.02989297869174548,-0.02631435008315807,-0.005997511521598916,-0.0016710410403816143,0.005532172731946319,0.000356690351476577,-0.0019409531675828632,-5.395983466321341e-05,0.002643266294854043,-0.0004186917397414375,0.0008266607490028834,0.500516224134429,0.048092999161927386
-0.04420731366367514,-0.2578137979173534,-0.0949980496519374,-0.046603708071174074,0.004765740959698553,-0.0021028736122898823,-0.0017278813384982623,-0.003504649553562152,0.00033024636651689704,-0.0010283622348125111,-2.3398366462555416e-05,-0.01607542187308892,-0.000498620385652027,-0.0006172058727002592,0.500516224134429,0.03641092891944118
-0.03430735382548444,0.4277663931577694,-0.015225256632868434,0.02942299477549689,0.017970638601852322,0.012254495342610847,-0.00036767110242195115,-0.0001145393580831059,0.000696200275698938,0.016794249304947672,9.729805197301939e-06,0.0016653960672127865,-0.0002376700452208614,0.0013945844768940556,0.500516224134429,0.9582384149780343
-0.053992271831502986,-0.256032463621142,-0.09885433604955567,0.026560641723694347,-0.03317728922517637,0.0052729705096493445,-0.0019734774870336642,-0.006121988141670072,8.938636337576728e-05,-0.001832387409362047,-2.171951595264205e-05,-0.011058123485537202,-0.0005448412507782199,0.00024463694068894314,0.500516224134429,0.06907496165413046
-0.03715949791448311,-0.24527343941751795,-0.10949996861126153,-0.026663712601272132,-0.04783740059804665,-0.007871269247459345,-0.0013188722201724471,0.0042854636070445195,0.0002865364097765872,-0.0012341361948390783,-4.182797080454486e-05,0.004218255101812212,-0.0004602629660221497,0.0005329401878815745,0.500516224134429,0.032479031699068954
-0.04243539652941624,-0.2516317800222562,-0.12892953934613666,-0.019943878997975038,0.009841456849772138,-0.011416020437537994,-0.0007759388633285202,-0.003080578306382599,0.0004063059626069923,-0.0017458077198491985,-3.126301172722359e-05,0.0033188696218184916,-0.0005826314366497431,-0.010513144646239394,0.500516224134429,0.04299687725113133
-0.02735803608209529,-0.28905415403712614,-0.12651325167218913,-0.020466818856088406,0.0006121371017905044,0.003070137607452962,-0.0019257417356522177,0.0043339407810748225,0.00033551012594273976,-0.0013081047219497236,-2.5729769465571928e-05,0.001944815149231754,-0.0005671633037558118,-0.00023560096736865042,0.500516224134429,0.04335816375423592
-0.026100192126400235,-0.2811821854612028,-0.11265875490244408,-0.008583593435797409,0.005438284380241405,0.0017511711114203221,-9.525249087210688e-05,-0.003433225782818554,0.00045838705374153996,0.020295978632382417,-1.7760105500204468e-05,0.004926246262114298,-0.0005816443766160356,0.00045747598090412317,0.500516224134429,0.10119115887358592
-0.03465500832124171,-0.2670167191046656,-0.10835305215375607,-0.006747137881921149,0.006490326758672053,-0.01821359107409821,0.00021299254227854687,-0.005235697463221709,0.00045074934180742206,-0.0014301346767561717,-3.0417651554015697e-05,0.0038912301338618446,-0.0007935192926387836,0.0005374671142825302,0.500516224134429,0.06962371240548165
-0.024953996749055022,-0.26660351292817563,-0.09147002751017223,-0.021240209270574746,-0.01878005397559579,-0.00813931466157702,-0.000800790768935112,-0.0028596546390370005,0.0003800938628415661,-0.0015842023728525052,4.2806870575143975e-06,0.004120710312279928,-0.00048741218843792943,-0.014826500015857712,0.500516224134429,0.05327563391634178
-0.05654279744785504,-0.2699412906625348,-0.11123501893694364,-0.01916502433206008,0.009758746022630521,-0.004022498297331723,-0.0008576568086285871,-0.0030711210697340337,0.0006729223628992779,-0.001132283909987097,-2.64564635367891e-05,0.0037219416126987315,-0.0005906262553982453,-0.000807727969475931,0.500516224134429,0.04727733197917534
-0.05111004103689607,-0.24163360762680794,-0.1212071516390525,-0.027458316706308696,-0.027719151915786746,-0.010217206715474455,-0.0016553184566275908,0.006536530230734917,0.00025668544509653085,-0.0014739495219620717,-5.066369904018078e-05,0.0038325026791044743,-0.0004651327490734533,0.0004712030960309503,0.500516224134429,0.028622605518370096
-0.028736206639573412,-0.2725300638571243,-0.09068640508617781,-0.04373667809697914,0.007315288831968192,0.000403618306960407,-0.0015674498958286101,-0.003939304825876224,0.0003665574858870106,-0.00099906684345353,-1.1604914709074761e-05,-0.01880757561071823,-0.0005007219211369148,1.7254371835824588e-07,0.500516224134429,0.047086783611389064
-0.03377349813726514,0.4395703004171056,-0.02392046296069238,0.030492443954914277,-0.04025657300163656,0.011846854813239866,-0.0014798761288890392,0.0008320435553581881,0.0004638357779742816,-0.0005026757292036171,3.89791818044289e-05,-0.009262843244370532,-0.0002448287897015843,0.0014028597780468173,0.500516224134429,0.8757227836211173
-0.011649834578803484,-0.24877515946200193,-0.12334318378442288,-0.02684786419832642,-0.04776185652996849,-0.009986502769885643,-0.0009238419764856859,0.005132399321428687,0.00033740131025912767,-0.0015098440472052221,-5.5835954945677855e-05,0.004147102031744201,-0.00040967960504584527,0.0010512702288377055,0.500516224134429,0.03992079411961151
-0.04306224109065593,-0.25890967125170095,-0.11878911956429004,-0.017720052126233822,0.014184412915391053,-0.009851186830984637,-0.0008479420663335444,-0.0028201931615578955,0.0004730697149321964,-0.0011763381585601714,-3.9975553949505796e-05,0.004650978019901731,-0.0005814661561425536,-0.014660623104420954,0.500516224134429,0.05136587571982806
-0.027294383820516795,-0.28919423377889325,-0.07987127982645019,0.007278239451636956,0.003197191146130688,0.006862050323509983,-0.0015034095207526494,0.01223737733412976,0.0002719909830125234,-0.0006937413214193413,-2.3136416581113585e-05,0.0025197687046896377,-0.0007133280127946858,-6.877089995737743e-05,0.500516224134429,0.1335205584801777
-0.03255129094482915,-0.27959960070106293,-0.12093006230813728,-0.0007939141949664534,0.00035128901576766914,0.00021384331581418732,-0.003144715385483277,-0.002987056246448988,0.00047584393143800094,0.02439637193263409,-1.2069722498138949e-05,0.004301977450604186,-0.0005970357987727308,0.0005842571710639871,0.500516224134429,0.09022406164955671
-0.048053567509447434,-0.2861115484982087,-0.03565962381248712,0.003751059774314282,0.012145446486282605,-0.039598455404868615,-0.0009078388165722996,-0.004678805380500393,-0.00010199828254171009,-0.0007655658994876819,-4.421847019211121e-05,0.004512792281602214,-0.0010943862931860127,-1.7921327185716962e-05,0.500516224134429,0.10389159298195402
-0.005988881092275383,-0.28613181682467426,-0.009741735855605749,-0.0036293074703989416,-0.028492871605317282,-0.012735197622578225,-0.0008326610274560395,-0.011333499833223837,0.0003887929818444309,-0.0012300366194622696,-0.0001449323247385017,0.0019412307540262012,-0.0006141618540577,-0.02586207723086852,0.500516224134429,0.11610906850964836
-0.024339475970615927,-0.2819548139765776,-0.1114638800233774,-0.020392520514357294,0.006924364734376478,-0.005126854051048797,-0.001423936875355845,-0.004238757918997302,0.0007584247541857609,-0.0013443570934931239,-3.299413863841317e-05,0.0033303890169013345,-0.0007857702913233286,-0.0008078635832712561,0.500516224134429,0.059618178202840294
-0.05219911712326224,-0.2533500937141284,-0.09326376809830386,-0.03022005456318758,-0.03022498018332385,-0.01662676087324087,-0.0017709682306959215,0.0025859293595537148,0.0001681125608412822,-0.0017310096506692068,-4.2742642222316483e-05,0.002649674884748286,-0.000535216636631479,0.001128086051425259,0.500516224134429,0.027083315275334773
-0.009932374660391046,0.44643149584330993,0.005471247093092889,-0.02882294534193074,0.024904542720935372,0.013395276565381361,0.00024743740848195403,-0.0005798971185802831,0.0005878911525900152,-0.00010025453594855183,2.4245704182893067e-05,-0.005867643679856839,-0.00026749649880260267,0.00030227596040444343,0.500516224134429,0.9463100247473019
0.023794490404639317,-0.2516680499255916,0.004842794525143287,-0.014329278071683455,-0.047641883398351084,0.006532391842021705,-2.7881171052918584e-05,0.013688987812919776,0.0003305423440784733,-0.0007116950276560829,-4.247355830302393e-05,0.0075495055877513135,-0.0005042406801713065,0.003316095397076419,0.500516224134429,0.24564553021525326
-0.013599513621328252,-0.273574457772022,-0.11732315346236165,-0.022887230991637773,0.012117338737215405,-0.013385865415527205,-0.0016044103974475494,-0.0034044458854443366,0.00032355462521111935,-0.0013041674677345253,-3.405636880423498e-05,0.004022416859804056,-0.0006198765785441186,-0.012707908839364195,0.500516224134429,0.0565344475564473
-0.012366970010099293,0.3594277113146278,0.057053650957899216,0.018215673789844445,0.021262130836069645,0.013973068249772973,-0.00037355294148553003,0.004259952956755217,0.0007483437735301426,-0.0002965111361242824,7.940719907478598e-06,0.0017878361574656,-0.00026239668291874616,0.0007938361531192671,0.500516224134429,0.9647469382727972
-0.0981064004412895,-0.26773552589561156,0.014671530713402794,0.003820947999215658,0.0004923823344251589,0.00139367607749778,-0.0008842109760871319,-0.00815873631052921,9.237568927926242e-05,0.0011973777659921388,-4.489036189529267e-05,4.6539489198470554e-05,-0.0007341808403477229,-0.0013679880736526537,0.500516224134429,0.14519912130403
-0.03151339553065836,-0.2722003554301006,-0.11222575736643042,0.016566076836829046,0.005838656463835483,-0.02548441728313331,-0.0007922709467915942,-0.0033358983862894222,0.00015069383968622957,-0.0016757779531755437,-1.4946791587569374e-05,0.0028411956376665887,-0.0009533842610133571,0.0007144078776806869,0.500516224134429,0.07843105084095126
-0.04283749731848629,-0.25347253964617406,-0.0032506322785713117,-0.004259021609625864,-0.02904648538369159,-0.01236356332722544,-0.0023333097259250393,-0.008687945799611324,0.00036860090277042836,-0.0011148928270337227,-4.6392362203072615e-05,0.003250454276610021,-0.0006926025650394647,-0.02013142377279155,0.500516224134429,0.12589897269743505
-0.041124620457967866,-0.2722881529910486,-0.07478831800124357,-0.009136210663886068,0.008678968557034504,-0.004470390906051283,-0.001463764112671677,-0.004781577196152105,0.0004762726787965877,-0.0008869490766104038,-3.7556890536587964e-05,0.0021356014212883592,-0.000938947457775914,-0.0015732104637353273,0.500516224134429,0.10031736857387293
-0.002463629055249935,-0.2285369352350789,-0.09753718792777255,-0.024241090752403497,-0.037012299238690524,-0.012254023851066775,-0.0011224746798745443,0.0036383010056047107,0.00019032523349194838,-0.0013336507096223154,-4.948530697497238e-05,0.0029203864638627356,-0.0004778523155261693,0.001970437872053285,0.500516224134429,0.1042070456371845
-0.01000433939610647,-0.24636978086805617,-0.12564620861192677,-0.025915324614483953,-0.04547394142547608,-0.004325878327742875,-0.001102717470724158,0.0044652672662206915,0.0003096555240097599,-0.0014721087795054276,-5.318413978944256e-05,0.004689168727867959,-0.0003836574324219571,0.001383546992937679,0.500516224134429,0.050616721579235496
-0.04661689223112205,-0.23710915135955357,-0.1277673002261303,-0.017909765385503637,0.01546356202248466,-0.010955399068464503,-0.0007387362101658503,-0.0033338111644493225,0.0003047173974025835,-0.001454323516465569,-3.3012537544145896e-05,0.002383504108178451,-0.0006255832132743829,-0.016501184918194127,0.500516224134429,0.05562284783163084
-0.01753402359358455,0.42145314627468017,-0.018767903265936824,0.020403903787628738,0.018667808093915425,0.007727384416747885,-0.0006672005763024356,-0.0004570027583110827,0.0007434750786500823,0.0208227908592965,6.190723510502847e-05,0.0032080363837839595,-0.00024477249167945885,0.0014232275989403207,0.500516224134429,0.9573570011773664
-0.06298540193371775,-0.25308611427137634,0.012187211450372543,0.002255976918389941,0.011263379969243552,-0.040135444527149254,-0.0016394023599337415,-0.0051220029584368955,3.535165049468892e-06,-0.0008701585729611221,-4.723924399883404e-05,0.0022576788845523814,-0.0009511543032198837,-0.0013367070110062286,0.500516224134429,0.16231038134024026
-0.011988109625215775,-0.2397139346562875,-0.13457607308607747,-0.031743991187663696,-0.01710496156033473,-0.009258038195818746,-0.00046899997976710875,-0.0038208750133475796,0.0004364001597548972,-0.00236535447791136,-2.37843690365322e-05,0.0026989158179739174,-0.0004110143554297918,-0.012524297673332076,0.500516224134429,0.03965210593193901
-0.0932080143799156,-0.26260189364644965,0.01803587334870408,-0.0041076924269072244,-0.0010873538809284746,-0.02205747869455077,-0.0011807835370911575,-0.009353284695268567,0.00047757736814567727,-0.0008619738119272052,-5.264272682133197e-05,0.0018053368380508657,-0.0009269694676733687,-0.0027963292489031483,0.500516224134429,0.12260059517289594
-0.004459420800934507,-0.2237588504349517,-0.1715219182208639,-0.028417341829607166,-0.025404423490802363,-0.0032064304411943984,-0.0012019808228423115,0.00773963910657626,0.00039020937741312834,-0.0018894812118011668,-5.3150844095576304e-05,0.002437549385070352,-0.0003722615559349367,0.001066394503432357,0.500516224134429,0.051864756853896014
-0.013314234855198066,-0.23471537450919805,-0.11682120345661733,-0.0256995281745222,-0.045310190015668494,-0.005799042028888934,-0.0008667087151056094,0.003630613238123664,0.00033901319074209057,-0.0023367488025529013,-7.261076102051455e-05,0.0033218351489016015,-0.0004418908743730794,0.0018151622833094405,0.500516224134429,0.06424531580236346
-0.04537991673931845,-0.2409417751140195,-0.1256698230550674,-0.020875476404245055,0.013745022030138618,-0.011133751184856381,-0.0010073634350230775,-0.0034046312424750847,0.00020659926195343645,-0.0014534806513124988,-2.8931471149669715e-05,0.0018824558902186168,-0.0006101815110337621,-0.014683043872650549,0.500516224134429,0.05116192663559152
-0.010092929143277125,-0.2505698317620982,-0.1473688226615941,0.015606388409555895,0.004970338128989137,-0.01832714525307327,0.0005925154330781324,-0.0033443641098238326,0.0002649186810907611,-0.0024785309141867424,-3.0039169860111038e-05,0.00213664675788026,-0.000539585502158551,0.0019824409979605443,0.500516224134429,0.09331822402691538
0.031393427271363905,-0.22749897197698496,0.004211870230558654,0.0007577760715701584,-0.018788823005388408,-0.011143172644698406,-0.00020740232214039482,-0.009238428694018017,0.0004668720294321427,-0.0011614268326247278,-0.00015216818878817444,0.0008862723948260771,-0.0004738695473854516,-0.037039964765454465,0.500516224134429,0.23252821415470087
-0.024284433090703654,0.4357875318195377,-0.04686572453915039,-0.0017033525306162911,0.020783401980693318,0.002554328503781494,4.868414841660847e-05,0.0005873024114048642,0.0012697496483328565,-0.0004485881604961415,1.4060243148922772e-05,0.005228165675950614,-0.0002159731457077277,0.003147597905283599,0.500516224134429,0.8964189750043084
0.012980891421068468,-0.2300075788700491,-0.15455759223904889,-0.03227183718754836,-0.027848939183164566,-0.015048011911300823,-0.0014620307303556833,0.0008069004864941058,0.00033622072632410815,-0.0019945064920710385,-6.870708307847958e-05,0.0031715278267260027,-0.0003811977018458297,0.002688211263913007,0.500516224134429,0.05685957446049495
0.007062530252012678,-0.22096511114292897,-0.1383811707153681,-0.024108325181601224,-0.04155732696239868,-0.002628053472338412,-0.0007461706848807773,0.003020840156103601,0.00029649994708453697,-0.0016072323648701967,-6.51634449725928e-05,0.0027815672104574037,-0.0004742802048684878,0.0019325167365567787,0.500516224134429,0.0850773442624204
-0.053347746301972095,-0.12987331842445923,0.012880776078332873,-0.02456806337683162,0.024816107570066456,-0.01455609046174005,-0.00011154244922017524,-0.002622397711513275,0.0005009951226967785,-0.00041308059862649876,-2.4808458129192402e-05,0.004817869051527333,-0.0008815248720583345,-0.016157877703010207,0.500516224134429,0.30097552159949553
-0.05586119662669683,-0.21476998151074742,-0.036948197647513954,0.006333445933458653,0.01256439286799972,-0.034605973427303455,-0.0006376981902490384,-0.0070042815791654875,3.531442782888294e-05,-0.0008220875870572958,-5.284140553464999e-05,0.00226886831279868,-0.000910401319762154,-0.0001566664348954349,0.500516224134429,0.1699489199475922
-0.001037034405091766,-0.19111690942135412,0.03780194468973489,0.007944445605068068,-0.019464850779820447,-0.009722531614992617,-0.0008909732388588682,-0.013953230544841691,0.0005007679830357193,-0.0017139650499486282,-0.00012609674570934783,-0.0029502197095289838,-0.0005738048144513767,-0.032598342952461376,0.500516224134429,0.2726154231352119
-0.008613683677779333,-0.16426078503453245,0.08620194620957361,-0.02522352541861953,-0.03725476423369769,-0.010389677907724623,-0.0016474179535787658,0.004531499481909174,0.0004994074042838595,-0.0011220599061060681,-8.84375190741795e-05,0.0001716177455054524,-0.0004478233907488844,0.002528634107397059,0.500516224134429,0.34540115404123994
0.011346762082616027,-0.10595270552081264,-0.2026287100663452,-0.02481222789830944,-0.03250365473462994,-0.0034660585748463976,-0.0015373763714656068,-0.005328777369485722,0.0005185376132112341,-0.0014195530468026898,-5.2891624776266834e-05,0.0030225188214458585,-0.0003547034061752067,0.002349533741954535,0.500516224134429,0.13969691778000998
0.034654928227017025,-0.047057730066754816,-0.014985469209900237,0.06658592338395478,0.026987523968703124,0.010907866884948516,0.0015345974804914452,0.0035335996441116235,0.0012056982561233266,-0.0013639097952548086,2.560978125413668e-05,0.014552793705861622,-0.00037737560447954855,0.007454578614928168,0.500516224134429,0.604174859405437
0.008558505831724404,-0.14516573821427883,-0.18765456960550306,-0.01959064658188457,-0.016569945688947655,-0.010667225210152224,-0.000520424188679198,-0.002958139084328027,0.0005362002861065449,-0.0017160204352762202,-4.274521398418875e-05,0.0022000109383224597,-0.0003505381075235149,-0.027652193826704384,0.500516224134429,0.098922755033324
0.016421804417898037,-0.08598081489035421,-0.22438636841144605,-0.026335982181202377,-0.026601645272664783,-0.010393006612672706,-0.001971512955164713,-0.0023269500241317916,0.0004884028188745114,-0.0012408680100923122,-3.791656173196405e-05,0.0015716855779351925,-0.0002886831191431686,0.002188146342991949,0.500516224134429,0.14162251525352715
0.07055283632398283,0.08979594000008943,0.18833675324035778,0.0011535875245011738,-0.022325712566918152,0.008073079271772454,0.0003375989056525235,0.009461126120679024,0.000859243971223563,-0.0003373219846885004,-1.8008502150499592e-05,0.00571936635650469,-0.00028421536960908036,0.003980762925852167,0.500516224134429,0.8558212603516813
0.05749302534408258,0.08984209302116629,0.17855725222550042,0.01337258012768288,0.005364607863687146,0.005647871358608629,-0.0013427022157815002,-0.006122064793973501,0.0010855328791282912,0.00018095443779575363,-3.538785223151146e-05,0.003379695349541601,-0.00026867091945227326,-0.03306312940834631,0.500516224134429,0.8146078815518414
0.06255421737521873,0.10954536183482602,0.18195215042535595,-0.01276433542902309,-0.011032279009813796,0.0060033987352402654,0.0007299843052954765,0.003925903209417607,0.0009610082688393843,6.98047624137941e-05,-1.3582848937108097e-05,0.004636968712343584,-0.00023330789840542867,0.003355300348705179,0.500516224134429,0.8502068169259086
-0.05455203898522312,-0.24025743562469312,-0.06043407150810943,0.055737146659984325,-0.059910924057581326,-0.00024019868611372641,-0.0029352458910426715,-0.009023493746220315,-0.00012431051106677775,0.010562372678830445,-7.68149467591657e-06,0.0031622354139733346,-0.0006559133892079716,-0.00027111034196345996,0.500516224134429,0.14156555465132337
-0.056696302651530986,-0.2730606736761078,-0.10383065738785549,0.011476730403409182,0.0021197389332194053,-0.0033252707617900993,-0.0020698331116565678,-0.003999781555385373,0.0003718338767782111,-0.0015538273452144055,9.527237067737867e-06,0.0024814324041329276,-0.0006394447363930518,0.0005504205840506931,0.500516224134429,0.07235011634715784
-0.033538832003095896,-0.2752637104120268,-0.09907567247861525,0.01874628150743105,-0.014466401281885338,-0.0066133142444093265,-0.0021446963467809206,0.00363886910010281,0.00025333218993146,-0.0016025470329037773,-4.8537463239382264e-06,0.0016938264126899472,-0.0006284694300440102,0.0019826933724488927,0.500516224134429,0.09349272974095177
-0.023610929144597045,-0.2622324443891071,-0.0991853470901531,0.014496818563248727,-0.010863860481078132,-0.0049336294564158575,0.0006119246582990032,-0.0037630438372566054,0.000245584116398281,-0.001890600169663695,7.5443629850368925e-06,-0.01493134559876496,-0.0005742192730402776,0.0021978152142836534,0.500516224134429,0.09609049160957107
-0.025378318518571127,-0.27640744521883515,-0.1047986098873198,0.009303991567361487,0.0005756710532986454,-0.005246297565644601,-0.0006180646090130992,-0.004045679862838613,0.0005851960067313665,-0.0019288988272105592,-4.4438736083679044e-06,0.00259371264908806,-0.0006800351928610299,0.0006732682920239133,0.500516224134429,0.095140270147034
-0.055220503719513564,-0.25932562280154653,-0.07504726483974615,0.0058110491908659745,-0.0023570768328352604,-0.04660278509493225,-0.00288416617192923,-0.002879971345628899,-0.00022635601522786006,-0.001756802426058928,2.1907895477712915e-05,0.0027445498781511067,-0.0008606352603639352,0.0022933337025909865,0.500516224134429,0.06422588029373631
-0.003949494607804902,0.3823522130507429,0.03661398336334302,0.007195469563375292,-0.02982623597670901,0.026991551830371774,0.0004191613090402709,-0.002559998039685728,0.0004891074522976446,0.015295715544364192,9.054876258520427e-06,0.002056174179728154,-0.00029169827800677435,0.001436460590829541,0.500516224134429,0.9367476889925774
-0.05111880903638678,-0.27163406180049166,-0.12295903944158344,0.010282099019524036,0.008082275470219663,0.006691746413095502,-0.00025122967567356056,-0.0035836046678107076,0.00048225787174424427,-0.001425045707905341,-1.4855255814740484e-05,0.003929370983882888,-0.0005768184188711369,-0.009132240707699657,0.500516224134429,0.06928826918066357
-0.04918686290064347,-0.2809694115159314,-0.08599411018842967,0.015836097132543737,0.0034914360788943087,-0.007620914434692041,-0.0008983292531305583,-0.003240612558622575,0.00030066873944794496,-0.001647387984612292,-9.136360227862456e-06,-0.01455808931947196,-0.0006957643201837265,0.0006739292479330059,0.500516224134429,0.0759977364973053
-0.02859445553248689,-0.27142378427342145,-0.11943661753658115,0.012212315974206269,-0.01497956500136327,-0.007568948190715774,-0.004247839008220056,-0.0033377756558746557,0.00023879670253527564,-0.001760991383336303,4.84038818964057e-06,0.002728665870079905,-0.000464826442050062,-0.01601307748807551,0.500516224134429,0.04787296255732039
-0.0018656131944860335,-0.23886632896771942,-0.06305590808357776,-0.012625324524925971,-0.0487954530429944,-0.0469547915196414,-0.0006049915834012121,-0.002080398218048011,0.000152344792242371,-0.0024334836945931696,-2.268609383503432e-06,0.005802311403050128,-0.00042538226844623104,0.002836924583594658,0.500516224134429,0.09159786120610228
-0.047347173558696574,-0.26214535421343943,-0.10888413255314602,-0.02120894649368898,0.0242509315113662,-0.025128772787278587,-0.0011998155726165674,-0.0030365893270051392,2.484478509269687e-05,-0.0015832745778570545,-1.9182690113145602e-05,0.0026187179464336762,-0.0007691051680270079,-0.012604369074187109,0.500516224134429,0.04348400236126898
-0.03269154703088881,0.41562711543142206,-0.049419307145010465,0.0300901480405789,-0.06519570071670498,0.001227272097261869,-0.0018520652510725778,-0.0024455381319856842,0.0004234771959539755,-0.0007198413360122224,3.827007065139946e-05,0.0015978130390094068,-0.0002847745705689091,-7.812307924617535e-05,0.500516224134429,0.7968334227478238
-0.05196751515884401,-0.27625633143451167,-0.12285178161589917,0.008857715491974966,0.006457782927945316,-0.007431397146762262,-0.0015974706487637154,-0.0032403626772485343,0.00045987311584164825,-0.0012494729591189999,8.84326602391217e-06,0.003278620589605675,-0.0006010943937689709,-5.9141965125776344e-05,0.500516224134429,0.054324491525782025
-0.04807323739087181,-0.27069968501475244,-0.1003310014426184,0.0024365344796317477,-0.016494699570824597,-0.007877540958966159,-0.0024323742200245,0.002087495168241127,0.00047152106566525256,-0.0012477832036102998,1.1944986435170922e-05,0.0036502084356948477,-0.0005602904788539799,0.0016640822050426314,0.500516224134429,0.06312139819462137
-0.013533666375812377,-0.2659727546811605,-0.13673552160891547,-0.0035880102653095655,-0.00967813593619663,-0.008105970764360697,0.0010732071623663945,-0.004156083164089539,0.00038964632302258237,-0.0024336637158255937,-3.6223138534545355e-05,-0.012801550970119186,-0.0005009804130965942,4.548161918552829e-05,0.500516224134429,0.04448199820558603
-0.05243545550511123,-0.2860130818331634,-0.10471382363827351,0.006138328240744616,0.006764106735475019,-0.0022126950325862984,-0.0027552496407479703,-0.003540352909743018,0.0005796722991168344,-0.001579080264455101,-5.407218056441617e-06,0.0032006311044915905,-0.0006088409466468783,5.549752051784981e-05,0.500516224134429,0.06339047304599568
-0.05057108864581256,-0.27636504056673833,-0.08722259009200885,0.004636725048987229,0.0014979128060339081,-0.03992831267436599,-0.0019241017884457242,-0.0018169814367301302,8.881595641600937e-05,-0.0021800307033839734,3.8602670140859765e-06,0.0029316934540040253,-0.0008243134367309878,0.001366239178717504,0.500516224134429,0.050209011501389546
-0.028677313843037525,-0.2673063218959097,-0.13425816016156372,-0.008335139660672215,0.00597527462281092,0.002527896936534839,-0.0008782599938989156,-0.005153060515111341,0.0004887179534353453,-0.0012610350516027253,-1.8125345599833856e-05,0.004088405339808918,-0.0005885277026217951,-0.004118857993969304,0.500516224134429,0.06300171682303657
-0.035358184463515734,-0.29111774133839785,-0.10185078528456364,0.013740948944552106,0.00839546765462415,-0.009511401224399842,-0.0006290120810462225,-0.002584476993955811,0.00012220487722889252,-0.0013738739494055872,-1.7810860362444036e-05,-0.015742600530790383,-0.0006399084938430262,-0.0001715476371233489,0.500516224134429,0.06377750275343376
-0.033696880941135425,-0.251641954675538,-0.12070725189014415,-0.016435929083752278,-0.01365970714064265,-0.010192243818339736,-0.0023487700020182844,-0.00407854886083449,0.0002955613998781775,-0.0019018601733922476,-2.2015806347564096e-05,0.001177718397467671,-0.00047387670831323156,-0.008065218144340686,0.500516224134429,0.03876524668697985
-0.005352665512414736,-0.2527342194102394,-0.08612595888437036,-0.021908287887591384,-0.04751489410617014,-0.03518725455541811,-0.0007449753086271718,-0.0021607077311168905,0.00026355019665691605,-0.0025680611143172323,-3.261864640900357e-05,0.004688689504916796,-0.00042620419100698466,0.0014215504675668506,0.500516224134429,0.05213416695589217
0.000991682782882324,-0.2795454237116861,-0.1097790636587348,-0.019999257611833385,0.024517647246070404,-0.025942598443878608,-0.0007935395227674165,-0.0031240080959173233,0.00016715887414792043,-0.0012608473253282336,-2.3568463711161773e-05,0.0039241525836701055,-0.0008165566541330248,-0.010496497549758392,0.500516224134429,0.07833550458345347
-0.033173702308217035,-0.2822475834952765,-0.10657064632991148,0.013038793573779846,0.006261506776778373,-0.0015459782806573877,-0.0019324091845233646,-0.002338560498860458,0.00031675034632823955,-0.0013132561060035094,8.938494851603718e-06,0.0030281000674107538,-0.0006589807662247275,0.0007670264716807362,0.500516224134429,0.0941562228955885
-0.05170786297303644,-0.2701892299984035,-0.10873605628599489,0.010573012146933064,-0.01827309869872109,-0.006183029775519385,-0.0023206935590343964,0.004108680681312427,0.0004548048474358504,-0.0012993638979377038,1.533547291729685e-05,0.0035447795175205517,-0.0005492411631989424,0.0019396925420742549,0.500516224134429,0.06189395299078008
-0.029539121329592303,-0.2717545350595388,-0.1132778489267064,0.01341929178403697,-0.009577288933346355,-0.008008499979469706,-0.00015870645495098327,-0.003636382455473813,0.0003656279675476886,-0.001442973978925597,1.0165752821609054e-06,-0.01572389537877612,-0.0005468712530457687,0.00120963594787914,0.500516224134429,0.061845672659353604
-0.010475046924876429,-0.2882293468063601,-0.12236700890615713,0.00805239703854758,0.001894959269423654,-0.002723954567694663,-0.0005054346028961668,-0.00240953238983735,0.00044737682512081286,-0.002291069766939756,-1.5369545901568963e-05,0.001837264820597381,-0.0006170848872803086,0.0015540266215706168,0.500516224134429,0.08466840031174996
-0.005019327573092543,-0.2911596380689624,-0.011066224394490298,-0.0037278867401204703,-0.004237307124244773,-0.062214829945738556,-0.0019410969393038205,-0.003525588151292992,1.976103545269598e-06,-0.0013180959984285257,-0.00012374513771724633,0.0026736914408827936,-0.0007304166390575355,0.0028426296930375047,0.500516224134429,0.12097036465944992
-0.009446761076710367,-0.2792301892929679,0.022356096147216238,0.00898116573154572,0.011862449841737734,0.003920073337576117,-0.0026530937055034304,-0.007194326769876785,0.00030466064431903416,-0.0007454062453716229,-0.00011004350299208494,0.003740145397711819,-0.0005873806844605586,-0.01372732063504912,0.500516224134429,0.2379862933216078
-0.07315848676589408,-0.2877961412897487,-0.009010452933019152,0.005380426322924657,-0.0010130688645088937,-0.017662860936761466,-0.0018809474996773407,-0.00585984989919692,2.6786451451312552e-05,-0.0007192177585331808,-2.776948757094544e-05,-0.017043307579741686,-0.0008695566699957403,-0.0024948331036444135,0.500516224134429,0.08838694412051522
-0.012036650458729956,-0.2660695470307112,-0.09944471204309709,0.010100131015751525,-0.01938752572035364,-0.010198562212699502,0.0033157952607831367,-0.003951526574593893,-1.3877306960110489e-05,-0.0017728940614638717,-2.9076128322228644e-05,0.001109770669634301,-0.0005279129623846895,-0.019931455199849703,0.500516224134429,0.08167818138143726
-0.006876505995506082,-0.2558326511065333,-0.0785629798231027,-0.015700121205885206,-0.046972131639169336,-0.04318620786039188,-0.0008895999488325049,-0.0003473836342151796,0.00010726271600340278,-0.0029217083911851284,-2.096238120297041e-05,0.004197616130118972,-0.0004641826662483571,0.002265725203943809,0.500516224134429,0.055312393532225945
-0.01751239660082052,0.38011287376081615,0.03688133576872057,0.023663084157244312,0.039521181097606,-0.028241437717124257,-0.00013153202819181007,-0.0012226849217398495,0.0005640787678912662,-0.00023843316013103078,1.8389976282382136e-05,0.0027890797705998893,-0.0004899487899167359,-0.009118018849338253,0.500516224134429,0.9271117953663291
-0.009831719132812416,-0.28669965958795723,-0.14084594688615418,0.012388422013111335,-0.0012395760190363478,-0.0005634249602747825,-0.006048326708324158,-0.003123574360336366,0.0004982885476096742,-0.002133498413252879,-4.941298365335378e-06,0.003950093682151884,-0.000511928786137337,0.0018135557571997804,0.500516224134429,0.06816398798185558
-0.018293570109675094,0.436904310396712,-0.027225991333528186,0.030124681066515818,-0.020688623342415252,0.005675753981299481,-0.0010381506492024354,-0.0024473412397488206,0.0008894567480930613,-0.0012642051114516567,4.4112584895314996e-05,0.0034216425851445968,-0.0002635321454664358,0.0034422419182875584,0.500516224134429,0.9097970094838932
-0.01220474166695264,-0.2632144340302564,-0.12561984226538314,0.006649695785075914,-0.007311698968282329,-0.003050480495802847,-0.0052026142768357925,-0.003094392702533839,0.0003413843175845641,-0.0021834277233600875,-1.8161843755646258e-05,-0.01414511301917606,-0.0004624850035815596,0.0028819660114842677,0.500516224134429,0.07388187825265763
-0.006009683958750174,-0.2894777156282712,-0.1166550150499728,0.0029622672887284064,0.002514035385064833,-0.0015009505948949745,-0.006781397320483879,-0.0027766447743756096,0.0007289857731941533,-0.0019785419968134346,-6.6008798852624925e-06,0.0033145176435816744,-0.0005245216335829398,0.0014098376845761394,0.500516224134429,0.08573479607254869
-0.00724360499371144,-0.27354879021161077,-0.10020636092310582,0.0032006429659552616,0.0022048643721075487,-0.04283283383443219,-0.000406451464152363,0.00016819519529698477,0.00015979810241693656,-0.00269873172523409,1.0112653668073253e-05,0.0036948734922923917,-0.000554541822015888,0.0027627398449902424,0.500516224134429,0.0852261357868984
-0.008916182898354434,-0.27281212662588195,-0.13776943837887312,-0.0003657446379188722,0.004580942580649182,0.0007266697836986147,-0.00032801799842167563,-0.0036645979605540854,0.0005888987518066946,-0.0016792233737308057,-2.2873162411167132e-05,0.004189651577636221,-0.0005105673156444317,-0.007100348206315508,0.500516224134429,0.07743326627011855
-0.03960498833469036,-0.2788139352238678,-0.0956447461154974,0.021716700200168308,0.0058812125036031785,-0.010198218122288773,-0.0013116727041734332,-0.002335693495802704,0.0002756885817348746,-0.001348063402616238,-1.626341292913507e-05,-0.012700609741687045,-0.0006957461596867932,0.00047931315519488893,0.500516224134429,0.08619920186189395
-0.0057846431399467815,-0.2628122345878771,-0.1383147960210281,0.006983853643226814,-0.014271226965660066,-0.0029123460117239305,-0.005097812950725933,-0.003210822105579742,0.0002794357275903209,-0.001866846638802819,-1.1357711367829253e-05,0.002744175410025687,-0.00040243539145837443,-0.021319525386304754,0.500516224134429,0.05451964200480187
0.007211638085768563,-0.25860879397936304,-0.08486081530200998,-0.014211966120296383,-0.0455184116054155,-0.04595142854117739,-0.0010373318584057014,-0.0004195265707539971,8.844529416035943e-05,-0.002447914448154577,-2.247319643836021e-05,0.005547777746448651,-0.0004209521323500967,0.0020078553994388984,0.500516224134429,0.06187232690588381
-0.006465182984819297,-0.2735033562284631,-0.13322327937827974,0.009734580077061331,0.0037238035921549166,-0.001262267458288665,-0.005364806132893532,-0.00260428384306149,0.0003258753285369751,-0.0015140594918149604,2.4323658950767813e-06,0.002960963036644979,-0.0005424671024260438,0.0019167234385520085,0.500516224134429,0.0947008993532322
-0.039699814288832465,-0.2594744070982658,-0.08390881442104735,0.013323851225983684,-0.008425056182877576,0.0003950161208977812,0.001564655081245755,-0.003611262480170962,3.2752594739357515e-05,-0.001143841319865347,-1.0539226666925648e-05,-0.010025608757212125,-0.0006100713173848092,0.0016482350697721543,0.500516224134429,0.11057131913474862
-0.0033108267727466356,-0.2728374442348016,-0.0041635455803339695,0.012306647067159275,0.0013197351785732502,-0.010134457901046294,-0.0017458579425226053,-0.007356698489896404,0.0005810841815114167,-0.0009424197524284147,-0.00011834865589810876,0.002973770724604771,-0.000678052202315004,0.0011366723046771535,0.500516224134429,0.21754648205896945
-0.018674574895696443,-0.26821204470554577,-0.10139043307394838,0.004132926813807302,0.0017229352191302954,-0.043074274485515235,-0.0012634994138866944,-0.00045923972569884706,0.0001642597700269196,-0.0022999697254425075,9.220569919739343e-06,0.004068337354268986,-0.0006135945336572788,0.0016158987719770046,0.500516224134429,0.07624217207417287
-0.04903699581151584,-0.2640185256990143,-0.11691662978134243,0.009966938993354211,0.010258281742058806,0.008163833325841335,0.0004930527151308537,-0.0035085953505562344,0.0003803052255341236,-0.0014743360665008135,-2.315557626089583e-05,0.002893465683453465,-0.0006652990823139172,-0.007637785895576678,0.500516224134429,0.0893907785567257
-0.02936173810194033,0.45458369367484375,-0.022447773732366196,0.037304540638509576,0.02252976921303051,0.001188507640992235,-0.00028707559659646556,-0.000723504453299844,0.0011023592829110804,-0.0007595377016904001,1.7201323306978208e-05,-0.011746432426857923,-0.0002729850527830513,0.0015101155939293742,0.500516224134429,0.953153364436421
0.0012908603224333817,-0.2613544017592074,-0.13926753568748884,0.0018656045010818159,-0.014668945090354622,-0.00514756304220669,-0.0038828111267480074,-0.0035949078785805725,0.0002531809820701984,-0.0021212429859600516,-2.6602700943613747e-05,0.0029679153193353765,-0.0003962132339795026,-0.02210983400952218,0.500516224134429,0.05432372774436353
-0.003924939388400392,-0.2360187442410407,-0.06603218018996665,-0.008603312982034294,-0.05226891863634997,-0.05230590185871638,-0.0002950410145783665,4.100444442631401e-05,-6.362121776982e-05,-0.0019524982426681917,-2.6134189059510886e-05,0.004007170731980194,-0.0005183192797548802,0.0019314132321974057,0.500516224134429,0.08448620130269616
-0.022851372649044036,-0.26776456244369123,-0.12554682608426992,0.005359690667255751,0.004111730017592491,-0.006104336784427955,-0.006046778099801416,-0.0027425813581319343,0.0004834210663986971,-0.0016929045867104928,1.1119953426444905e-05,0.0031018568022035176,-0.0005653209424204426,0.000978563449007228,0.500516224134429,0.0812479231418206
-0.011897286316253938,-0.24488691153458844,-0.16186799836720966,0.0032058467856105805,-0.009733909049012276,-0.008393180400960194,-0.00285891461386133,-0.0036989364700173045,0.00036840384128055293,-0.0018845274272257498,-1.0296111594564936e-05,-0.012740180971409597,-0.0004619138954584394,0.0006772038083576394,0.500516224134429,0.0463336234120895
-0.048385234587630825,-0.27215287395420545,-0.10708246549324192,0.01098618218737297,0.004787365611094551,-0.008849121206330673,-8.920792664789713e-05,-0.0036402034084200186,0.00041186867297835004,-0.0014417086500324902,-1.2422410056940572e-05,0.00225469043274275,-0.0007104325379297657,1.6172190641756268e-05,0.500516224134429,0.0766088330547673
-0.0036233899288288874,-0.25533045442856117,-0.11664117174742854,-0.006178899389613458,0.009621805065741507,-0.03177025777154638,0.00026761726418557126,-0.0007859659214103104,0.00047095868215915886,-0.0025445052503943093,-1.4840977893240037e-05,0.004726911024754774,-0.0005201827698249489,0.0012692580317788613,0.500516224134429,0.0994631060175513
-0.02918353594621124,-0.2584933428047295,-0.12215426367623075,0.012221424048223557,0.014597715970951072,0.009016714619545714,-0.0002836188003201861,-0.003055811282649406,0.00020277819832047086,-0.0012526668500824566,-2.1060360565916695e-05,0.0027838901955993503,-0.0006918708713733665,-0.008637638470172732,0.500516224134429,0.11556493810473854
0.006026349160295472,-0.24636070666075646,-0.1391658177695939,0.010014186108575027,-0.018144414216423644,-0.010707998914500687,0.0009596934018053812,-0.002478409506869773,0.00019156321374539674,-0.001858591995217528,-2.25001144118325e-05,0.0029664812114689396,-0.000407587566745954,-0.018218948276407933,0.500516224134429,0.08330952220939572
-0.005361099026937487,0.43466018997605504,-0.006805000241992371,0.010061572808239761,-0.04867179916466318,-0.04679601678330314,-0.00024747624297267513,0.002253772747648123,0.00062898592008125,-0.0007623426057493143,8.932278335450806e-05,0.006256306929479111,-0.00020817537448638445,0.002187182117993659,0.500516224134429,0.8478016479771822
-0.004960126501313546,-0.2675657911772438,-0.15557734008181665,0.012539410165278498,0.0021386447721204976,-0.0072789040292401365,-0.007827920698521689,-0.002746563598680881,0.0005206127044666694,-0.001601989457656182,2.125511706159428e-06,0.0035099236755591736,-0.0004852325633343065,0.0013437667884270473,0.500516224134429,0.07252683964418463
-0.007108704601162873,-0.24784368848259714,-0.14404335579025854,0.010437780316472828,-0.005185751374626059,-0.008574432452681385,-0.0028674884436319784,-0.0035175188396320283,0.00039051545431830723,-0.0018080618139031622,-3.760462756151125e-06,-0.014682059539008127,-0.00043877380182936126,0.0015800416206004217,0.500516224134429,0.07685096592373798
-0.008297629797389404,0.4326191083154423,-0.02861440590781524,0.028547054143363993,0.023205155395288456,0.0073481895665679225,-0.0022118420729353573,1.789366224381628e-05,0.0014454525818354243,-0.0009325469214410623,2.451442685168207e-05,0.003092681084921316,-0.00022874615565601664,0.0027244102518566822,0.500516224134429,0.959255512707567
-0.006206949996686953,-0.2482168954088353,-0.1263345244618999,0.00032268453393794974,0.0038054875483441745,-0.04223892072226134,-0.0006162012773511232,-0.0004549683468141076,0.00017449596476170918,-0.002654961358505906,7.125646289985058e-07,0.0033116263917475778,-0.0005293545287997876,0.0019512408587310192,0.500516224134429,0.08282969589543007
-0.012947361989917607,-0.2535861862586515,-0.09679281779070358,0.00470368222040089,0.01425697143952298,0.008756544857004202,-0.0008099297567140854,-0.004429808668322652,0.00014141743198634293,-0.0010829774801126959,-3.0822313742475485e-05,0.002843991817233684,-0.0006294530515530472,-0.015464908762590684,0.500516224134429,0.1454445658282736
-0.013291885748125868,-0.21736979460597983,-0.17565207156327772,0.015703173202830857,-0.007881058920191591,0.0007129818153482916,-0.009177184611873496,-0.00448947886309317,0.00044356022504029766,-0.0027408510660744015,-5.098388123436206e-05,0.0014082450101284417,-0.00042613367441636795,-0.011402184739190059,0.500516224134429,0.07630255671432339
0.004686852328920881,0.3775720410110892,-0.03197381564060475,0.037580386750048114,0.021221686835146133,0.007410282264796301,-0.002415120516796946,-0.00011307756945861115,0.000877502074410044,-0.0007396726424855675,3.623275986607089e-05,0.005378782168506113,-0.0002545647686314138,0.0026390153587968652,0.500516224134429,0.9224227545480359
8.79988524357444e-05,-0.20821489867800821,-0.16428693850966894,0.007645986619439758,-0.0032155260927071343,-0.0035603876293955777,-0.011079025268151582,-0.002675282870135948,0.00033181735258938427,-0.0016239250302822284,-2.8007299531972882e-05,-0.009888949191479679,-0.0004470618762915438,0.0018855979213573788,0.500516224134429,0.10544762243460214
-0.022425649429332284,-0.22891904529381019,-0.129292526066246,0.0029160424459653794,0.003976897643293638,-0.04054134997009769,-0.0002765907129358327,-0.0013807494660165794,0.0001726509491231664,-0.002165410653096379,1.2703966360862611e-05,0.0030557371934441134,-0.0005375320447091733,0.001503729215528755,0.500516224134429,0.08661513191190412
-0.018918403451484572,-0.23719040246638953,-0.1386936286003203,0.015044744571453529,0.008655212246342872,0.005867567935314125,-0.0003900082447157425,-0.003509652812359027,0.0002441542239597404,-0.0013447988813433229,-2.3908785434346823e-05,0.002319168879185918,-0.000665291190376278,-0.008152648406965592,0.500516224134429,0.12375832915130122
-0.01244726247326805,-0.22512433441603602,-0.15427873745457507,0.00802666425359169,-0.013872099408474411,-0.010848541601857777,-0.005218371006182388,-0.0036580220180923353,0.00021277623115239613,-0.0024282793472255636,-4.6895049946737316e-05,0.0013891206857952131,-0.000380604274917212,-0.018762096419068217,0.500516224134429,0.06307954183532886
0.03289109297118407,-0.01253619817465196,0.13745625097849717,-1.9880120453053747e-05,-0.006828336443796846,-0.007452150882583677,-0.020922742718650116,-0.007790958371118888,0.0005117364701521653,-0.00044059134665201644,-8.231776537268054e-06,-0.01831613748801788,-0.00030028675444015475,0.003913933535372363,0.500516224134429,0.6006737240127353
0.03760619217649538,-0.06261098359862324,-0.009583150407260651,0.02331776614139137,0.026412118911649553,0.004965295074587346,0.0020555755829235866,0.0020324408452184967,0.0010344917735606175,-0.0013369129953886554,5.648575591627883e-05,0.016095540700070642,-0.0006298565569872257,0.00619498999295419,0.500516224134429,0.5461262175309404
0.004260074248581212,-0.0029011828834725976,0.08530122240223659,0.009446407196201788,-0.0065087793590357145,-0.014276077538640195,-0.0009233514218827184,-0.009191405433091084,0.0006410174003503084,-0.0002113726712843561,-5.3816146670912064e-05,0.0012677265274939255,-0.0004442707831046872,-0.03989489680892115,0.500516224134429,0.5270275188631929
0.007239354845210928,-0.14335287383363954,-0.1952588185403514,0.00978366759763225,-0.015071842041547493,-0.012751574496751825,-8.334920779881452e-05,-0.003339498113114875,0.00029671043242162964,-0.0017363085849308785,-2.2840247679896847e-05,0.001799997257703631,-0.00035409908142313085,-0.020629436249462035,0.500516224134429,0.12703531387070102
0.03472162279525769,0.06211407098755325,0.14092525210970927,0.03115908175441289,0.008193999969644046,0.0032897566264988892,-0.003062111666101404,-0.005593796411555409,0.0006691875838290525,-0.0001539713920465184,1.0723619796576566e-06,-0.011038214209289049,-0.00029550250859668766,0.004118469564669405,0.500516224134429,0.7655651417003969
-0.04647017112222253,0.011548684031351229,0.07151668914197018,0.03276515516613941,0.01923923620631728,0.008525867168017365,7.135290186257082e-05,0.0015702241510021614,0.0005014697408584902,4.7751415032600976e-05,-4.7062941971823017e-05,0.0058752625092638395,-0.0005742968676298505,-0.00017170289313704973,0.500516224134429,0.6049146827412862
0.04603276662572513,0.09665466988692288,0.10166677858884599,0.03495451353619452,0.011129325212636073,0.016146704823984673,0.013295784920447817,-0.0020251838885158905,0.000639296735590387,0.00010345405858462167,-2.0251421169821535e-05,0.004266050824600391,-0.0002633602811490676,-0.02839539785185128,0.500516224134429,0.7947013759052792
-0.05643947460694741,-0.23427699519112527,-0.053464604595931615,-0.015032915567627493,0.00721677561208584,-0.010220947555204767,-0.0035398897457319892,-0.006236920630390011,0.00045802470140680136,-0.0006440693469145157,-6.13548965863434e-05,-0.021625519719032555,-0.0012024347435182878,-0.0011498570195747936,0.500516224134429,0.10429604082933994
-0.07952485549495332,-0.25668247281241313,-0.04309233664562034,0.006454127653219067,-0.0010568091768439444,-0.027016571565894463,0.005998241172117941,-0.007216817047286938,-9.163333046656212e-05,-0.0014179423839575872,-1.4877429784107364e-05,0.0007928846987460302,-0.0009842402355505523,0.00031727602561817123,0.500516224134429,0.09698019756136349
-0.08331727375730753,-0.2689453292797123,0.01605552139131003,0.010357462519897281,-0.011846215611584065,0.001979500956185228,-0.0057213625617074364,0.011374401343104957,0.00013590588943254483,-0.0010219157572418651,-3.53151242570977e-06,0.0025101723926943854,-0.000745831102218308,-0.000983667382968173,0.500516224134429,0.17034406166189192
-0.0076157861663339755,-0.2502127457544876,-0.034888134016257046,0.018142959943696566,0.010724574113714603,-0.09789207627021793,-0.004302167926264935,0.005420291547787113,-0.0002453983309635586,-0.001322411003526562,-4.0447462559316446e-05,0.0004987766506219888,-0.0006471957598493009,0.00032164233003941693,0.500516224134429,0.13845810602983158
-0.036575200125406,-0.2506865419297218,-0.04340716683860476,0.02049359310861761,-0.07133573997465818,-0.004076903740907097,-0.0029325755687082027,-0.004646750508382142,5.0286075010198796e-05,-0.000822979894481702,-3.041116686918446e-05,0.0033606750535882858,-0.0007627544349630362,-0.0077711649429622965,0.500516224134429,0.10137258924598404
-0.07570367338930938,-0.22320272595957477,-0.07545178376060874,0.0034326725243914915,0.004811211157492962,-0.004758082078112747,-0.0038172732595768777,-0.00483184868422457,0.00019609353530036856,-0.0006919153094301522,-2.8702127033119545e-05,0.004733276828654093,-0.0011492679517296934,-0.001338302046895805,0.500516224134429,0.12271590361377521
-0.06182253183673696,-0.266044400019351,-0.0409024377711727,-0.006302722009662757,0.0073986478783145074,0.005396044428442881,-0.0026714774085655644,-0.006459434687810577,-0.0001149425222814783,-0.0004533264391034116,-4.948083052823682e-05,0.0009893669602707269,-0.0009363480283817503,-0.0005977927380300189,0.500516224134429,0.12794538910983738
-0.016928957043947864,-0.20948246627934033,-0.07106363898976459,0.06735327532344196,0.008133267926932792,0.011501431034036775,0.01720445257520552,0.023761841353595166,0.0004049798114770878,-0.0007132138435246405,-1.6889235143246038e-05,0.003795445340694387,-0.0008295120193976941,0.0002631145068132332,0.500516224134429,0.3338993545955116
-0.05865614214793463,-0.26144992947053436,-0.012447034740578317,0.00858779893995118,-0.014065490372020548,-0.02201959410137969,-0.0038278545079452717,-0.008223077165337373,0.0001655712091559959,-0.0006914525869984605,-3.0192754676360753e-05,-0.02328206949126339,-0.0009435976997138283,-0.002878342439412311,0.500516224134429,0.10075481680574548
-0.042017704439170106,-0.2629282161619252,-0.04536417125308553,0.011853753172037608,0.005878514760849396,0.0008857581996654064,-0.0024942152825698687,-0.00637275745395709,0.0001195988929492511,-0.0010017383066297807,-4.2390681898211635e-05,0.0027079669824784723,-0.0010681875787276634,-0.001340658938472198,0.500516224134429,0.1593317760459783
-0.08036833974715488,-0.27986468093436406,0.007066226767731691,0.008332653315880281,-0.004843294174022107,-0.055744966931696616,-0.004233942386906715,-0.0045158730334557565,-0.00015418669112203683,-0.0014100595151342956,5.817801689602912e-06,0.0022377154124726957,-0.0010265031448933332,-0.0003742148052376608,0.500516224134429,0.08562257606822034
-0.07208005310103748,-0.22124724373847132,-0.0755099363890444,0.0011773168584859907,0.008186301808014886,-0.004339145484603568,-0.0019472084566353148,-0.004619977663364544,0.0004112901425962283,-0.00048499815091045107,-5.1815006372284886e-05,0.005344940914922618,-0.0013154191988836723,-0.0010378240889428111,0.500516224134429,0.13300245258018625
-0.06675158614977708,-0.21558377969748277,0.1137537509328627,0.02810735790735155,0.02575768746017027,-0.002497072277519807,-0.0032467625432410756,-0.004762228261793205,0.0005687346383901622,-0.00018588571193031215,1.1980123363286323e-06,-0.025581724753756505,-0.0013114122620945926,-0.004054580694592763,0.500516224134429,0.3447299207333554
-0.08884941808624805,-0.19663570198232885,0.09846384008385262,0.016846791589981997,-0.00015501338189783512,-0.036109995244173215,0.012748842138245632,-0.0057252689692035225,3.003942963186039e-05,-0.001018806128270621,3.290715733210678e-05,0.006104744018746812,-0.0009215068949635536,-0.0008674706970428995,0.500516224134429,0.30446020716809524
-0.01274411282256976,-0.218859967713246,0.09838866224694079,-0.0014458707875605026,-0.01362783699160909,0.00022576757282797137,-0.008508047584148516,0.01020566830336114,0.0004451638649743101,-0.0005110616130021208,1.616227293735992e-05,0.004947323424295903,-0.0007037706874178975,0.0002465828486216872,0.500516224134429,0.35859088646883813
-0.018957941557763737,-0.2076321617335717,0.08799596545867981,0.02252133498741343,0.015958719430738365,-0.12684030090849605,-0.008309005440482464,0.003529780669164659,-2.7815800460749568e-05,-0.0007055298398983912,0.0001788313045293915,0.004111070478709196,-0.0006023267294926327,7.73519421328525e-05,0.500516224134429,0.2718141963956349
-0.015727301339329185,-0.2150844638552274,0.05376245803001041,0.00888181066487912,-0.1033430862211117,-0.005652894851332142,-0.004455267423742353,-0.008321164799613768,0.0002768100570726273,-0.00033236617711010535,-1.4447149651970836e-05,0.006684075653589648,-0.000704294137425794,-0.005214165275202814,0.500516224134429,0.21127192731023697
-0.08026976839670673,-0.20138372035111654,0.09910882072652576,0.011981784512036792,0.006131081053877289,-0.00317959353757777,-0.005572323081732048,-0.001402371169829739,0.0004693409951542559,-0.0004920508380958957,2.6903835832946346e-05,0.006990213576049261,-0.0010142283036135016,-0.002576659567332673,0.500516224134429,0.3293336535879041
-0.034455323526058776,-0.20818261079329725,0.10876719392032182,0.005954718257092085,0.02104987329490958,-0.006154208533057802,-0.004610055401009356,-0.008795595142672195,0.0003546085459775208,4.301908938484496e-05,-1.6220416796355502e-06,0.004072391493760921,-0.0008946264879800173,-0.0014150276237561506,0.500516224134429,0.37624895918636925
0.018946185946576967,-0.15879688292610983,0.13742402174981158,0.11607234244962598,0.017331828324333675,0.02480925924020017,0.02419995100452409,0.027492692616923376,0.0006964761221739721,0.0004686967109902142,2.3898250612240464e-05,0.009008728866743457,-0.0005318949631469662,0.0023473002561989562,0.500516224134429,0.72000882778389
-0.025281882487329547,-0.2110565285742668,0.10849820585999201,0.05480124170485084,0.00581447334523548,-0.019061421296135334,-0.004830439212163867,-0.006149057305826073,0.0004534125839633932,0.00015562513356000274,-1.188670121479279e-05,-0.02981450209451671,-0.0008778351532143878,8.020741032290139e-05,0.500516224134429,0.3732358373476901
-0.07921383415148203,-0.20044661103405872,0.11472118550235359,0.011207924369822446,0.02869423824093736,0.0022911344859258107,-0.003906178845633897,-0.0046472769507334396,0.0004906590553797423,-5.167042177398907e-05,4.14053814591931e-06,0.007636697965735775,-0.0009816514614607932,-0.004274795796098981,0.500516224134429,0.37204018563149177
-0.04310433820887089,-0.21226830503743097,0.06792152277519585,-0.012238759398945549,-0.007559039101940055,-0.08645393216407815,-0.006870435498313285,-0.0009830852478996486,-7.559441168107868e-05,-0.0005999344062242326,5.3747431101589145e-05,0.0057936382949007196,-0.0009129041338755831,-0.0024714918583999515,0.500516224134429,0.20074731316797206
-0.03613652068847065,-0.20125518712186255,0.11510966232440839,0.032450072445188195,0.02568907838362952,-0.005123418846124408,-0.003554963865374283,-0.00444461808845019,0.0008753577089797147,2.5387327141012257e-05,-1.7888322317608495e-06,0.006960198943738624,-0.0011219742381706962,-0.003757180665150043,0.500516224134429,0.42623032892168433
-0.04774927499819024,-0.27462846928522744,-0.091504538098652,-0.020802290564383333,0.012699698390927936,-0.0017966174541976018,-0.0010314048561775445,-0.003037876167728441,0.0004527185551502106,-0.0014105139174776132,-4.4240825883420886e-05,-0.01509606994875177,-0.000624140937007309,0.0002917145502658776,0.500516224134429,0.056234918577098926
-0.018847122918000257,-0.26880407816479795,-0.09849537760658918,-0.019943184965302833,0.00045489718332538423,-0.025218644551324138,-0.004996603591476099,-0.002477258590709337,0.00036039527860968654,-0.0019148426958726815,4.574283001675548e-07,0.003916463532291835,-0.0005174601987200144,0.0010491571757457981,0.500516224134429,0.06508302144991295
-0.054922337913788255,-0.2698736777683647,-0.021138036661335294,0.003855734396451163,-0.01312024362787109,0.0037415465605466743,-0.0036791100827971985,0.005487835147156341,5.84956234722086e-05,-0.0005726330763247076,-1.3189379818443343e-05,0.0020558694546502724,-0.0007907779854443802,0.0006841818325558748,0.500516224134429,0.15228988065352161
-0.014962145985548283,-0.26556066918954035,-0.10203755848935345,0.015268197230969952,0.005959587646388368,-0.0507536993849777,-0.002350569599061244,-0.004544846528161356,0.00021913168673437663,-0.0019214133833677458,1.9690132957883828e-05,0.0034236864271074184,-0.0004894873440349944,-0.00012076602791447728,0.500516224134429,0.082665361326631
-0.0445286577364313,-0.25955066196729765,-0.08748376351375815,0.014172237173434458,-0.04530858299243091,-0.007590723156314147,-0.0009978553948151924,-0.004687581007328843,0.00031573612585965283,-0.0015317311908447768,2.089530215519871e-06,0.004026431493955881,-0.0005073599264027449,-0.01209809633311735,0.500516224134429,0.05474770523915914
-0.04803888000290227,-0.2740727806037959,-0.10172267529295344,-0.019331990721313815,0.006710770943727079,0.00192053062739542,-0.0011811734969880971,-0.0020773688738191342,0.00029708022280111883,-0.0010404033461440462,-1.124843260584234e-05,0.005928644128645259,-0.0005296742207228588,0.00021411581729388336,0.500516224134429,0.06758117088304991
-0.051571437850216846,-0.28210117838330456,-0.12343728600788559,0.013730891730464415,0.004015355614438744,-0.004232820772866803,-0.001715283573846592,-0.003879066401077785,0.00016324808469626344,-0.0017458874587682359,-1.618917008377336e-05,0.0021746391806260323,-0.0006164295428982731,-6.831666301782845e-05,0.500516224134429,0.05121646292069329
-0.0064680695268618926,-0.2925760463701123,-0.12224248444908585,0.00916682870875341,0.002151980736405032,0.003269928758423166,-0.0001555463392164883,-0.0029419580689539404,0.0008366506701913157,-0.0018223121289142202,-8.914820697855833e-06,0.002721363490849495,-0.0006884291084974527,0.0008820555143702483,0.500516224134429,0.0926412712010862
-0.031349005318426514,-0.2724847484747156,-0.081461470161207,0.017871426535421012,0.002328681146382401,-0.030743902523525674,-0.0004370477009598548,-0.0030823168035185736,0.00040205797949614634,-0.0020226742984401796,3.556290599701826e-05,0.004258370200550151,-0.0007463989280927611,0.00144464333528403,0.500516224134429,0.10452940202867829
-0.03300144267531682,0.4654724928365221,-0.041414320999277054,-0.0035934468462832585,0.02846157364586433,0.011609450059179453,3.857366809782305e-05,0.0006150675611724982,0.0009624673315345812,-0.0003140781112107221,2.7705874641350485e-05,0.005583147015521513,-0.00020718270066291415,0.0019375698551206016,0.500516224134429,0.9366938006493352
-0.03766297943992775,0.4111518708685266,0.05572450378509055,-0.003067439943372083,0.026906734830153257,0.011019851333119808,0.0002569271769589429,-0.001359270057726246,0.0006448968291612782,-0.00032268414724488973,2.2064790973236908e-05,-0.005105200023155078,-0.00030998059206543754,0.0008063706334100435,0.500516224134429,0.9592218901783336
-0.0032644968457601104,-0.2728157084528634,-0.10656384229262662,-0.010442163977901655,-0.00044886194738826316,-0.030963713951568845,-0.006073398653990346,-0.0032413987254859343,0.00019099603400049762,-0.0022036984856513737,-3.0956160036681703e-06,0.002566188655133578,-0.0005508034004979236,0.0019093685541691158,0.500516224134429,0.06861159502799805
0.007648033274676975,-0.2614961944140017,-0.1022909598225551,0.008302745784008372,-0.011519211991991954,0.0013770363406699062,-0.002372225625948341,-0.0016431782414148435,0.00019705962195778294,-0.0010263948616682818,-1.0297407349714621e-06,0.002286824862854015,-0.0005503319674916652,0.0025066128691255177,0.500516224134429,0.1419350102219189
4.2465480814270066e-05,-0.25727375701950933,-0.07672607526039688,-0.008418533760019923,0.0019983738457280717,-0.09403334798467575,-0.0034673289316954825,-0.007213757935132472,-0.0003035579604896893,-0.0013992072900133015,3.424076126147333e-08,0.00239409376238381,-0.0005857337860645635,0.0005963433491855526,0.500516224134429,0.056126234885307824
-0.04391472890614569,-0.26977010106096133,0.019852012187241082,0.02361945349517002,-0.06501186997989893,-0.005045875536921233,-0.001669733969170232,-0.0086215187397971,0.00012635944481504126,-0.0011212614431118637,-1.838780263430183e-05,0.0016224367843937606,-0.0006586043342900656,-0.009272422901455198,0.500516224134429,0.14063198137166683
-0.053290714874508364,-0.28236481765070387,0.031587010907523756,-0.02374956862090913,0.0022749940174062217,-0.001027680141677642,-0.0029010713037181395,-0.008245962090038233,0.0004462466424528702,-0.0011119722548102323,-3.1627040600701214e-05,0.00178197580881455,-0.0008862050612144819,-0.0014602515149196344,0.500516224134429,0.1615365809575299
-0.028833342631861436,-0.2755550252449686,-0.09711444096694459,0.00679754783038339,0.004299936959088311,0.009696552942771552,-0.00240889133408343,-0.007209955595068402,-8.949898283384769e-05,-0.0012337608543756355,-1.8161931709707274e-05,0.0010354469297149144,-0.0007675535575279361,-1.8974611166037705e-05,0.500516224134429,0.10909610308585238
-0.04174833148472363,-0.288852071451318,-0.09761112042845936,0.012988700926076228,0.0034980227998040775,0.006826252984397858,-0.0010224270270376564,-0.0033825107500633574,0.00037071308987333967,-0.001153122888416193,-1.7283070624957793e-05,0.0030159439132180408,-0.0008847021193785623,-0.00033078742998340216,0.500516224134429,0.09221350119779703
0.0019612577679947066,-0.2894189665975499,0.005404100060796299,0.00037802984259650363,-0.005826132113229809,-0.0658699505321693,-0.0005259214256808535,-0.005884613739276633,-0.00019284444017958043,-0.0015437776895105143,-0.00010399038174887916,0.001243810986688122,-0.0006482727696922993,0.0029808980522754384,0.500516224134429,0.14246985115574692
-0.03524489492013473,-0.26017774954446543,-0.09856814919678213,-0.014971643636847904,0.0002682847711644023,-0.03159581431036182,-0.001957832690097945,-0.002412783065768764,5.085223433506158e-05,-0.002319396255348477,-9.708663052226293e-06,0.0034366598836821586,-0.0006365172263060405,0.0009465561442946644,0.500516224134429,0.05732408765874321
-0.013088096577261137,-0.26230920561322696,-0.1475028347966515,0.010322969835707185,-0.010809029233464185,-0.005791699101251631,-0.0018090803178250224,-0.0017948224347976468,0.0004733680879261595,-0.001650960059641005,-4.9660335847601225e-06,0.00402875518246473,-0.0004882313573766041,0.0016886558051658568,0.500516224134429,0.0717810475206164
0.0008031110760494107,-0.23751105843894527,-0.08341344470638097,-0.010911836439568874,0.0013364577564223482,-0.10008255128930342,-0.0033171060579509975,-0.008547741189985518,-0.0002581370961036824,-0.0012121956535068668,-4.133699756912759e-06,0.001917646970743645,-0.000541572355662787,0.0005858034965988034,0.500516224134429,0.05935946650708093
-0.009489163140255474,-0.25280951833737403,-0.10423054472115398,0.009240816694415848,-0.04210972246735322,-0.007728057319734413,-0.0005811165310238486,-0.003784819949373402,0.0003492274566315588,-0.0024670665448896724,-2.3241516032612417e-05,0.0045611239651932815,-0.0004044326010632217,-0.018330127736396497,0.500516224134429,0.07270958138602407
-0.02827808845879756,-0.26978046644116965,-0.10609354095056407,-0.025331552712971852,0.005613047492040572,0.0012005565713791634,-0.0011312632817553534,-0.0020528956609708435,0.000430832211114272,-0.0015897204767581876,-2.312315402249964e-05,0.004415502581595353,-0.0006005677885010591,0.0009965175208089907,0.500516224134429,0.07829146158586092
-0.04026936833654691,-0.2803462599929021,-0.1039720614582472,0.01805461365408608,0.002471401415964903,0.004064004299925614,-0.0010765767330456028,-0.004244945721118942,8.574673353018434e-05,-0.0018700927581865876,-2.1348340536357688e-05,0.0005450266823653014,-0.000653063738048077,-0.00036340644022249315,0.500516224134429,0.09291989340145194
-0.04376335310174798,0.41225168633226766,0.03294558830960381,0.018129050921626536,0.02426323883581639,0.01249013888493906,0.0004798163020297123,-0.0021009341293913167,0.000761973295323334,-0.00023461014565386997,1.757926161828469e-05,0.001789256643260679,-0.0003815894422485059,0.0011792393782370555,0.500516224134429,0.9583433054801133
-0.029571138290090348,-0.2618166134390544,-0.1015449083992332,0.006800572142897074,-0.0017447436561301474,-0.04715228544774725,-0.0013092533283893147,-0.0004003557225982834,-0.00014458657933646006,-0.0021035229157966863,2.052807855499184e-05,0.0030743636161688482,-0.0007735793698512337,0.002459783313438859,0.500516224134429,0.06631048413726665
-0.009495056472639228,-0.2563165901880014,-0.03465166257042366,0.0022554270335964576,-0.004812784468617654,-0.04056069302985862,-0.008619825576568872,-0.007494332117733059,0.00022308590320776534,-0.0017711138404834473,-0.0001570571712918428,0.0019258631903791932,-0.0006480110079146403,0.0016755554566857923,0.500516224134429,0.14206902927476964
-0.030874304757627213,-0.25665013859451363,-0.13150967494922775,0.004072661845006139,-0.010764344237243052,-0.004724733542109077,-0.0016488028745260685,-0.0014791794979231961,0.0004117224117845982,-0.0013317617382078719,1.0024123961574867e-05,0.0032838815209660544,-0.0005363187554579861,0.00133619396213787,0.500516224134429,0.0701114490514542
-0.0006679252512817105,-0.23715425838633394,-0.13421784341800772,-0.0039384627467838745,0.0029970454287730555,-0.07005913615884113,-0.002581951796598767,-0.006752047135198765,-9.890142529616446e-05,-0.0019695240638133546,9.20483778163718e-06,0.0023492437614137805,-0.00048120606376300944,0.0005400989736592752,0.500516224134429,0.04849056069014259
-0.008510502834181944,-0.2485659051757077,-0.10770947056964397,0.008359922932334866,-0.0422480795725571,-0.008347719501547658,-0.00027670544965190233,-0.004007343787568619,0.0003491448643772307,-0.0021342301009820703,-2.4523098295827473e-05,0.004356901164850923,-0.00038135999542138855,-0.018578452964013618,0.500516224134429,0.07279790004642515
0.0017719276493049821,-0.25017485888830043,0.055163309864114614,-0.01625003217559848,0.00803915638913105,0.001019207091874377,-0.0031106237736344194,-0.006945574319852948,0.0006550966467845883,-0.0008677278600203074,-9.051362810514535e-05,0.0019820922077744374,-0.0006817345458173091,-5.463413775085517e-05,0.500516224134429,0.2909713146543365
-0.04823285826295152,0.4062645876097208,0.013536251200565954,-0.0011261759118809062,0.024872494644454013,0.005075925248334383,-0.000175620745972129,-0.0012868501517811224,0.0003473625600368711,-0.00021066985562666235,2.3889050014573884e-06,0.001275516020159876,-0.0003054275838770033,0.0011587980140021048,0.500516224134429,0.9017119458246198
-0.054195686629224485,-0.24549905103009784,-0.015381975967799893,-0.002684496819264897,-0.007415604618519316,-0.07004928834310888,-0.001195622367374444,-0.003423046205854577,-0.0001876393387107028,-0.001124327292729221,3.3199030157041506e-06,0.001310104091520129,-0.0009216616485616184,6.821402716319181e-06,0.500516224134429,0.09975806927043906
-0.03635496306820258,-0.24037867452437495,-0.11301401836029958,-0.014296755710562008,0.0018318743175462292,-0.02888684703173162,-0.002321867081557356,-0.0016384513009756075,8.424476231145741e-05,-0.0022799627991710535,-7.709073501889505e-06,0.002413868132344237,-0.0006099349448188013,0.0011426633341503074,0.500516224134429,0.06619969078558899
-0.008288913602370926,-0.25151697425561287,-0.14802848456929513,0.0064802232181027895,-0.006386518221712923,-0.003629972579855577,-0.001126355843213284,-0.0023131215630904606,0.0002202765442786574,-0.0017812282560324823,-2.117764996815783e-06,0.0020031829787262208,-0.0005200023660850062,0.0022301085967074935,0.500516224134429,0.087856326449983
-0.012335220837508702,-0.22172124389939554,-0.050834921602428876,-0.006782102913851725,0.006424128807713644,-0.10074305013903422,-0.0016162416865208775,-0.0029850768241194824,-0.00024700570523471607,-0.0011575516805029768,-3.948889827973701e-05,0.00147174695464645,-0.0005716259184680133,0.0003691972641237474,0.500516224134429,0.10974776705557109
-0.015885727565058426,-0.22249092517956237,-0.08506879370373437,0.013474936339243317,-0.06455892760198628,-0.007940052236098399,-0.001027742183841668,-0.006060233540013794,4.314399157570431e-05,-0.0017743204848934308,-4.025834416774384e-05,0.002386512000940295,-0.0005542525676265627,-0.018162496428287638,0.500516224134429,0.0928570866309208
0.0011241903727538082,-0.253169655973722,-0.13039440662323795,-0.019066233483709675,0.014677571414577418,0.0015946475618507294,-0.00021261921741681894,-0.0017517242087694517,0.0005221849804284497,-0.001661403182643295,-2.1454502252101682e-05,0.005965352785299083,-0.0004198015560756461,0.0011678145188768463,0.500516224134429,0.11887068702039208
0.010251481516595395,0.4188421035980233,-0.024563952248919853,0.031007375273248837,0.013536632312372024,-0.025297453593217653,-0.00015083083426759735,-0.00018895736212850726,0.0010113114273507088,-0.0006550455359029195,9.554846948150662e-05,0.006443081556880985,-0.0002055045429925798,0.002394965175619059,0.500516224134429,0.9330369793465756
0.006935715176706187,-0.20581105711238087,-0.0345427084264807,0.000663446024446523,0.0013249378151737265,-0.035673230650621536,-0.01707962704244344,-0.013394158634018615,0.0003342153956658981,-0.0015726295116831447,-0.00010833154262073429,0.0007698914387945762,-0.0004845645960603566,0.0015817730590782558,0.500516224134429,0.2034598955279885
-0.012308623230518798,-0.2243567886255955,-0.15053649403282277,0.0062549707281378646,-0.005124546469499092,-0.0046870888685845505,-0.00022432760391252166,-0.003239768825161664,0.000280444902359776,-0.0017461326734984923,1.2165709828522842e-05,0.0013361845967311112,-0.0004947170065511624,0.0020644924248647747,0.500516224134429,0.10774599516021026
-0.012925038843333146,-0.2247154456837092,-0.14168857811426874,0.004063905855027862,0.0052570235944153524,-0.06319772341708818,-0.0017265423096873792,-0.006196922213425055,0.0002146013326076291,-0.0019698511110890667,-2.265979187313791e-06,0.0022657374302376652,-0.00045355042551676564,0.00043004304824353646,0.500516224134429,0.05987161729766026
0.005280540858481427,0.3476646223364988,-0.030050133295866054,0.04542966744927619,-0.044502038047064055,0.0037644363198436033,0.00028190554621279737,-0.0008660085213885974,0.0008185888589124904,-0.0008570966194071161,5.801484053931733e-05,0.00928146491092741,-0.0002293511694821911,-0.017231422821524126,0.500516224134429,0.8193594147803926
-0.03837273837582212,-0.16322035760173972,-0.15051439520878093,-0.02453858151584384,0.0039049958273338903,0.0001338462544897979,-0.0005284245638555966,-0.0008850010371409122,0.0005097799318775813,-0.0014387172680109736,1.0000237303462807e-05,0.003220511299645066,-0.0004818157741281799,0.002112693056506449,0.500516224134429,0.13042801939626686
-0.009024633892922941,-0.1494614787588206,-0.19351653638119887,-0.012507435341088256,-0.007133613878084583,-0.02968434767572711,-0.01092445934009573,-0.0022825611883510004,0.0002193377077958051,-0.002276530887147733,-1.804882537310225e-05,0.0019219268529148273,-0.00042619096228062455,0.0017984636855681965,0.500516224134429,0.0872001152496205
-0.008559452418232314,-0.1559357363187382,-0.20175115927017387,0.0007239207554381264,-0.011402454280906962,-0.008554550818325788,-0.00041581476799343157,-0.002202464737386721,0.0003619524456259642,-0.001885644567624479,-3.920669320985497e-06,0.0012855416839293256,-0.0004646498525961362,0.0021971875032858095,0.500516224134429,0.11390897882141142
0.00522318313766262,-0.0718525188063695,-0.15843553188758508,-0.023242127789292435,0.0006728081159333486,-0.08650395869698825,-0.0022499387055514588,-0.009021005443920269,-6.086993871707671e-05,-0.0008319698704012826,1.5072673220585289e-05,0.00010600939581807965,-0.00042247541611908755,0.0012008895011883917,0.500516224134429,0.15511379040331125
0.02257164933792466,-0.08453545670951532,-0.03332879887142463,-0.012352142799507517,0.026525800078734764,0.017544991266354257,0.0007334852175666375,0.0036377559675053925,0.001065591704614401,-0.0009707951656403998,-6.083031549309308e-06,0.016740735532548533,-0.000570414440322166,0.005873076984009059,0.500516224134429,0.4634456192057313
0.011300740082316001,0.0793131001873269,0.11790197106297727,0.013078624108760293,0.009561719853898035,-0.003956247274100191,0.004065173742031966,-0.0018178053956403265,0.0008379028027820047,3.389138298366479e-05,-1.4293404020285874e-05,0.003866234823554808,-0.0003822962414322618,0.0038947805693058863,0.500516224134429,0.7381997204351769
0.0602499961327917,0.06179711202133937,0.17078758385973522,0.01787357124280352,-0.0004909978694493483,-0.0002432304860409963,-0.00036720622813962104,0.019710911329642054,0.0008349816067418239,0.0002616155524917771,1.2015000292677821e-05,0.0023886951117596117,-0.0002789326011128909,0.003098188011229427,0.500516224134429,0.8361505268185162
0.03603314678754464,0.07854379644414082,0.12233773905498843,-0.03562974276995938,0.00795157532369675,-0.08396794056162625,-0.0013784321080510778,-0.002647342083047697,0.00040937778081423894,-0.00030379418313785186,3.916837808405868e-05,0.0027523839915137064,-0.00022349792272394341,0.0015400199496952557,0.500516224134429,0.6259726822163634
-0.038348588746484315,-0.18946390338599392,0.052135365524057876,-0.012483879844731299,0.013449805095199387,-0.09042711201067848,-0.007445983986799011,-0.0007048875620634811,-8.216601385817887e-05,-0.0005974325545558214,3.705536363703341e-05,-0.03367508906453417,-0.0010289726444800916,-0.0029623588358519384,0.500516224134429,0.1889180754672968
-0.05399845316596077,-0.18042832803589268,0.10914213357390122,-0.02719127809572827,0.01461843445981809,-0.0019097753795944406,-0.0014150151097408479,-0.004728803725962068,0.0007203121443082864,-0.00010980852600072735,-2.104794795732967e-05,0.004370545294480031,-0.0014033083820749678,-0.004358294350881467,0.500516224134429,0.353803536887148
-0.07650158825115733,-0.16734477361558123,0.03709286767353559,0.01588176092487997,-0.12783721711933682,-0.0028725461939012997,-0.0037221451156334365,-0.004099559490633685,0.00024075697508983443,-0.00045538703182860287,1.6560914912948415e-05,0.007472510280884295,-0.0012221613077272161,-0.004342124503826194,0.500516224134429,0.17282317827410876
-0.03698231202211453,-0.18164526746413112,0.10499544866011937,0.0019550592783510413,0.02840089328004817,0.0017615088339851869,-0.001940848091194059,-0.006923810561012343,-0.03385249494272164,1.3634565337823144e-05,-3.165118211882316e-05,0.009425541481634537,-0.0016472724771844978,-0.0032965010440675737,0.500516224134429,0.3807481524493644
-0.03993164530479547,-0.17940957009754804,0.051286135470421025,0.01863726656104227,-0.06585813516006073,-0.07403176808158261,-0.004736758059344469,-0.004328078736305491,-0.00015711650408906485,-0.00030572714426787005,0.0001739252914198998,-0.027684209657391688,-0.0008963919678586734,-0.0020799974740556442,0.500516224134429,0.17119415327001572
-0.06682393464141916,-0.17448531176906623,0.05953496738276649,0.01260493162228527,-0.08832128034342487,-0.004048424953536899,-0.0029458827231050406,-0.0010240421092574236,0.00025050291669172225,-0.000660750509637046,2.3882063564553014e-05,0.0063277509058545876,-0.0010826067376503087,-0.010758110719626306,0.500516224134429,0.22910791451887175
-0.0896444316295223,-0.18166116277006172,0.053887553098853756,0.01263732706865013,-0.016748646064930664,-0.048552714771765634,-0.009749813135278859,-0.012731662278450693,5.02545164187618e-05,-0.0005834396233579467,2.6797429052812214e-05,0.006222289808992606,-0.0012393125251310365,0.0001771820332507686,0.500516224134429,0.2126064452911531
-0.05578145059575138,-0.16819510867291598,0.09023632589246137,0.11351576379272858,-0.009157156692084821,0.017418907957393166,-0.007528822148758503,0.009071875012438016,0.00032459727453174834,0.0007180297871141957,4.843411529638323e-05,0.007588754351604037,-0.0008647373568956892,0.0018141218194610274,0.500516224134429,0.4997257586710546
-0.04376863149699147,-0.18681117305687042,0.07925844147062784,0.0012034365439186193,0.0069902272870088255,-0.016065001877401067,-0.0064601440255141656,-0.005053887572659728,0.00023616692759278178,-6.584672078858678e-05,-2.5832311176167927e-06,-0.04136504154965432,-0.0011732878158291888,-0.0012950892883170724,0.500516224134429,0.28614380972843617
-0.03705162258235435,-0.16291662740589288,0.1008511385313889,0.0017249852770755223,0.029521118221137736,-0.016405050475231404,-0.004407886854274412,-0.002974810951291254,0.00048773864911285736,0.00010632410203850512,3.6579583005623815e-06,0.009250603221948725,-0.0015208547115995899,-0.0044518519685977954,0.500516224134429,0.4127330851461937
-0.016080237212926524,-0.1585432091786998,0.13256353207437038,0.02269748613078855,0.03894612583227922,0.020117428388813908,-0.00018679208238535827,-0.000711064578712126,0.0006668095157185416,0.00020904131237535934,-3.322478009062447e-05,0.00947410488962363,-0.0013118373720422626,-0.001851571931513311,0.500516224134429,0.5464728151420328
-0.03444335292292058,-0.1740018291767445,0.08922287206292392,0.042948396961071465,0.012012784655737425,-0.0131975226265894,-0.003787735409185461,-0.0024201632589375796,0.0003543635068927072,0.0005756508664766823,2.1785550464246724e-05,0.006982691153724108,-0.0009743909148311701,-0.004942856158508826,0.500516224134429,0.4188669184240059
-0.07786314997477126,-0.18580454504070745,0.06244861980771213,0.006207360882888236,-0.004142817644173733,-0.00889717262415559,-0.01081530071996035,-0.005039567016959671,0.00034689988105650706,-0.00026367517839706974,2.3582750456418446e-05,0.006492811608849312,-0.001164019541928897,-0.0012132457352625303,0.500516224134429,0.28083200558907834
-0.04595566824944331,-0.2327537689637741,0.08993214174663362,-0.006977883239410388,0.014773911841546276,-0.09630820165713502,-0.007723758280682055,-0.0015659766501406607,-0.00021519837988144485,-0.0006549673696436143,4.471860128393072e-05,-0.025187290291595506,-0.0009712575040880134,-0.005640616738110435,0.500516224134429,0.18131240899999299
-0.032031713696687836,-0.2237660661542438,0.1272491330115046,-0.02332636388159238,0.018860127294126332,-0.005959536915819177,-0.0015497626592397428,-0.009929550217342223,0.0007353638716073598,7.415918125027959e-05,-2.182171331081762e-05,0.006297526326253585,-0.0009288015066728838,-0.003929002643384864,0.500516224134429,0.35228991443088215
-0.07045299086894667,-0.22164209980906352,0.06938332189895356,0.01451393502630653,-0.12910105962517648,-0.003400074796048842,-0.00466268686801161,-0.005609129653192456,0.00014425186395612474,-0.0004490100588677018,1.3428643884380148e-05,0.004648266119450713,-0.000929716651007774,-0.0035194568904849243,0.500516224134429,0.14945320246618354
-0.024157573259590184,-0.21314808022167753,0.07852007893991958,0.023273406005150356,-0.06187360439080855,-0.0828585712781275,-0.003638581840082929,-0.0043460130259914955,-0.0001379903106231723,-0.00020195320776685696,0.00016756585010598832,-0.027033872383908114,-0.0008758508644506858,-0.0016712794947021307,0.500516224134429,0.18253390465187955
-0.07122995262211884,-0.22094704279144298,0.09276040793953955,0.00441389678157172,-0.07939888316130753,-0.002657650779002396,-0.0028857797301873322,-0.0051577961520745,0.00017170376098985345,-0.0006872867251238061,1.8943196177755388e-05,0.00466911220395614,-0.0008337217974559264,-0.007610286827083367,0.500516224134429,0.2111418874308712
-0.06510116626312877,-0.22792918397544318,0.10649881569528613,0.004132433219794273,-0.008411035763532337,-0.05226746059954503,-0.00886201900383188,-0.009225580954821124,-4.808043735411835e-05,-0.00042993107586113523,2.1921506556403705e-05,0.0048219457231447865,-0.0008490076747857779,-0.0008833187571894881,0.500516224134429,0.24198455577372155
-0.04209913498755514,-0.1685388824439247,0.13777272354876627,0.1447119085615492,0.007345959370069328,0.017427225061283958,-0.006025031827306661,0.015924336385186477,0.0002956179285149539,0.0008467882696823572,5.968934244817026e-05,0.00754353231725602,-0.000558306146198442,0.0021077101455562377,0.500516224134429,0.6173303596597602
-0.02297982047146619,-0.2307673097771094,0.10693880827441127,0.011838972460818404,0.00019608667025074203,-0.023459861390606632,-0.006320573985708852,-0.007105216856218758,0.0003441915436536915,-0.0002340470855432695,-1.677869789743302e-06,-0.029155423687285482,-0.0009884257854912595,-0.0028361298409061908,0.500516224134429,0.2959857963334405
-0.07097368203312093,-0.21936186428815657,0.12033745955581772,0.003732252896334644,0.025549414542893455,-0.012427069083486375,-0.004189913644188501,-0.005075807397571289,0.0004567414878685855,-6.151739051903489e-05,1.0703653083318825e-05,0.007371382570643728,-0.0011645951142711902,-0.0056242184751863445,0.500516224134429,0.33909551141457356
-0.021653213565475053,-0.2052365910130682,0.1221615967579564,0.057517910282901805,0.010865567853955748,-0.01367236105106849,-0.004015404180554072,-0.006026337188928052,0.0003736048308048324,0.0004341270031175769,1.7984415718663543e-05,0.006657318165370297,-0.0006992886391938912,-0.004730431650422992,0.500516224134429,0.4425107061555471
-0.04741369855221222,-0.22611905125894088,0.11183979970947464,0.004885950398523047,0.005661484145091456,-0.012162103468564207,-0.010439633719900069,0.003151186820522654,0.0003881230583105121,-0.0007407596769911219,3.07873231297605e-05,0.0043286936804075105,-0.000895601360377056,-0.003545477361725868,0.500516224134429,0.3294859238711804
-0.000899051397676363,-0.28383091350744544,-0.013782832597332293,0.0038051015214367015,0.01820567891278859,-0.05744084894325548,-0.0038158437548191115,-0.002873806766979779,-0.00022465937742778127,-0.0013017570068858933,-9.234538373212122e-05,-0.009439199386508286,-0.0006642331656062744,0.0009129900740907736,0.500516224134429,0.14907450335507968
-0.05475261882809251,-0.28436083153010117,-0.0023824618686669025,-0.000648943645806017,-0.0007892480439013556,0.0032374160082235866,-0.0023967513484724904,-0.009620788994166766,0.00015801950625447087,-0.000738344927440998,-6.273699412446685e-05,0.0019836572585960007,-0.0009935066216900696,-0.002278666440831641,0.500516224134429,0.1468704176642123
-0.07061322859398182,-0.24580595351183543,-0.03769110109414101,0.010272509332177285,-0.07507906809648998,-0.0029789449013661296,-0.0019099330528609246,-0.006623322583209872,-3.54205614839425e-05,-0.001115272496327472,-2.987903650471984e-05,0.0025501365276351176,-0.0009107038676871302,-0.0009789893434841044,0.500516224134429,0.06956705285487205
-0.06173661744832755,-0.2552376432804056,-0.03294378670035072,0.006897027744262331,-0.042894959996827305,-0.006088118112986199,-0.0016687418352978303,-0.00461556933280993,0.0002076047403218958,-0.0010992579104055083,-3.4898608875372346e-05,0.0031531538807195907,-0.0008944104235332824,-0.013538506332294418,0.500516224134429,0.09002150051762399
-0.0640745636503357,-0.28479625675590553,0.023443063576462572,-0.02011579213720479,-0.004063216652510717,-0.05462763807169915,-0.00401000103178497,0.006002884420287652,0.00014959565508299347,-0.0007868330616615203,-3.744405657302797e-05,0.0011982324459621503,-0.0008062255025169764,-0.0003723508613732417,0.500516224134429,0.09761967845066255
-0.08124875550345839,-0.2755679176512907,-0.036994172901156294,0.012209147176273926,0.006347529961821214,-0.008369522534358444,-0.004454007095281941,-0.003873053606925433,4.476391618857268e-06,-0.000813464264928151,-2.771004029256438e-05,-0.01698864965612047,-0.0009599153022748503,-0.0013243747815418585,0.500516224134429,0.08845583432651657
-0.07508523065403097,-0.27320365120885076,-0.049747974922721025,0.009055773603329749,0.007573945336871934,-0.014537046179598863,-0.0019777804534199007,-0.0049677763110725194,9.677833087719901e-05,-0.0007971770766220999,-3.9159809575365244e-05,0.003271731691625007,-0.0010428332048938364,-0.0023987939309435477,0.500516224134429,0.09671702934540721
-0.04874699256921887,-0.2506195295963123,-0.048566966847395476,0.04564992421538552,0.0021147139875631374,-0.00036581109184866405,-0.0022756079461457687,-0.007276635153223454,-6.859593539248038e-05,-0.00020129949370809494,-5.4859018791141194e-05,0.004152150752472467,-0.00082663691666709,-0.007340901647806889,0.500516224134429,0.1860891768733445
-0.03666250978197514,-0.26676458063423014,-0.033977882389591034,0.00932314901475003,0.004001478104976229,-0.01228207993362781,-0.005005546864280996,0.004699291081301351,0.00014194778349430892,-0.0013864553489284874,-1.807963528415031e-05,0.00216732894072012,-0.0008342036290911139,-0.0005271627702901806,0.500516224134429,0.16339091807237519
-0.007141363175586629,-0.2900254954028987,0.006456736838626375,0.003425617964263029,0.013479563290034502,-0.06571034704436242,-0.0029727286168129276,-0.003551340378924012,-0.00023955175224224745,-0.0014285982245314693,-0.0001126428363370247,-0.015484134049817053,-0.0007034179406745402,0.0009676926832158589,0.500516224134429,0.13747621548838515
-0.0657345183705142,-0.26481215978502737,0.03478446146004092,-0.013714576827444083,0.008690391241806594,0.005092683069505474,-0.0017857687845089709,-0.009627605496983091,0.00015399319289021194,-0.001177742978774368,-5.926667410178586e-05,0.002404546637564518,-0.0009526737697726316,-6.860511039723825e-05,0.500516224134429,0.19370938193871706
-0.026838320302365656,-0.24572364694021695,-0.07967049863619939,0.026362191003343874,-0.0504615742758722,0.0019341285830082274,5.436790045423856e-05,-0.0021138666828509154,0.0002894257408653631,-0.0016595618223439856,-2.386133292106081e-06,0.004535172188895123,-0.0006053012938282119,0.002322021831119329,0.500516224134429,0.12893837529514943
-0.014971285698522215,-0.25895125316361955,0.06040149426128783,-0.00708308217132108,-0.04461499069173073,-0.003023018773638475,-0.0030430010441700704,-0.008267419128340737,0.0005260930104390749,-0.001005285166080296,-0.00010147444810181761,0.0026244193775285083,-0.0005428884220341234,-0.016462692328910206,0.500516224134429,0.2060018397472202
-0.0848301222934288,-0.2691540841525278,0.0010032191100648798,-0.02587436178864165,-0.006785007286618157,-0.0428035410398731,-0.004561897380722084,0.007494067515263203,-0.00022357613585334825,-0.0007691118918837964,-4.392509837793949e-05,0.0013435502487592823,-0.0008024426274653992,0.0003229013504672116,0.500516224134429,0.07483189266359533
-0.018891446333110084,0.423366224634544,0.01508062385470324,0.021713164704916077,0.021307793765390895,-0.00012240931870890283,-0.000496430154759963,-0.0017642282120204178,0.0004948278837530148,-0.00033726531008752993,7.968512121948186e-08,-0.012336273916193016,-0.00035777725314249214,0.0005412959097735836,0.500516224134429,0.948714404074611
-0.02740734995609756,-0.29499271793044524,-0.10972681081449606,0.008905304601378153,0.0030283985062593884,-0.006607373061695738,-0.0007475879256743789,-0.002581455949993523,0.0004534677809856189,-0.001788708972213402,-1.0244710808055431e-05,0.002866614156045593,-0.0008027625082087838,0.0003186680854094686,0.500516224134429,0.07142366543487894
-0.03308335048996474,-0.27043191348853235,-0.10285754753896736,0.05650883176565121,0.002459957941976785,0.007962968017782276,-0.0028120905968672307,-0.004717136793167112,6.95813926341536e-05,-0.0010369650794281005,-2.135931705579785e-05,0.002886780949119751,-0.0006535519791172419,-0.006044422169352492,0.500516224134429,0.14874600674914648
-0.04465138226354793,-0.278088093572235,-0.11214930361837999,0.007297881024304428,-0.0020601243136656776,-0.008781159040389355,-0.002408842802435666,-0.0017010934023058272,0.0004759213704927806,-0.0014341026472206489,2.8512465784986234e-06,0.0038260598616320705,-0.0006586388018411108,0.0017407115877116177,0.500516224134429,0.0619269087631312
0.00452438788627788,-0.25929717273348785,-0.12218978818821892,0.015242543211414558,0.007601743222208266,-0.03623718532933848,-0.0005481992748519383,-0.0033228228101433365,0.00034820552560256736,-0.002030387894317127,-6.036871398223676e-06,-0.018828680936571716,-0.0004992336813450352,0.0014306902836291198,0.500516224134429,0.08670428654389246
-0.055416906010727546,-0.2620938032755964,-0.073619839193043,-0.03705401070221907,0.014131291708990827,0.005622721255277599,-0.002114798909571605,-0.0059116585886547085,6.137553371827113e-05,-0.001220028397548465,-2.8527742867135468e-05,0.002528357092107878,-0.0008672309497627773,-8.922747604743328e-05,0.500516224134429,0.08444393847848918
-0.00891112449788384,-0.24837705718267222,-0.10954358169215221,0.0046550760479813725,-0.06578447376338221,-0.004571253908702792,-0.0007151274784299468,-0.0036461691956486933,0.0004005119997466419,-0.0018026355906422223,-2.5903987407418405e-05,0.005495768864650262,-0.0004757065052602731,0.0016140502014137777,0.500516224134429,0.06882859744604339
-0.04755798326632426,-0.24604108251770415,-0.10379576598944533,-0.02011517973430329,-0.03453667844479334,-0.0031347178821786,-0.0016370318989010672,-0.002873460761425396,0.0002965343796192404,-0.001332004841381705,-4.10085446775271e-05,0.003511855436907228,-0.00045745139278917753,-0.011115976307893986,0.500516224134429,0.03168627236914135
-0.008982867840878225,-0.2562900221339342,-0.11108399070047488,-0.02940459281194566,-0.0020191676298143006,-0.030741018881731842,-0.0014841327349688182,-0.0014420553330576017,0.00010878261410314178,-0.002437747379838494,-4.207940666483649e-05,0.002983587910994635,-0.0004606173902636785,0.001817444710807753,0.500516224134429,0.06103774712676468
-0.049083166437117395,-0.274364894527279,-0.09499137847465924,0.012869567300153857,0.003923321632236155,-0.010864378520376354,-0.0011891568913502653,-0.002988317628573296,0.000130757383283121,-0.0012064619741078376,-1.0911776187538917e-05,0.0027389306603122637,-0.0008264825386231462,-0.0003137806056396733,0.500516224134429,0.08433987173650483
-0.03034563391366697,0.37147643022723087,0.044368658486296016,0.025507697363291972,0.019656311885285552,0.02171964573403983,-0.00020488775055573047,-0.002084126832368142,0.0003919075643481778,-0.00010222562158791149,2.9876036625613332e-05,0.0015915165587694336,-0.00029260284993790314,-0.011871164794443098,0.500516224134429,0.9403576262277602
-0.022171169853964855,-0.25585257501736025,-0.12938659053411156,0.012076648597223575,0.005806843617139531,-0.009951324577396798,-0.001977072183550142,-0.0013893821956118813,0.0006059043402339627,-0.0013909383387035042,-1.2984486414734403e-06,0.004015159558049313,-0.000514686198273522,0.000833275958968642,0.500516224134429,0.10121901885843364
-0.01190125817398469,-0.254344524755227,-0.03168247551753231,0.0038185207174901096,0.012399627193212517,-0.07236335316560133,-0.00120308417591522,-0.00442147034543489,-0.0001878182787342725,-0.00114032856075147,-0.00011436866863818907,-0.01680282511600388,-0.0006369225648464013,0.0012209088738225355,0.500516224134429,0.12315685159628814
-0.008846958326069262,0.3754403081896749,0.052924987283295574,-0.005748470731321366,0.014523556071539979,0.01015216604724098,0.0015078385029587767,-0.003289423202658542,0.0007944829800078973,-0.0004470403712476189,1.6969711515391357e-05,0.0032391010476498132,-0.000347622192343159,0.0009872137333103756,0.500516224134429,0.9414233328779852
-0.036196922992077905,-0.23728542056803345,-0.06822899072848289,0.023251830785884133,-0.06706389745801566,0.0027015675232291776,-7.511656304774801e-05,-0.004002296757616164,0.00010174718403345739,-0.0014862102256804456,-3.49708650969153e-06,0.0031420781772151926,-0.0006611780103587948,0.001150131675086924,0.500516224134429,0.11586004909005831
-0.013628467883309653,-0.2334928721549713,-0.08922073903077736,-0.01850332514860182,-0.044286058601450025,-0.0040757175406986755,-0.0026807179390126953,-0.004983045142132479,0.0002566830788402072,-0.0018058343422371287,-6.199526360680669e-05,0.0016171209819651048,-0.0006261347358510637,-0.019696863560070273,0.500516224134429,0.06932825685251905
-0.052805567508695105,-0.24581489270975385,-0.10503338589624235,-0.028429643759724985,-0.002438587352935277,-0.03053826296639075,-0.0016329989760716578,0.0002478398305979939,-1.7287552920247933e-05,-0.0016499134301920838,-3.07507393691135e-05,0.0015465731533564734,-0.0005730817512322953,0.0009637188904208602,0.500516224134429,0.03430998336527953
-0.05742256945615315,-0.2542799049634948,0.0097772182639891,0.004570975699854222,-0.0033347923493371994,-0.01732473068368341,-0.0012195314403431353,-0.006878534083455466,0.00025853469118278786,-0.001037756307522589,-4.033401128540975e-05,0.0017543072517544483,-0.0008892770240393785,-0.00289443443734427,0.500516224134429,0.17155539528455385
-0.024611983407663237,-0.2594536205000196,-0.11855233174414104,0.002901492938575683,-0.0006100862605233563,-0.008658073171496777,-0.002075715621157442,-0.0018042142265578354,0.00030121989633565455,-0.0018119514780600818,2.537798410243136e-06,0.002709174414049842,-0.0005872497487999602,0.0020811969287680716,0.500516224134429,0.09034661995215292
0.008272191464733644,-0.21133862783332213,-0.16696304841126317,0.011595974066663059,0.010290989897919814,-0.03181880773982734,0.0009656303732311986,-0.0039636441322676245,0.00036403605067792814,-0.0019499320776068497,-1.4625882634575897e-05,-0.014940727513128915,-0.0004924481368021442,0.0002406198866904219,0.500516224134429,0.10076380414749549
-0.040538068708374786,-0.21095307534678778,-0.11060704745852261,-0.012351530291329871,-0.05825136398083318,-0.006892264452262171,-0.0008415704423092854,-0.003436978868719366,0.00033481529179671084,-0.0017621493759948505,-6.609036375064778e-05,0.003858917565440009,-0.0005083740277095757,0.00048079072933214083,0.500516224134429,0.058982234404407086
-0.024126767813256383,-0.23177597601913633,-0.12906394816136646,-0.023814532037383172,-0.03551571944547825,-0.009405021696663681,-0.0009189825659986136,-0.0035653908454861,0.00032165313726225574,-0.0016572597882957068,-5.4341330314156534e-05,0.0030094563791703928,-0.0004241187328259801,-0.011879963098348595,0.500516224134429,0.03164531211631173
-0.022622134138550177,-0.2390817574305343,-0.1193190905077278,-0.024725723860873742,0.0028865796993676742,-0.02179298806205521,-0.0010687749282200277,0.00025325761382427315,0.0003610491335254507,-0.001568154129058107,-9.697114901829156e-06,0.004264327805572168,-0.0004449649917074001,0.0007630409890676204,0.500516224134429,0.07841119421216021
-0.01723130076762743,0.43291049260597936,-0.04197397382530588,0.02967313381423392,0.02014661994900319,0.007814588083609138,1.1093278291792551e-05,0.0002046108763396054,0.001444402944361095,-0.0007206971966479816,3.4432144198535076e-05,0.002909352925303902,-0.00024265820530023068,0.0023829474690083324,0.500516224134429,0.937879268229881
-0.06187699291192187,-0.24193955985782986,-0.12492764563389125,0.007849181371702535,-0.0011627597487289805,-0.007909472661788998,-0.0016078054812243298,0.0014864470878403113,0.0002284262695320072,-0.0016382776831321468,-6.164391064903587e-06,0.001093633066151485,-0.000642112758224923,0.001537463618109371,0.500516224134429,0.07100058441996074
-0.005801102014408346,-0.22541225648187882,-0.1498063444191806,0.008829311828960873,0.00826709846358193,-0.04251646012906538,0.0004868883496967741,-0.002226256913255893,0.0001508270301169862,-0.0024547532149653928,-2.0569416237945755e-05,-0.015897934800736428,-0.0004905811654096926,0.0017370038777797274,0.500516224134429,0.07536109512942986
-0.041744633329145964,-0.15329204885651862,-0.131609900988258,0.016282274138826734,-0.05478279270832057,-0.005329380339750962,-0.00013656140292828134,-0.0015311288553579302,0.0004866715333929224,-0.0018178446150171564,-2.1346168461035078e-05,0.004980637450250699,-0.00046233437440436673,0.0017799701001253072,0.500516224134429,0.13331780571886526
-0.03920720195753225,-0.1441031910869699,-0.14560037530258424,-0.020274302584346236,-0.03397706030078412,-0.010231568110661761,-0.0008361966322998419,-0.0017454052301561452,0.00040009919800030724,-0.0015576535152913875,-5.457076457978089e-05,0.0019346453198560729,-0.0004036988992605888,-0.020816128691846736,0.500516224134429,0.08404361557597595
-0.014245068690319511,0.3549345163586219,-0.017326214382088652,-0.0013614945965808307,0.017211831334195717,-0.017966207808253018,-0.0015975181993738423,0.009726530308193515,0.0008612486409762489,-0.0004951780765110503,5.8894180920646786e-05,0.010519587646128151,-0.00029428917519070465,0.002667957080792062,0.500516224134429,0.8432108187559433
-0.011826718583968521,-0.21815946153939714,-0.1308596127217327,0.015033022725491098,0.002638360748615703,-0.007807070337909524,-0.0019203459967710645,0.0020926363513768006,0.00021800775267373642,-0.0016366831194553194,-7.964678316543441e-06,0.0008151186959561371,-0.000566806325013016,0.0024120029506882585,0.500516224134429,0.15094071005666995
-0.03293725806586257,-0.1165060448146007,-0.16451677215610017,0.015555712470763691,0.004648146599080853,-0.036817109833452204,-0.0005203299688823391,-0.001048475465145416,9.5986616344091e-05,-0.0017201549433313442,1.0340496820664223e-05,-0.011335073624860035,-0.0005132880508201622,0.0009813171228527562,0.500516224134429,0.1558932205172399
-0.024641734218562167,-0.061341523832826726,0.010025109523870236,0.08735617668311355,-0.03363751777131651,0.009978142185423318,0.001378150594308717,0.002320818320723446,0.0008902613533163793,-0.0013417924908316475,2.581357302350203e-05,0.013827817480616296,-0.0006069262910217955,0.007222626872773088,0.500516224134429,0.5119716461170425
0.012442045950731295,-0.1179462403154779,-0.15601062930245346,-0.01955143530378098,-0.030200818150127953,-0.0005092180043147726,-0.0011498852028663394,-0.0033568380420357295,0.0003819979731179266,-0.0011117853946523018,-5.035199364110694e-05,-0.0014150026804194572,-0.0004150190870128138,-0.021717512800063465,0.500516224134429,0.15990553178143652
-0.03727729237862966,-0.1601760079761503,-0.15642096435646213,0.012493844415470298,-0.0020202891307016576,-0.00827512377160528,-0.0012431253428698994,-0.0036041492388640007,0.0003424517017280501,-0.001580276052974254,5.392005117070136e-06,0.0011158658299305405,-0.0005672518149712935,0.002134957126872129,0.500516224134429,0.14544425515032217
0.04853334071634924,0.10636399009386124,0.13484569399095978,0.007535814193341717,0.020213226796948015,-0.013030713098220702,-0.00011946244451867883,-0.002448948521307757,0.0004323626065463434,-0.00010714689092686892,3.304933065070416e-05,-0.01914174279609379,-0.0002399483785916653,0.002332245113288741,0.500516224134429,0.7857179848467191
0.02369892594997018,0.0918801876795166,0.16379033581622982,0.020306007878581223,-0.008702460402440743,0.009122680930338628,0.0004925045594912187,-0.0059706391292713434,0.0009203144844887459,-0.00026389095058203515,-5.353133954714328e-05,0.003627915533868542,-0.00038664817398215243,-0.0244933581066785,0.500516224134429,0.7744845688644162
0.024753067137611752,0.0008904749869137162,0.04356821136375422,0.02571213508538105,0.01858196769403237,0.002375157652512514,0.001697817835304402,0.021158058610971614,0.0005819585824749194,-0.0003918962007042063,-1.594027008043088e-05,0.005039225860762606,-0.0004145749867551003,0.005604540606595542,0.500516224134429,0.6496564280932078
-0.03474657942585208,-0.20766978598490357,-0.0846865511972398,0.02808689360705858,0.0007876620176899323,0.003237410618247087,-0.003527061220428405,-0.004237485046680148,6.12579253590897e-05,-0.0003164718679341305,-4.846678743340642e-05,0.0017669439152353246,-0.000979209078722945,-0.003764629741055547,0.500516224134429,0.1944801518677731
-0.07693938172417666,-0.19488810932538136,-0.06287166282494147,0.011368998416442202,-0.04791078764143877,-0.0036671468616682012,-0.0022572546168710583,-0.003293606344535139,2.5063796074965504e-05,-0.0010762795240698265,-2.3006511007511157e-05,0.004458840054403162,-0.0010653403521059864,-0.012415057863211924,0.500516224134429,0.10996149281194542
-0.07796979130136816,-0.2052529031494064,-0.06201639470767539,0.012279867231022356,-0.001647711876408729,-0.017773200266213783,-0.0020852359006273613,-0.003832784565255489,0.0005466338741735709,-0.00039480801093375533,-4.8791442766619946e-05,0.0051585252196415495,-0.0014996034455169276,-0.00014790868042377508,0.500516224134429,0.14583211711267416
-0.07274306142712245,-0.2014860248919769,-0.06476592974880824,-0.01958787397947018,0.012680392717696045,-0.006299519156919215,-0.002688054308383304,-0.002139361069375458,0.00016695336003471896,-0.0004239574305593672,-6.290197603031703e-05,0.004392980407832066,-0.001468763983199471,0.0003790398025664303,0.500516224134429,0.14647014245071685
-0.05534180867438041,-0.19583038571426514,-0.06690192328238873,0.014356280313718037,-0.010351797855728546,-0.030092519215547144,0.007780828067698637,-0.005109302754845473,0.00019730543434664916,-0.00114658960479158,-1.7885632314575024e-05,0.004125036069590792,-0.001249941557913216,0.0015961245676716046,0.500516224134429,0.16252964429528372
-0.055348385232042566,-0.21765030133713026,-0.06402188580269809,0.01951438646749574,-0.020312527741386737,0.0032516132464330038,-0.003937833684950543,-0.007003645909149948,-0.0001299910803987521,-0.0006659735208291068,4.509856113668004e-07,-0.015637098255107697,-0.001063109129793074,-0.0010008180970702276,0.500516224134429,0.1365111050434157
-0.06305689820679554,-0.2186286201195837,-0.07983094051975165,0.007816469662777917,-0.0024123837987611377,-0.010288214993736193,-0.0053496880117840425,-0.004773337214867304,0.00021726334068198488,-0.0006070990715067212,-3.776527914262316e-05,0.003305135124747032,-0.0014036384840322518,-0.0019517224593203523,0.500516224134429,0.1235147841033578
-0.07163303601871178,-0.21069418034578946,-0.06747638071604817,0.007811828163564031,-0.005978431205409106,-0.056400173849888956,-0.00416898248750363,-0.0020410763644370753,-0.00029834325328440334,-0.001080472394741061,-3.2891001443602346e-05,0.0036168920688521853,-0.0008613284491396147,-0.013870725202247788,0.500516224134429,0.07740892307820374
-0.05552213057174887,-0.20962758012098878,-0.042407312056254885,-0.02310925690589128,-0.059441144766390605,-0.007135279787555512,-0.0022869805739084027,-0.0033190802379686707,0.00016736302927349678,-0.0012954739019519592,-6.039768625007102e-05,-0.02083027279953546,-0.0010871173918371069,0.001060439784767714,0.500516224134429,0.07562200014819247
-0.04156549515856102,-0.16905638208209237,-0.04439934669474335,-0.02613534491377162,-0.09025992084775739,-0.06710443909629143,-0.0032697435891630502,-0.001691299992814155,-9.935058722082004e-05,-0.0009942440889143004,-3.479605877323348e-05,0.004098391091343532,-0.000899828621216468,0.0012090603696300892,0.500516224134429,0.0603134838640878
-0.06254752180750767,-0.2303260114265806,-0.040677534515522466,-0.06466248673630297,0.00828448779005894,-0.01301953449996394,-0.003655409718294824,-0.005462281256144826,7.952575305922596e-05,-0.0006516389112831359,-3.659421444445958e-05,-0.01934973677675405,-0.0012736313576568892,-0.0012515540103674554,0.500516224134429,0.0659663024467276
-0.05293446756601876,-0.21994015317181237,-0.06612066204406025,0.015514771555160439,-0.0009663682566101992,-0.013302286191320147,0.00946497058442583,-0.006302624260833453,6.091981223828709e-05,-0.0013419864899268104,-1.5027239609285746e-05,-0.01955651386989776,-0.001077899959152498,-0.0009285583998677158,0.500516224134429,0.14307033863714777
-0.07902036363876735,-0.21694347914518983,-0.05192438197186887,-0.015905227956862875,0.005034821092523735,0.015658442379268715,-0.004418917865500849,0.010563988644035696,0.0002338770253953265,-0.00032189870391550817,-4.0766928833244404e-05,0.004567419636303525,-0.0012382259639189292,-0.0009349084578026301,0.500516224134429,0.16582660227930013
-0.008186522584615288,0.42005963773134686,-0.03642232585461197,0.030107733968506606,0.024743565252396037,0.011461045692736989,-0.0006208815716023642,-0.0009849139029102978,0.0007560456126978903,-0.0001160687540464855,9.152328015590521e-06,0.003005548738364822,-0.0002325787904649173,-0.009131011355137568,0.500516224134429,0.9349646506451086
-0.07855472359965318,-0.13106725781769324,-0.049562506336423486,0.0299785159265663,-0.04046601332290872,-0.003203436556427734,-0.0013524564918686983,-0.002539087836744382,0.00048595037090289566,-0.0016962020575218434,6.809701634651936e-06,0.007012913373347809,-0.0007872604344035477,-0.026075864480124406,0.500516224134429,0.2026956045731148
-0.027498419311882495,-0.27984658794158845,-0.07071109823827074,-0.02531413775895801,0.0064299336574659745,-0.012607317758378136,-0.00175032800216597,-0.003664227877069322,0.00032005463820596497,-0.000809573453211315,-4.7039139374620245e-05,0.0036083736803493673,-0.0009265278523009981,-0.00013686309118511765,0.500516224134429,0.08756246568606882
-0.07876958633749065,-0.14162628322093931,-0.06953003348240461,-0.03678370782617909,0.010850034288795449,-0.006634522470330703,-0.0005794594783039373,-0.0017524577602043968,0.0006681665217873956,-0.0009589667625699019,-1.68280982449844e-05,0.010451672299799543,-0.000905318830872256,0.003951008739057474,0.500516224134429,0.18887994171633282
-0.008160440571606994,-0.15508778346657096,-0.09043402018165525,-0.03802896283123053,-0.006793704348996969,-0.016761205896233814,-0.010349964845247743,-0.004636792987650995,0.0005427981638091513,-0.002985181751122445,-8.911211181745786e-06,0.008197974709438413,-0.00044182217970672923,0.0029967155054476417,0.500516224134429,0.17856492224192355
-0.05392962037926152,-0.20918646798255056,-0.08984095500382022,0.013970931615828429,-0.017410156203750894,-0.000299001845992354,-0.0011157879961205329,-0.0036714880899041745,4.362850365311459e-05,-0.0018256611163751538,7.730806291596981e-06,-0.033656883635703835,-0.0005697250512971512,-0.00018485106190560806,0.500516224134429,0.10284791669352382
-0.07482678352518961,-0.1953084361165793,-0.11210357496382656,-0.00825202860058319,-0.00030146692880390544,-0.016380095586030038,-0.000876832239909597,-0.00016318376793858497,0.000736218347162907,-0.000961272077125273,-3.084766584725859e-05,0.005899911521143926,-0.0006267300188288945,-0.00020507100639597842,0.500516224134429,0.09711603150568171
-0.03123231160764182,-0.24742024926935224,-0.09050468676150603,0.008489597834071034,-0.004259346548996214,-0.039839423540981925,-0.0013257636899439353,-0.0012179139648232197,0.00023875604778252622,-0.002323516768013671,5.724276062174131e-06,0.004369333537621746,-0.0007067847837604872,-0.019060965924123766,0.500516224134429,0.0757286729708269
-0.003095893616243623,-0.1605047356231708,-0.082328517605691,-0.033395769103038084,-0.05078929348808669,0.0011634733817207322,-0.0016800214376610522,-0.002049691882428921,0.00048580789406078503,-0.001515792051986356,-4.040269146916255e-05,-0.04770928289146498,-0.0004707558519406219,0.0027294133822056694,0.500516224134429,0.1213147625492388
-0.03626280537481642,-0.12131118531024183,-0.06163036064397171,-0.04529951016933592,-0.0865090006166299,-0.04357462750466943,-0.0011247897144459377,0.00016214278068851686,0.00035995165838661667,-0.0020701682506678934,3.3266715209085074e-05,0.007101874154865629,-0.0006653651881698595,0.0017490774568622068,0.500516224134429,0.11147472412749694
-0.02772963285020056,-0.2567697957774214,-0.09238397422072582,-0.053511757786263096,0.005561280775477895,-0.0011003954657914888,-0.0019157681790972424,-0.00423652337103395,0.0002855247395762958,-0.001074727408363905,-2.0933948188509796e-05,-0.020076249896394813,-0.0005882042432843862,-0.00010684038526378625,0.500516224134429,0.04684822611745708
-0.05389187601337505,-0.29925867828586267,0.013987819203661864,0.010547681994996299,-0.0007635331037969865,-0.006297153425159921,0.0021122573488240215,-0.009874034800467352,0.0001225297286759559,-0.001205610216914129,-5.269252953664538e-06,-0.014795805868777791,-0.0007700360095293831,-0.0013823974577984327,0.500516224134429,0.1390421179759555
-0.06492866822314637,-0.1908631090000219,-0.11941364426208248,-0.046218234707036066,0.00661005124813383,0.00014420310315788564,-0.0013524195007376314,0.010279746372275099,0.00041474514273645596,-0.0009798583219927245,-4.257209524795831e-05,0.006160739902201591,-0.000651586368782462,-7.882470503512841e-05,0.500516224134429,0.09959679271885422
-0.03400873262031533,-0.2566063993156543,-0.10389267747372369,0.015968767935418345,-0.03535984905947085,-0.003657605459502909,-0.0008440824334808378,-0.0025761950353968004,0.00039633429947102445,-0.0013841513900153517,-1.1296618301959435e-05,0.004236031040998189,-0.0005213898307328856,-0.011729881740542453,0.500516224134429,0.07052509643318454
-0.026575749676747595,-0.16164768442591562,-0.06284468693888186,-0.021424956566913178,-0.021345399816431705,-0.003643154198639891,-0.00019173687367317842,-0.0013316844291113006,0.0009012611449454986,-0.0016071773882455022,-2.1831542018872227e-05,0.007556998078677418,-0.0010459355727853448,0.003228817916645162,0.500516224134429,0.2105233038453372
0.003254764817724701,0.4462526805755534,-0.03126478552888355,-0.012482377266891526,0.017195782322204436,-0.006068497750761252,-0.0005257519593557906,-0.0006438744710688122,0.0013723035215983575,-0.0005375635361014051,2.119253388369997e-05,0.005056149673476216,-0.00019113939765554258,0.001949772251091917,0.500516224134429,0.9239048799192477
-0.012525802894166122,-0.26229097718986355,-0.11145479253792588,-0.03040209395375812,-0.009781191100084465,-0.02573872509086405,-0.0052017530211548564,-0.0046894509954486276,0.00029953141454962755,-0.0032762013217290534,-1.4220096981264942e-05,0.0028308852005005775,-0.0004681097061015535,0.001454748990345774,0.500516224134429,0.03925807183175015
-0.009335274947022777,-0.27393839655746,-0.11210934049929334,0.023949484488709163,-0.013325198716370338,0.0032776568376503457,-0.0006947777509207963,-0.0022376257287738113,6.065268059524104e-05,-0.0016477175386425565,-8.65117763165737e-06,-0.016994137203882057,-0.0005706587188157343,0.00027752133240287115,0.500516224134429,0.09721976063497749
-0.08124125087228992,-0.26888131071904087,-0.012311478285895888,0.0013335147700218283,0.007238467238650562,-0.0014995215027921373,-0.0029090011708769645,0.010094948959420275,0.00021776904676162822,-0.0007153485522973642,-3.499842481300602e-05,0.004685632176527218,-0.0008472120530795597,-0.00039925869580928225,0.500516224134429,0.15524717604891916
-0.01628934360391587,-0.24885576137635076,-0.07386216857407372,0.010254437901604737,-0.0009135710909070226,-0.034159311488876035,-0.0005091691757246828,-0.0034919714048681516,0.00033806195878251905,-0.0022282933592658815,3.971348704545533e-05,0.005013541766057931,-0.0005067951663281266,-0.02151564683101826,0.500516224134429,0.11382994717659478
-0.005919992407030346,-0.19323967652290788,-0.06414182191335137,-0.018674438470416208,-0.05124588137035595,0.00582727128314702,-0.0019999074701617125,-0.002320829915431265,0.0004657655330725294,-0.002341354621615222,-4.2684221417343593e-05,-0.04042860431445423,-0.0004486535764527906,0.003147672051727305,0.500516224134429,0.12915308819878538
-0.008272296732276418,-0.2065595797098909,-0.07557447731583386,-0.02832478729698169,-0.08440933850775635,-0.06220373197647066,-0.0017246248189693124,0.0017365330438664014,4.1941983368990475e-05,-0.002870179571165317,-1.8050635138036215e-05,0.003968723261887299,-0.00040329978465438506,0.0015943377287147172,0.500516224134429,0.037497393803132904
-0.04797763202862545,-0.30389986823601167,0.044415581271634016,-0.04942444945440369,0.0074511329859298925,-0.012673604711347977,-0.002970332084168998,-0.00682439444442359,0.0002417119929143722,-0.0006025322336513955,-3.590526871106643e-05,-0.017676810297245257,-0.0008518342748238179,-0.0016176853021499422,0.500516224134429,0.10806960204934794
-0.03287769808574666,-0.3005446313736511,-0.012842754143453051,0.01679490124710368,0.000633238015962636,-0.0035696234140515388,0.002960826579021287,-0.009664519990806227,0.00014026730610375277,-0.0010947121901774557,-1.2591879820986206e-05,-0.013857365952527784,-0.0007378977952059039,-0.0012728132651846748,0.500516224134429,0.14457084919199875
-0.033361143338588514,-0.2641828802289095,-0.09929300768185786,-0.024621512381452312,0.008745947587845516,0.024436568609851335,-0.0019556295747154544,0.006600068912724266,0.0003060359411858368,-0.0019338033532450873,-3.155461984350623e-05,0.002422189317961365,-0.0005821189010805623,0.0008740685543622177,0.500516224134429,0.11793945297867085
-0.050472141950795066,-0.21725631765842082,0.09875016048365905,0.023782646639272507,-0.08273868858755525,-0.004450600912198764,-0.004143592974415418,-0.001521306716606068,0.0001985771404872959,-0.00043266586512690327,2.0458226789823652e-05,0.0052522059475485685,-0.0007655210288443736,-0.0061640540347598,0.500516224134429,0.2605753828434673
-0.05704146092859446,-0.2285477765050178,0.1358724171067122,0.016635390504581682,0.022986699355481074,-0.020087383430903577,-0.0031245522864211464,0.0012580558070949999,0.0007389202430494096,-2.9959260295947142e-05,-2.8087146601958443e-06,0.007828357257115793,-0.001246313564628504,-0.0036800684404499017,0.500516224134429,0.37207574127749704
0.008698040673989292,-0.24974702635359478,0.12781661213885573,0.016316675089621223,-0.011356703312773778,-0.03609406264326078,0.015198606967973764,-0.0038710788295135195,0.00015887318881981893,-0.0004299064492253391,-2.7706766016347005e-05,0.003867331202486941,-0.0006179930484879486,0.002676911707824688,0.500516224134429,0.37310479770113153
0.023056936249373494,-0.1894097597745589,0.12097910197995447,0.09876432064281446,-0.007163155611297012,0.020987090396879845,-0.0016911386083515406,-0.009327047327736485,0.0004301088618314392,0.00010963842158836533,3.275868508252171e-05,-0.012727737614592071,-0.0005835428394759812,0.0012438276469023998,0.500516224134429,0.5452176252428469
-0.07203068460016349,-0.21532695736445628,0.12709606545969648,0.006180481394091415,0.013143658024552774,0.0008965436874555003,-0.006543474545297549,0.0010333019478357345,0.00036159125869641425,-3.2961448108734863e-05,1.0709005221048376e-05,0.0064766139439219736,-0.0010673512945852696,-0.003901739854796741,0.500516224134429,0.3568120197484963
-0.024356344068380057,-0.2408573531655801,0.09075697429935352,-0.012158453387190344,-0.013113791075678045,-0.0825061160402358,-0.005973902618848872,-0.002570027777537337,-7.447213244603698e-05,-0.0007806003964605349,-1.3011198945251264e-05,0.0032676503031926884,-0.0006915558162041367,-0.010525684813744848,0.500516224134429,0.20091953624572767
0.012347867990638393,-0.26897236338389957,0.08325081559912027,-0.012781159560724658,-0.09623184741843673,-0.011177607042764638,-0.002237679257571993,-0.007957722134487559,0.00037935680711547983,-0.00044286529470924,-2.2380672067987642e-05,-0.026839779270962934,-0.0007375583137815112,0.001703970759963661,0.500516224134429,0.17079727294186406
-0.028893538010544156,-0.21041968821854853,0.07061750115803554,0.005190499254610403,-0.13376840453486552,-0.08362802427856796,-0.003921838439193616,-0.007623053193579197,5.506631658755505e-05,-0.0007463359809265515,0.00028895213528990513,0.004994969148607777,-0.0007124931301110092,-0.0004407597925930042,0.500516224134429,0.11150907656863442
-0.04733552324272153,-0.24355564267302438,0.0841908395826941,-0.08534610479252996,0.02156448671284794,-0.015633569546695966,-0.0042730940692963446,-0.0070801935319811,0.00020607847420291972,-0.00015970718504315735,5.330650749765521e-06,-0.024851777077543047,-0.001298512582903829,-0.0029833735645761225,0.500516224134429,0.1739654612886126
-0.018913982133680046,-0.22134253085018668,0.10867844464640146,0.01989615518736974,0.00041142186858679144,-0.012413221919559994,0.010280770756480694,-0.009962213017321376,0.0002908784319224848,-0.00029026781010428685,2.2123563710986986e-05,-0.02865138319279671,-0.0008699794963826989,-0.0015063070770879622,0.500516224134429,0.3461461330917847
-0.025377487322627634,-0.22335784593189117,0.1350401205169213,-0.01856048053914159,0.017392532039803395,0.044164327244733154,-0.003954633276012372,0.0076716884396974844,0.0007371459435508653,-0.00010897142995708938,1.8861729009003813e-05,0.005789757734025305,-0.0007394859868688285,0.0014686845648617317,0.500516224134429,0.44070043786053575
-0.03340063851336168,-0.2667971426151659,-0.09197853368384956,-0.0012788520231216882,-0.03987303767918869,-0.006400711549418131,-0.0013574499333799514,-0.0023095681769275066,0.00038962663335748735,-0.00164407114002225,-1.2675890297011562e-05,0.0032358248076415604,-0.0005445805989532414,-0.01518785768060672,0.500516224134429,0.043356556091141474
-0.026698019158201063,0.4671025352477185,-0.03919606832707018,-0.00881762790293661,0.017336866767722725,-0.0009303747963808505,4.796500232942256e-05,0.0008131053088965563,0.0010698234797676912,-0.0005020691198727511,1.9178745100667636e-05,0.0038553919761482947,-0.00022692459791243258,0.0029418321259093516,0.500516224134429,0.9173318388856522
0.007929343665459897,-0.2631234885525871,-0.12396158163131903,-0.03400701179456696,-0.004823141784407161,-0.020304190927339393,-0.004384145827327083,-0.003969399378743528,0.000326320955369952,-0.0026580644508501423,-1.5542328301680313e-05,0.003811241880143288,-0.00042547017610241624,0.0013916938662125722,0.500516224134429,0.05630278765007327
-0.05893204812748866,-0.2764280067106932,-0.10973961230707562,0.007123114787414769,0.0036525162744738457,-0.0061185142778896855,-0.0014587942647306252,0.0020956178681920796,0.0004858738561801336,-0.0014317736526247465,-1.4093678685308923e-05,0.0030204120919475955,-0.000730453260369388,0.0001275692893036214,0.500516224134429,0.062168032022388076
-0.006618684426869586,-0.2713392668668667,-0.09304090668597988,0.008582257724859313,0.0012278156674730655,-0.03297004940277675,-0.0002306644392940752,-0.0015942409205319146,0.0003299454629837288,-0.002133897311394945,1.668543402540855e-05,0.003600487474457981,-0.00047821862597086334,-0.017808970517426356,0.500516224134429,0.08805851670112184
-0.02545199397104918,-0.2408726925592968,-0.1092587630321897,-0.038946158781682234,-0.04201781791235639,-0.00526357235186359,-0.001607482211203551,-0.005153975328940364,0.00019307280495333727,-0.001594225516140716,-5.726644353561304e-05,-0.015584695287721613,-0.0004596943301078499,0.00024264068579671794,0.500516224134429,0.014683599899095479
-0.007400028627807484,-0.21033883344462556,-0.09515375731037609,-0.03527115610078933,-0.07544496938365694,-0.03968251757470821,-0.0014034911878937919,0.004542484303346429,0.00015896222965220333,-0.0021690295129056965,6.971345773604395e-06,0.0036269218508024033,-0.00037339920643201504,0.0005441420337305408,0.500516224134429,0.042158523548542846
-0.032442229891039745,-0.2825247979131822,-0.0999359073313437,0.01455498863585522,0.0015583613357929482,-0.0029444531325404557,-0.0003030698286991662,-0.004526136236431676,3.6562004405573725e-05,-0.0013275267391671965,-1.2908866982247691e-05,-0.010455557031382049,-0.0005680390343812748,0.00012967441276956452,0.500516224134429,0.08175518451810675
-0.06781762798288114,-0.2650529168229794,-0.04696770523221753,-0.00964732014208357,0.014555092554441892,0.023621674625369807,-0.0007074325390136416,0.007044638535518043,8.242861945843065e-05,-0.00042617307478654345,-4.743466641614853e-05,0.003914517008259814,-0.0006751290058137955,0.0009052564433786522,0.500516224134429,0.15929809245466756
-0.034529889658535,-0.2448300170015621,-0.10653218669379587,-0.0013861108046588542,-0.04129372223232428,-0.006581081899206545,-0.0012377182860432959,-0.0016043179585991678,0.00040488810860915515,-0.001852929464246838,-1.7408821138990577e-05,0.0031352487125406924,-0.0005270137300210513,-0.016204960113080258,0.500516224134429,0.0474590042923713
-0.004792479409842475,-0.2536578783757922,-0.04985139504166419,-0.018530412577065093,-0.012035700144141313,-0.03964951193856218,-0.005744566804482559,-0.005405686818815918,2.7881553503418663e-05,-0.001345915380625499,-8.702437955793601e-05,0.0024628782633163465,-0.000733443027879258,0.0021597067487794247,0.500516224134429,0.11333267680160296
-0.07351630944964832,-0.2636364479092884,-0.00019486790652534694,0.0015923405585096027,0.0007629809482696688,-0.0019274880854425812,-0.0018039692051732524,0.006078901979055172,0.0002491491381489022,-0.0007256997873832237,-4.0643253713509935e-05,0.005063635880556183,-0.0008195845320741803,-0.0005107203531903528,0.500516224134429,0.171087502156533
-0.008085471758926818,-0.25462991479522395,-0.10728691692006642,0.0007841630741755783,-0.002695489988660381,-0.05200650851399283,-0.0014447796536748792,-0.0014542254485364811,-0.00013791342767952459,-0.002577416003030644,-2.2843800572922287e-05,0.002179322239383489,-0.0005023224383603406,-0.021580981738659452,0.500516224134429,0.0510549249606084
-0.0031123992617704734,-0.2642109057744294,0.019848450653307422,-0.034198460232684046,-0.06359779605968266,-0.004249457199519946,-0.0020919052992789695,-0.009694669894651117,0.000163722254991608,-0.0016622089901437336,-0.00013510724652195103,-0.021172316647637794,-0.0006948963942250671,0.0025471203593043336,0.500516224134429,0.1182553944014916
-0.007178993743172315,-0.20535678997627196,-0.06946699200572236,-0.028264779587472328,-0.09150962711227058,-0.0726250690069735,-0.0014354621741046827,-0.0024285726329037064,-0.0001757289531188741,-0.0015849969493846715,-3.5155600229301156e-05,0.0028503014567756208,-0.0004928417396934184,0.0010509038639007664,0.500516224134429,0.02386241997379133
0.008369889954061452,0.4212089629473609,-0.013142811235236636,0.028082143305514142,0.008063801145344777,0.01226985400586932,-0.0013556104731247706,-0.0005286341963028814,0.0006489802567364988,-0.0005031864748840149,1.7107188176342066e-05,-0.005656223012575694,-0.0002480704231798099,0.001153453300310718,0.500516224134429,0.9588958804225023
-0.049850944936169116,-0.2721034074284574,-0.04831554322820993,-0.012163279265810664,0.012362628889815826,0.020464616672336865,-0.0016156009690745817,0.0056182400864632455,-1.0518140100604322e-05,-0.00028822791276778936,-3.33132564894246e-05,0.0036539291738151387,-0.0006901781017224235,0.0005574839014625558,0.500516224134429,0.1581021096195255
-0.013251257747003196,-0.24585860904770723,-0.12111955819023561,0.00028610704126727537,-0.037880307762235534,-0.004236999732773696,-0.0014617686620147941,-0.002373478235455883,0.0004428250976167599,-0.002457942448851921,-3.036138925636152e-05,0.0026815852753496244,-0.00048462781808612934,-0.02079914739552373,0.500516224134429,0.05397268311952344
-0.008780082728696622,-0.2520402129060497,-0.03256993423138132,-0.016919943064049467,-0.015107633882552658,-0.039337058668161104,-0.007892802345620646,-0.006421270098271619,6.0364088022687006e-05,-0.0019185487893052361,-0.00015365550679513794,0.0017292402471956294,-0.000716633131398559,0.002105823713979059,0.500516224134429,0.1225538768313475
-0.04481638252361022,0.4137551879794566,0.020444071950200975,0.011102971137075346,0.026489071258114796,0.006297779684627519,-0.0004299882199624088,-0.002223604162475313,0.0006777094139387457,-0.0002449857086021758,1.4645496759660335e-05,0.0025183124196469877,-0.00034290058383194,0.0018958987196795324,0.500516224134429,0.9356540109954505
-0.0075499855990952365,-0.23866810784751905,-0.008256016931325891,-3.4091488557069416e-05,-0.0062403862082871814,-0.06629026436847073,-0.0017971094256352357,-0.002860298786572893,-0.00021982262198012758,-0.0012476138395496063,-0.00015812406466923093,0.0013852374412512147,-0.0005816300658836058,-0.023540322273099615,0.500516224134429,0.1444576880550383
0.01271054528787831,-0.24371083114627448,-0.1312534362237789,-0.023483917215021476,-0.04644040676729017,0.00469826434686201,-0.000875923457334796,-0.00287186250478334,0.00034495571546598613,-0.0017539631332902834,-5.9077369329794073e-05,-0.01583021995962195,-0.00038115087170490164,0.0018860315834925499,0.500516224134429,0.053495232419701534
-0.006768609124448596,-0.19797783854805473,-0.1059742062793781,-0.026979949906097714,-0.08759341397625775,-0.05985473976952583,-0.0011009903361008557,-0.0019969344399079995,2.5178222912833163e-06,-0.0028203203300114312,-2.8947705697881556e-05,0.002590004604951633,-0.0003775476548479366,0.0013571272272233932,0.500516224134429,0.012992375718570117
-0.018161236905075956,-0.25795300901088075,-0.13329545403967305,-0.0326341733904639,0.0085041434583101,0.017584802958632694,-0.00107672822646087,0.01193607719690143,0.0003462589339761943,-0.0014915679771331802,-3.209281240504092e-05,0.0031784082208661186,-0.00046831354799817265,0.0010471228996470313,0.500516224134429,0.09800046189267553
-0.0035501168745514992,0.4247920527302904,-0.0403215369000123,0.00927416715454701,-0.044345946067337064,-0.002857017328811767,-0.000897410802799319,0.0009921750588610223,0.000762621733203225,-0.0008889701830236457,4.084580792803588e-05,0.002531448102304303,-0.00019557853584171997,-0.01592915149563504,0.500516224134429,0.8299238065335558
-0.01066622582463087,-0.23355309093986418,-0.14483106946624635,-0.029747182574289408,-0.0036633703678742315,-0.01890236615600998,-0.007145362038820505,-0.0037412633718855947,0.00033871148738850553,-0.002854736604258284,-2.2557737729830774e-05,0.002358588823676287,-0.00042623897540439496,0.0011319161288507072,0.500516224134429,0.04879197651733379
-0.004280781766559157,-0.22028456561342552,-0.06692351090386864,-0.001940691942202476,-0.0015586583955626723,-0.06588418161872449,0.00022780460720437585,-0.001368303309962419,-0.0002777334496602203,-0.0020083182870171867,-3.630243377781925e-05,0.0017081915796581448,-0.0004982636686842184,-0.024820839634387592,0.500516224134429,0.11257006929746233
-0.03581709588256978,-0.21671823213959265,-0.11968590656416377,-0.023755271746177756,-0.04788853077401105,-0.002452932980626013,-0.0006626744383116,-0.0034343604818551617,0.0002388433308529977,-0.0015467610825249999,-6.384925240512441e-05,-0.017256813889648174,-0.0004664737222261381,0.0006011449781053545,0.500516224134429,0.03160730948927846
-0.007708177144390187,-0.1936335904147059,-0.1024423648513602,-0.025635938739635256,-0.08964004631503686,-0.059047823207848,-0.0010633895467263036,-0.004036221616374339,-5.429915971770758e-07,-0.002187439633241592,-4.939855449192436e-05,0.0023551311581669395,-0.00042304870432649657,0.0011613448979751375,0.500516224134429,0.01816471847084003
-0.006742159893170928,-0.24029768428131582,-0.1661980375552378,-0.04377763759604347,0.008604713129751683,0.009052590808580284,-0.0008614458260857468,0.01263584482445964,0.00038528978021975683,-0.0012337945614872706,-5.2462736342614236e-05,0.0036935519849325693,-0.00042064414163551453,0.0005033112969990995,0.500516224134429,0.07580765936805517
-0.011817840966300161,-0.1445684867650251,-0.21387409667287055,-0.03071569245856075,-0.01085752867909634,-0.02022407872758631,-0.00993353172591183,-0.0024254996308476946,0.0003615529102977356,-0.0023340581497010944,-1.9163685585233152e-05,0.0021040464638510184,-0.00032820304157142474,0.0019451396311234855,0.500516224134429,0.057828782636647855
0.004799223123696416,0.3564089751485726,-0.024911615835646772,0.04620090887343928,0.019959097419987807,-0.022979005739669902,-0.0005194170107624421,-0.0010289378747382575,0.0009387981761455449,-0.0005690420733206813,8.917419003358697e-05,0.00797405625732063,-0.00022685898104898158,-0.01686494579176706,0.500516224134429,0.8697866340166749
0.021800708927372323,-0.21997031429073993,0.012442621088290176,-0.036274944645283136,-0.06507973788334219,-0.004990148379289692,0.0007254012253966994,-0.009735623497952739,0.00023455268962928292,-0.0013923363904761541,-0.00014709649746105836,-0.017823770432542848,-0.000430782905326106,0.002464806753835829,0.500516224134429,0.18233955989654269
-0.00682692149631251,-0.1863124890690442,-0.10814734737861462,-0.026489219789540885,-0.09038762727510838,-0.05936264933083999,-0.0009893656594745723,-0.0010313276117978752,4.907229032869357e-05,-0.0025667819863094275,-5.43435299876904e-05,0.0033358773729588163,-0.00035555338777060625,0.001305467787618703,0.500516224134429,0.022683015070538298
-0.03507511875125813,-0.23170280440867513,-0.12909577264146194,-0.023736141096077242,0.010222964710983183,0.021167988221450624,-0.0011170151018696037,0.007782078394193635,0.0002888814083764783,-0.002030294595392724,-3.9208756112960554e-05,0.0008641418894220358,-0.0005494325783881554,0.0010510461544133193,0.500516224134429,0.11854753698403558
0.04178835629362774,-0.0031450416680592484,0.10761983017909377,-0.01563492037448499,-0.011830352944254652,-0.018189879051200803,-0.011447944154769898,-0.005905111624700024,0.0004991039647994346,-0.00026001648757983004,-6.331272201713731e-05,0.0032314870926724156,-0.00035243903147125216,0.004837143508090932,0.500516224134429,0.5916631271141787
0.010399082774550959,-0.00527978115293484,0.058784074618512004,-0.03428858823237551,-0.0607719011611976,-0.0015919752504326564,0.002049307735927288,-0.00806724735029498,0.00042495696335140173,-0.0009821309142545437,-6.782525081674661e-05,-0.023908568332258844,-0.0004842851416159713,0.0048174308739188185,0.500516224134429,0.44154877431451156
-0.0026943771293841978,0.08010000352606443,0.06610241743823295,-0.03167121057397664,-0.12294855360376952,-0.08503535632002242,0.0009933400557187613,-0.00819905387470501,0.00027626612129355555,-0.0009158068143387551,-1.0936985906867578e-05,0.0037836710604292503,-0.0002783922192351942,0.00244690390736191,0.500516224134429,0.4024651387221946
-0.0028007425388693126,-0.14803028849305722,0.0343749325248937,0.012878606334226784,0.031189002177806242,0.053932129674663695,0.0016078921180630668,0.03172533287949756,0.0006246935718614565,-0.00022386254174485353,-1.2222415622970494e-05,0.009471830843615664,-0.0007248462610476013,0.004208634789577615,0.500516224134429,0.5287373167982968
-0.019342911609086983,-0.18019756007966348,0.0446656670992791,-0.0357976437496008,-0.09796869805599717,-0.02044769842583646,-0.0030562250556595274,-0.010491097778761106,0.00023128199964429362,-0.0007233621493058357,-5.094139488655047e-05,0.003790379582169473,-0.0009267665670752409,-0.0328234266822456,0.500516224134429,0.14737722126740627
-0.03406865186161868,-0.1728408880917417,0.08967115701139247,0.009120347277325396,-0.014685891317472598,0.001929599786720138,-0.0028107082489268113,-0.0026620571795778975,0.0002961091748705736,8.234398740988161e-05,2.405222640435689e-05,0.007699415057846317,-0.0013549441802533032,-0.0043615911627242,0.500516224134429,0.3765545166140863
-0.06887669606388117,-0.185396861551877,0.06108358811722363,0.008845653398667183,0.014765701910959942,-0.001022580851224727,-0.00653345477374346,-0.016126499767074202,0.0003159282371510072,-0.0003393950938723168,2.345368267366083e-05,0.00665135971504744,-0.0010922878126257576,-0.002141779738127706,0.500516224134429,0.310672353543729
-0.05400435218289392,-0.17393777080454384,0.0868644486159636,0.03347413476153946,0.029136910566399603,0.010963060654811552,-0.003826867818130328,0.004540643758468958,0.0005088783954046119,8.946898001638328e-05,1.3795235657333282e-05,0.008120809617066037,-0.0015136307864832435,-0.0016263128536619736,0.500516224134429,0.43931944027404674
-0.018230633930596367,-0.19230670270990885,0.0685313081082949,0.0051438435446604655,0.004879384387334745,-0.025221968127108755,-0.004438958677887188,-0.0019231259611707694,0.0005433662565667659,-0.00018794417013792868,-6.932976683860496e-05,0.004100235206896036,-0.0008886791817282781,-0.02099695890373482,0.500516224134429,0.3194500602090739
-0.0011770447679649303,-0.18059426066614806,0.02486871176001695,-0.025503265960218933,-0.022690611362907787,-0.06379303076113932,0.0045825727259348305,-0.005661396644817846,0.00012370392647105812,0.005974823948968663,2.768225089166312e-05,0.00037899251044573904,-0.0009433949497700912,0.0024202318295263843,0.500516224134429,0.23852993797372068
-0.07716028364228925,-0.18351687766877836,0.04734654837768902,-0.0022367979268887194,0.019326731288459204,-0.009309573735505514,-0.006710179323121022,-0.0028703141728366466,0.0002555948949069584,-0.011662586133811059,4.68691729849054e-06,0.0061855819959124245,-0.001403904745249636,-0.004280858388010227,0.500516224134429,0.27448399187220857
-0.005816311611655332,-0.17686235105100895,0.03725118237374149,-0.00019691354782925896,-0.09361532594075538,-0.003497921485362537,0.005234737345576012,-0.008370128672376862,0.00027757077461718234,-0.0011628122685493488,-3.12731557491598e-05,-0.026667284571156847,-0.0007660020536009851,0.0020541832288304028,0.500516224134429,0.228347573499153
-0.012884089630396436,-0.17754002994235576,0.07076664092114518,-0.005956336660344154,-0.069537399116901,0.042703927096019355,-0.0018663618800384293,0.023003943324054883,0.00032085864388526784,-0.0002480727242112835,-4.1746738833180256e-06,0.0065664773384032475,-0.0008824672019833075,0.0027456335120046383,0.500516224134429,0.3777047731398312
-0.0057666334383008125,-0.13598680399753826,0.12771804912230073,0.021562269868024217,0.04227918301507757,0.022755923174458292,0.0002550061137635604,-0.0015554522411559404,0.0005277771122121789,0.0002294748493521473,8.630059157556184e-06,0.009532279152908543,-0.0008493143748981942,0.010881734756279071,0.500516224134429,0.5921083473060735
0.0064986587632277805,-0.1989315932636469,0.08541208220229049,-0.020767162539888855,0.01725944863600647,-0.00493618611166189,-0.0013556037737868323,-0.004425622623799403,0.0005851150126872842,-0.0008007315872822985,-1.861956059599295e-05,0.006310338405265738,-0.001069644578197657,0.002617836372519392,0.500516224134429,0.38689453948756997
-0.04169410780038571,-0.18036531014542687,0.0513231564794565,0.024261753003785982,0.0006725079253344343,-0.055197305135197314,-0.003502160389054778,0.004126189562525986,0.0002535988650122448,-2.434213905096971e-06,0.00036273018175087874,0.006601330302058574,-0.0013531459517755117,-0.0012282609217324507,0.500516224134429,0.3047747658968795
-0.07006368181508861,-0.1808177835035545,0.0914527614757868,-0.00723939528037891,0.019669899345974132,0.01942492407944397,-0.003093719506849394,0.0031701757039298713,0.00041618183036757316,3.450800068273253e-05,1.697095718176465e-05,0.007325716237717537,-0.0012116891539429154,-0.002623055265444563,0.500516224134429,0.37697803724025797
-0.030028462080494946,-0.18353825298322574,0.0319122650524695,-0.019292376652414296,-0.07156415398164202,-0.00529863084836661,-0.005384210946473696,-0.008941959389858329,0.00014781753712495837,-0.0003678470231127491,-3.209350643337041e-05,0.004419649964456182,-0.000876066713542675,-0.021810805713035692,0.500516224134429,0.18986109684988378
-0.017684533075950058,-0.20137830758517794,0.044649067652805845,-0.011455221596567177,-0.07122742432490169,0.0039459397489413585,-0.004701778942739285,0.002316587155310573,0.00017748910494771582,-0.0008558670841559368,7.79694166487809e-06,0.005553337629950915,-0.0009447841211593388,-0.000641114132987244,0.500516224134429,0.248277411504415
-0.07694440347800732,-0.16235947498854889,0.07679730332196319,0.02970280433536252,0.03947280243967444,-0.0217571107532416,-0.0022947237289568335,0.0014339244607411003,0.0004941244462589753,-0.00020717860537781038,8.248948115019103e-06,0.006347990064073615,0.03945560016553397,-0.002092864873094597,0.500516224134429,0.428573265888929
-0.002767603583753761,-0.12010907147945495,-0.033322494517818504,-0.06119002766939345,-0.04532937968574009,-0.011645432065468569,-0.0009244350358687825,-0.004199854533224942,0.00044762028825149627,-0.0022625584865881097,-3.41863879273992e-05,0.009482026138086092,-0.0006495606853168099,-0.03313644801597332,0.500516224134429,0.19487481841424206
-0.07294478911081684,-0.18037838254058913,-0.10168963457395001,-0.02876898719306674,0.0011338667222091049,-0.011001775842813324,-0.0010674262305731983,-0.009141638863944687,0.00046843490865762754,-0.0009826645326107193,-1.3282434548303937e-05,0.008212908397270144,-0.0006252435579807379,0.001337801350577718,0.500516224134429,0.1050554106322537
-0.07866650425477474,-0.14275506841291535,-0.07328399660108588,-0.032068588245220145,0.01105239569908311,-0.005462909898774568,-0.00048581605876239694,-0.0018667441800840952,0.0007672810819933048,-0.0010176845451273272,-2.990607149600804e-05,0.009988233031139684,-0.0009025453176152195,0.0038259860639375757,0.500516224134429,0.18961035642473045
-0.027685704370556417,-0.15487871627850372,-0.07648369063749466,-0.01269258993419061,-0.015334332499771675,-0.011340679615291298,-0.0012414193724075032,-0.0013660207543070733,0.0008959816739270521,-0.0013841801516198662,-2.0878146455772426e-06,0.006662860438708932,-0.000970738060399568,-0.03338496620714052,0.500516224134429,0.17130994055074017
-0.09940223690723074,-0.13347085532559555,-0.037400710480479354,-0.056548870955814276,-0.009257575714150765,-0.00992927679491715,0.0032050315902468537,-0.002635058012617723,0.0004230538664685981,0.034147781102286265,3.32363625921727e-05,0.00943601123563471,-0.0006985297575516109,0.00243167005321801,0.500516224134429,0.20084989439652243
-0.02259237081812425,0.3900069615379222,0.03311927184402561,0.012008298798773248,0.022661982971080134,0.008484106479878762,-0.00023054132439755058,-0.0016898520646407586,0.0004611527647821341,0.000666284942462436,3.4606568731795772e-06,0.0015749731457033913,-0.0003141504651904647,8.436376727182319e-05,0.500516224134429,0.9447601663708528
-0.06593271489848641,-0.16225244002730063,-0.06757130714871488,-0.030462511080963157,-0.05037288268909381,-0.0007280559926966823,-0.005423152982781327,-0.0050037977304547955,0.0003143807932856278,-0.0018225096300212042,-2.469872505878853e-05,-0.034100070226176435,-0.0005931488177423623,0.0010669443990767857,0.500516224134429,0.07761025937730504
-0.06950282930486648,-0.15709537613408164,-0.0765669294358919,-0.057169549031551296,-0.03164205649825043,-0.0012173352590362676,-0.0008858181128857189,0.0037769137189363616,0.00027300822534412664,-0.0011548871610632411,-1.7769818367597386e-06,0.006832635193743379,-0.0005970859018512876,0.0021560105062867316,0.500516224134429,0.11772114795742837
-0.07791451760768588,-0.17237281863147622,-0.05287964500152179,-0.06922750443831752,0.00761950090153552,-0.011560727997930096,-0.0007887183384667686,-0.0020267693250892215,0.0007127442621120024,-0.001335704326825978,-3.257969371836416e-05,0.008617011622577877,-0.0009954432654420582,0.0014283318106677978,0.500516224134429,0.1297593841048515
-0.07005548934118784,-0.1604130796187099,-0.0590748091532945,-0.027741251619679688,-0.008612190474991021,-0.06466173708551194,-0.002817095274344263,-0.0014441551422254776,-0.000256277701247433,-0.0011474414490346542,-9.422260385954669e-06,0.006112594200838447,-0.0012538298232311177,0.001999698822937527,0.500516224134429,0.11114173821436563
-0.07783479475627579,-0.18257626534067653,-0.0667158915580711,-0.049425897599891244,0.004083049527265146,0.0026874528894360863,-0.000838397636627349,0.0010080555028379912,0.0004171862133774817,-0.001451354679255141,-3.242999899110031e-05,0.005991590180573205,-0.0008585407901311713,0.0016012503199792428,0.500516224134429,0.13657123640798155
-0.014670413500606239,-0.12213370779252697,-0.08099052993134923,0.020428616956465945,-0.0411627114070925,-0.009731627777140789,0.0002753648770452957,-0.0009779339614467994,0.0006157990084885098,-0.0018359130871876464,4.244143711534465e-06,0.009733767620195852,-0.0006243860669209435,-0.025702861588407084,0.500516224134429,0.2337439316276608
-0.07372976875477563,-0.13540754039675587,-0.044923730121186174,0.03220562183663952,-0.04393547343654732,0.002268996501745703,-0.003907604372658445,-0.002210457504000931,0.0005016998032429771,-0.0020172739457359795,-3.297890759542472e-06,0.007613959869312804,-0.0008894224554704898,0.0026507371360750607,0.500516224134429,0.23873267040355844
-0.061223904098224556,-0.17487798661950982,-0.07835815938786996,-0.0385678961231456,-0.0081093452755968,-0.02318691214725146,-0.0007015416990125701,-0.0028937228314576562,0.0004284645912279827,-0.00152397599081897,-2.479020754676978e-05,0.005729650834752062,0.025246139780639214,0.0024253652236107376,0.500516224134429,0.1448776101842287
-0.06761520993215822,-0.1810255687889264,0.06044906911699262,-0.03461757702524859,-0.12280733187186653,-0.011132356753825175,-0.002804992531288911,-0.008548618373083775,0.0002442310797248513,-0.00051623193533858,-3.93758757540125e-05,0.004827856636990031,-0.0012457072422126206,-0.01141958362130247,0.500516224134429,0.1242648270171344
-0.03183827825807439,-0.1583157582797578,0.09390561588732224,0.020652372146449556,0.017578671924005702,0.0018467911327174067,-0.007548461238809541,-0.006655734773256059,0.00044422585262534405,5.5918625929004356e-05,1.416162878638172e-05,0.0077616387866009445,-0.0011618726832553793,-0.0006272461903239194,0.500516224134429,0.43662826869539145
-0.010403714919519505,-0.137771364706522,0.12347519359217528,0.05585096020554531,0.04177587640684243,0.022497408456285735,-0.004338083293662897,0.0030064395527126227,0.0007114707919123902,0.0002480606715320578,7.096457344480448e-07,0.011898361528867927,-0.0013661306730876456,0.001424803170248571,0.500516224134429,0.6075262145634978
-0.05362035432315583,-0.1586620302565917,0.10917818622061527,0.019690552358754058,0.02567278818406124,-0.017142603656409985,-0.0032025846768494698,0.0017423061117081504,0.000528676824076956,1.0820237627982227e-05,2.493104146654232e-06,0.009291605946180293,-0.00108192517328887,-0.0014850869859063748,0.500516224134429,0.4314390680494008
-0.06070320269410881,-0.18126153734820835,0.032181396325535364,-0.02599409838843331,-0.037096265123447596,-0.06482048672611547,0.006189855397231472,-0.0044152220180059916,8.244815803053784e-05,0.0065798643613201565,2.9967971057885292e-05,0.0036794727844954244,-0.0013791512373748892,8.556225079726459e-06,0.500516224134429,0.17359782182148906
-0.09121304566467295,-0.1750876890278516,0.03512201503720397,0.016272592178615944,-0.11112786000724452,-0.00648683714688292,0.00046449585519818065,-0.011003751345237846,0.0002571814640441239,-0.001386615851887779,-5.26117963362176e-06,-0.031006657681373586,-0.0010243654636262385,-0.0008795280705406715,0.500516224134429,0.12341089723054262
-0.09865835089957216,-0.18062850859561289,0.07053923245560166,-0.010222317615712706,-0.07655994435138555,0.02994052147983194,-0.0022414744464108512,0.02662497391660637,0.0002702634659896094,-0.0001913916564437314,-3.594443819541552e-05,0.007213710847436242,-0.0011135979075073167,0.0020367198628474287,0.500516224134429,0.26749011625190494
-0.04806670469258412,-0.1855255164148737,0.10943727107070811,-0.03193858073959129,0.0369676572720318,-0.0006205369502458962,-0.0016845667490816762,-0.0011252910682512086,0.0005613058516557593,-0.00046014185383221626,-2.3397369179477607e-05,0.00907597849576313,-0.0015898595271552417,-0.0032174353784756157,0.500516224134429,0.3823064060813217
-0.06280362645141103,-0.17662003037111856,0.07573731182785297,0.033196223298602716,-0.005199894045822565,-0.05728106063802714,-0.0036302368759171828,0.0025903452570795755,0.00016914582543368326,4.924939909841719e-05,0.00020807580424691234,0.007071767641000671,-0.001328562550827248,3.290886829563606e-05,0.500516224134429,0.3127078411229192
-0.057229039055339125,-0.18693687659360345,0.1009665887835936,-0.013593507820552108,0.021521247873187807,0.0034678829311587172,-0.005342131574739695,0.008042645803537151,0.0005872393439482552,0.0001324325772324091,-2.561548037675626e-05,0.007374650547002124,-0.0012257243151790505,-0.0018605668549701508,0.500516224134429,0.37639545029933325
-0.018875058889364325,-0.18389925087425357,0.048557269165644124,0.004667818719519322,-0.07736906175200696,-0.005239371208978549,-0.0044715100067951145,-0.0074878934739061286,0.0002776504199837634,-0.00043658749422267586,-4.370482099355009e-05,0.005360961791364907,-0.0009625948372610938,-0.015417651808112045,0.500516224134429,0.24517723906505087
-0.027469318146299385,-0.19955792596621205,0.050567205979702934,-0.00982177233982949,-0.08531336162886244,0.0019019771361948243,-0.005568238746952355,0.0010537090005047207,0.000253195191091111,-0.0008039473801996027,5.704070084670122e-06,0.006369143698214966,-0.0009890931811403665,0.0005170765626939951,0.500516224134429,0.23166057838342421
0.0005954071235095079,-0.1355918658813766,0.10955080280903147,0.05328717555772787,0.05733080224577185,-0.017369350888743387,-0.0021701315860293887,0.0015801205831743753,0.0009667322028904321,3.395447841523216e-05,-2.4945523813007934e-06,0.009091669130084478,0.03701201641178195,0.0011142600366575415,0.500516224134429,0.6159453218049469
-0.03286986816368385,-0.2521179381219825,-0.07025580974265185,-0.046089896942884484,-0.04241997386095279,-0.009152632092307275,-0.0009235891668511966,-0.00549104892277072,0.0001442021927136658,-0.0012569700281908171,-2.7728614023874426e-05,0.00335017442413638,-0.0004884756775280131,-0.010714914637296364,0.500516224134429,0.032201754780158416
-0.016918649808496396,0.3721287458095427,0.054858753734590135,0.01133349192338871,0.01795917515134506,0.012757100974731685,-0.00026017472261424265,0.001249356459152426,0.0007260530186546386,-3.2492813620072214e-05,3.866334871206574e-05,0.0019087192136298357,-0.00025840318683799103,0.0005773977546911494,0.500516224134429,0.9565839609913022
-0.02466760700738522,-0.27434893591811693,-0.11405939695077803,-0.021279377046709697,0.009604014956998754,-0.010126164689234133,-0.0007848098636506967,-0.0025721348671368994,0.0005962202103667804,-0.0012928461446215615,-2.0492472667488584e-05,0.004407407243595477,-0.0005860312746809367,-0.01179112921465428,0.500516224134429,0.05359494109575867
-0.008818664369343447,-0.25593097326021724,-0.037731994446460096,-0.03412211670397473,-0.009851618491648326,-0.029148145781492548,0.004893076392415066,-0.0020100798378441423,-9.373590772488534e-05,0.03310179646055956,3.3710844837700812e-06,0.004627197556472889,-0.0006972602845897253,0.002081912651967546,0.500516224134429,0.16681898919703603
-0.03369042276743263,-0.2549736560193721,-0.08680352487352859,-0.026799985918467602,-0.05018398811533304,0.004863042462939831,0.0010042723546969947,-0.004779337241082871,0.00021757915724866583,-0.0019832233230329703,-3.480577351528816e-05,-0.018164266138155385,-0.00047430194367515315,0.0005540239117627926,0.500516224134429,0.029267629907485004
-0.033110013465420515,-0.25751770548144803,-0.07827285894718486,-0.039642378084055754,-0.03349798536006254,0.018273282294881843,-0.0013649720693900697,0.014210135716697518,0.00027663009890653345,-0.0016730133368529315,-3.100556712071222e-05,0.003791078411029438,-0.0005465973792201514,0.0006461363389279992,0.500516224134429,0.09205695730412009
-0.04192076968926538,-0.2635247791687625,-0.10204059561407679,-0.049709054466442096,0.009564578504093877,-0.005996346829555035,-0.0006787250031454915,-0.002143801118607671,0.00037879431612123716,-0.0010702165118441137,-1.4769413789663214e-05,0.004702802948900699,-0.0005379239152929993,9.785406451422448e-05,0.500516224134429,0.04762327223728051
2.6752966225533696e-05,-0.274750894825758,-0.017710339845890224,-0.023164669630740455,-0.008221556268046258,-0.0611159960313089,-0.0007411142661423449,-0.0038139345280023096,-7.960486908196887e-05,-0.0017129860833708628,-0.00016745521582045282,0.003305480864575824,-0.000586774016301031,0.002394123741866369,0.500516224134429,0.11417725612663801
-0.02788846114503081,-0.2931461284858436,-0.09563412985949918,-0.035354250497187274,0.003584674744891332,0.008897475193288153,-0.001927548041273516,0.005474875997404961,0.0002354486883857638,-0.0011587799789222072,-2.7086064988140948e-05,0.0017410016365533314,-0.0006962744028146196,-0.0003103868198690683,0.500516224134429,0.06430665509952847
-0.010775525958557873,-0.26248351455353447,-0.0719741804135297,0.011197440624722497,-0.0404791386263481,0.011588928343666224,-0.0021247763058914993,-0.005037865592731942,-7.715020066724349e-05,-0.0017984264009836652,-2.6834980695882715e-05,0.0015635080251828646,-0.0005573058517314591,-0.017271744002161717,0.500516224134429,0.11225963824117244
-0.02434625717943326,-0.2552085551234078,-0.10512658014703623,0.0001779455500507456,-0.03918311710701073,0.015496600555083288,-0.0020926100805925434,0.01173033760030438,0.0003391090571749699,-0.0016777932851864614,-1.8184910966505274e-05,0.004289425382645456,-0.0004771205882013476,0.000924013795972275,0.500516224134429,0.10534343765382907
-0.03316290093176603,-0.24490487331445682,-0.05722810940915335,-0.045270725296637,-0.05416359641058718,-0.00996277882235985,-0.0016782383176741217,-0.007448226557810297,-2.9760274994558608e-05,-0.0014294061804023728,-5.133342363283594e-05,0.002368990268414529,-0.0006858506186760655,-0.015288632276314617,0.500516224134429,0.03158078256838255
-0.0018429669058457237,-0.27014271836625664,-0.12915167366373234,-0.02774595289911425,0.003126102831372971,-0.015236330552589179,-0.001199235011827698,-0.0031031397177870277,0.0007969774528014585,-0.0016560973842216114,-3.6868184356863244e-05,0.0032465654498409612,-0.0005150111504180721,-0.015285089248816035,0.500516224134429,0.04177078678348368
-0.04552700727136836,-0.2532875092508411,-0.07511094833778106,-0.04148535599908576,-0.012159733372572805,-0.014900201804482946,0.0012104220021615512,-0.0014432221828839056,0.0003011290980707733,0.03537194178479682,3.087271159400633e-05,0.005104020210691068,-0.0004862577805467132,0.0009396357653824273,0.500516224134429,0.09907400970756623
-0.02932943506496621,-0.2536406686195397,-0.09748011512726056,-0.024409480706164347,-0.04808346894349383,0.0036148551475910025,0.0026960094300122832,-0.0059661645174278475,0.00021870733350143847,-0.0015116856011480925,-3.531627917347404e-05,-0.01835245010370893,-0.00047233474329666996,0.00046927764935466323,0.500516224134429,0.02823395398871228
-0.04931917761342842,-0.24586089167916944,-0.08213597067911972,-0.039971246714600304,-0.02674659306291403,0.02178238544696738,-0.0005091548246197679,0.00985716074921932,0.00021878686881829674,-0.0017175247871604922,-4.186411075453819e-05,0.004189307020260001,-0.0004383950318085458,0.0013042809492027335,0.500516224134429,0.09112732666532514
5.3108179724189877e-05,-0.27420647396622966,-0.10506264918277786,-0.04482314602193933,0.011032228377252257,-0.0035189476511647347,-0.0004153915767607614,-0.0027655797723153182,0.0005317944229862717,-0.0013524164716151531,-4.131647524579003e-05,0.005064030898571851,-0.00047169808610304337,0.0013706552408776188,0.500516224134429,0.08591042204969362
-0.027379940599831582,-0.2546684558192604,-0.09476124444768295,-0.020513486490065073,-0.0024451976917302496,-0.04604889703987414,-0.0011361072234560797,-7.81603968636297e-06,7.238197578800465e-05,-0.0019870350837418965,1.6348072818574748e-05,0.004177585514180176,-0.0007183502798899761,0.0012886813681944821,0.500516224134429,0.05640469035019455
-0.05461005707120156,-0.2751166039550805,-0.09471449879170651,-0.035569273576493005,0.007108697641340708,0.016489147739398555,-0.0016007819613386401,0.006247734776841876,0.00028571719609607867,-0.0011798952529685092,-3.990205377453237e-05,0.001956718492143816,-0.000645425381978897,0.0007736135033942093,0.500516224134429,0.06990141543910666
-0.01799255875040643,-0.26403221798064064,-0.10299097874345262,0.008849029198636409,-0.03651292542735666,0.007437230235512485,-0.0010079732159838854,-0.0035846160519456445,0.0001368825973229641,-0.0024931937187078457,-2.7341274012626463e-05,0.0025613833472990528,-0.00047939603308846035,-0.021713409056278294,0.500516224134429,0.06866613926133291
-0.035604060928969644,0.43576936992696136,-0.04111357098847794,-0.0026885537332801994,-0.05583536681638713,0.015968598466189227,-0.001130010672558274,-0.012644377755814564,0.0006176505327700585,-0.0010920118665719912,2.6032148906840743e-05,0.003352913961662483,-0.00027577080472613436,0.0009061762699477785,0.500516224134429,0.8067732418740861
-0.020549957329422355,-0.2381345992799114,0.09099709093922588,-0.02858247752837556,-0.09950152584866011,-0.017077217976754593,-0.0017166681709284261,-0.016145354095558912,0.00024686466768892917,-0.0007433855227668817,-8.190092356765615e-05,0.0039036273819031348,-0.0006613363807364314,-0.03259215184918266,0.500516224134429,0.1398772322173857
-0.028096191990002867,-0.24363667654699087,0.12042953350981384,0.013542309382552943,0.014664625669508503,-0.028019725834712843,-0.003751191572340506,-0.004869271800281335,0.0005362450217808512,-0.00020431476648512324,-8.436996126392835e-05,0.006030150781630049,-0.0006757300059167177,-0.031026224386160147,0.500516224134429,0.31535539163556475
-0.0048169276999394,-0.24681894212990754,0.07464586241971072,-0.023582170040233445,-0.029662312233209465,-0.062373050335161155,0.00037664146872140564,-0.007063347939642121,0.00011804436780960814,-0.0011976602016260816,-9.171823217005177e-05,0.00158050526394376,-0.0006145202074631242,0.0030152867113453622,0.500516224134429,0.20403191534661066
-0.04003262642293156,-0.2328366647509852,0.07755321504221956,0.004338799701303498,-0.11694111264922448,-0.0025086775632258357,0.0039953310661139715,-0.01092915109671267,0.0002685408617691337,-0.0011962886000412684,-6.22911676028595e-06,-0.023505381305381476,-0.000891370822823469,-0.00019915838254694787,0.500516224134429,0.15762545009520645
-0.01733779753902829,-0.18359552536042878,0.12905626224657638,0.01153551976867636,-0.0592999306511955,0.0671101943645791,-0.0003530276981217929,0.0510750843065791,0.00046482417938247894,0.00032581381693884865,-2.783496877269888e-05,0.008332789253733586,-0.0006791551534040673,0.0036946100505101725,0.500516224134429,0.510818050750458
-0.010067139146677204,-0.2552567270535875,0.13270272984263595,-0.028406622130740078,0.01979042402725803,-0.0044726101407579905,-0.001657585587583021,-0.007537622532183234,0.0006645457510829175,-0.0008276179347236909,-6.801036343367669e-05,0.00639361277595078,-0.0007226818950800614,0.003996528160188591,0.500516224134429,0.3550474479067824
-0.010968252314842787,-0.19561439777813258,0.1427729921888422,0.03628121883314716,0.009666074878556443,-0.031006579173499797,-0.0013176322849872669,0.00544479552793637,0.0003832706713316386,0.0002710757865377293,0.00034947033011516264,0.008437302971026833,-0.0009336985779941482,0.00030782538885377726,0.500516224134429,0.4645896905813233
-0.07256078338207572,-0.20860052184564518,0.14647314909839237,-0.007793965691332547,0.02099950857446031,0.02740234966045715,-0.002103500493023637,0.009836250261964693,0.0007576564950578149,0.00018731104800673765,-1.7576733675608665e-05,0.00777735600816604,-0.0007877759216189549,0.0004992494730436318,0.500516224134429,0.4225849306866095
-0.0340300911242324,-0.2371088173255949,0.08416662881236468,-0.007730961228873887,-0.07023099804962782,-0.0018048343885712487,-0.004926639019826419,-0.01339597216397999,0.00017222335566650378,-0.00030333763780813046,-4.37053942991818e-05,0.004243194217111342,-0.0006501792653946701,-0.02679770579813918,0.500516224134429,0.1920750291232281
-0.013680589339209456,-0.18143915524454515,0.10740930154899676,-0.02899153636435746,-0.12387134744038339,-0.011339638292392991,-0.0009226755014500329,-0.013067733260206781,0.00040362239907265813,-0.0005381286736410023,-7.792201609661844e-05,0.004478241247227513,-0.0007092710330047708,-0.0249214945774301,0.500516224134429,0.21324789758701165
-0.012181999473779499,-0.1906698985465,0.13973516137276243,0.009653259533814062,0.006976460889944759,-0.02294515297003551,-0.0023471639557452848,-0.004220080641074074,0.0007185106623705133,-5.1721000163466607e-05,-8.562511974829257e-05,0.006091043223771097,-0.000656515833787177,-0.0260885493727685,0.500516224134429,0.4044439529034933
-0.003826374122648737,-0.1985857023077893,0.08387419198708893,-0.016496088243428846,-0.028982119419343217,-0.0690392595504362,-0.0019119554183873704,-0.005368676529352708,0.00033730537690130035,-0.00378940453704281,-3.9254770569292504e-05,0.0009603667885266131,-0.0006729894161644198,0.00270677675854011,0.500516224134429,0.25968304073032666
-0.006235316032239142,-0.20228274924447517,0.08958115287799305,0.005873576164764808,-0.12011409656194481,-0.0038495172646490438,0.0009329070160215493,-0.00935278675608392,0.00036147232618118276,-0.0011084534634368953,-3.846876194518866e-05,-0.020392953891902987,-0.0006199080762665444,0.0011832136422595555,0.500516224134429,0.23445429610870916
-0.04963571163493601,-0.15104949297454753,0.15954223689824384,0.0038839555706753843,0.04306055443207559,0.009477090235821247,0.0008541224138618972,-0.0027255319131994655,0.0008010213542828616,-0.00024597069506772525,-3.212584233254699e-05,0.00821061025307763,-0.001052084430470292,-0.0011656518289417884,0.500516224134429,0.5204392459729761
-0.02147428240737127,-0.15106500792523242,0.1733648594217252,0.0016344284427903491,0.03328974244365601,0.043298772485471156,-0.00030101152718868226,0.01830373659488924,0.0009245507295372372,0.000318154316603732,-1.186085496807975e-05,0.0076089672487784895,-0.0006519739687783557,0.0018611886736172227,0.500516224134429,0.6076164878079614
-0.030283767484383176,-0.1778383325649689,0.09927930618845172,-0.001510314990171203,-0.07784072884178751,-0.008463068719834224,-0.003302961481188613,-0.009857998649583716,0.00026602886516555483,-7.096739151776633e-05,2.0013053317607806e-06,0.005052168493255739,-0.0006132351880782049,-0.007271609519682108,0.500516224134429,0.2880627441554417
-0.016259370240388205,0.3045581374640988,-0.03169910310372498,-0.05315621873557498,-0.05396232318856885,-0.0011823463724879384,-0.001895633799517276,-0.005574787185703739,0.0006739861229947859,-0.000445031508365189,3.392843274329849e-05,0.009740608381727382,-0.0002890042098404541,-0.021774877094653422,0.500516224134429,0.6292841890971718
-0.036160782879821086,-0.16164157189174547,-0.15600929631400332,-0.016292540085569802,-0.00028230309857174525,-0.013932988048887813,-0.0014351198926205464,-0.002203498431794012,0.0006433180612511267,-0.0014977604783133315,-2.262186543127761e-05,0.0010700223312094844,-0.0006031963257122178,-0.022527108077450436,0.500516224134429,0.08962077713697258
-0.0049862175569048645,-0.21180497044013158,-0.09449610650996175,-0.02382769897693474,-0.004230039837195945,-0.008864794583764579,0.0027388108693087504,0.00042996749927355166,0.00011262536646202164,0.049613452371723994,7.159028486869434e-06,0.003586392959515016,-0.0004115159994891235,0.002169319460446978,0.500516224134429,0.21055260778526694
-0.011392041742057074,-0.1223599199426581,0.12166298681588125,-0.019188050599641033,-0.06251758860596898,-0.0015670119496813345,0.0011007343286626094,-0.0055960603761704515,0.0003576021950271662,-0.0006919880788678976,-5.4714146307285336e-05,-0.008436578055756653,-0.000531062250919965,0.0014926219858660411,0.500516224134429,0.3927951537118403
-0.00039358932640800784,-0.23152386313891632,-0.15317309206080373,0.005332363402360959,-0.03395919957842398,-0.0005138206611321087,0.00028888378129821133,-0.0043379829934953205,0.00019518726353484218,-0.0017816565622165504,-5.2249522395716766e-05,0.002818634420672594,-0.0003833757085412619,-0.021126860108679913,0.500516224134429,0.061905603341287765
-0.03780692660444805,-0.1445036879678466,-0.11034996037322714,-0.009250292976692116,0.0023342889647959275,-0.020498261408034544,-0.0012272229119895859,-0.003044828950352261,0.0006408668360298697,-0.0010014952725358975,-2.1739540259822126e-05,0.0010899192490198303,-0.0006658043227541874,-0.01707813527807596,0.500516224134429,0.1591329435780619
0.027806277982198334,-0.06146201303604138,0.022217281277941106,-0.013731868648418253,0.018301377610792206,0.010921449746458152,0.00874200432506001,0.0016936590640020197,0.000763050159852896,0.07199034975484635,0.00024346621967219324,0.015059750845243008,-0.00036970040350203543,0.0063919162556436504,0.500516224134429,0.6090832252881812
-0.011548339129159622,-0.09202217205155906,-0.12118429425935337,-0.02098801250991012,-0.03926098801867147,0.0036709091355385656,0.00046438241710112686,-0.0017430745030177024,0.0002775017767019019,-0.0008610648308045631,-5.7701432552816186e-05,-0.01828669727920284,-0.0005270689582332768,0.0010807636417681488,0.500516224134429,0.19953036813307726
-0.0069302180442416365,-0.14278202198242226,-0.17919933269787078,0.0009301409380919238,-0.036187360714828816,0.0015723128658058031,0.00022796119059377895,-0.003095310660824237,0.0002486161704881986,-0.0017819001719599518,-4.727726997950466e-05,0.0012984461630790624,-0.0003972432345824758,-0.02930138339955383,0.500516224134429,0.1050716532862286
0.020570128423187017,0.012602980716921638,0.028647154278313783,0.0053079161443539075,-0.012012617491427803,-0.017412611911232462,0.000809153358765843,-0.008870156797844557,0.0013583624658670638,-0.00010180202672432642,-9.546527081135508e-05,0.004702917826717748,-0.00045827583685121724,-0.0391100219753184,0.500516224134429,0.49645388603834983
-0.0230391654404947,0.03521117320640255,0.16390320191875044,-0.005213696066573544,-0.02438450150202368,0.003745827106974325,0.007419204399666026,-0.0006056100963382716,0.0005894574701268127,0.00011361457522309425,-3.211625095722564e-05,-0.006375675850873665,-0.00044878631591594207,0.00216933293756375,0.500516224134429,0.6535684842259623
0.04176305934556517,0.08275161478090383,0.1575939684918863,0.01119238464937659,-0.014598123196513251,-0.014810782167502175,-0.0022614715431219234,-0.006383459793589489,0.0005960903541738249,0.0004123898263128643,-4.224314069174175e-05,0.004686043136344908,-0.00026077362066995234,-0.022888156942495234,0.500516224134429,0.7382667643144128
-0.03334878487585434,-0.2639975478922282,-0.04862980037047228,0.00024207210335281567,-0.011230578539279487,-0.004114646647048999,0.005326689912758795,-0.012436608988159886,0.0004147953451027969,-0.0002807402154841057,-2.1933016719846507e-05,0.0034312801796227838,-0.0010256516176276147,-0.0005330385988147006,0.500516224134429,0.13431173091358012
-0.03955297509620449,-0.26285174763635666,-0.05533441293363371,0.009066675864381361,0.009267790644084898,0.0077571228965325765,-0.0029528300532754618,-0.0070220958905338,-2.5092719413280253e-05,-0.00042099121725521513,-3.265049773236253e-05,-0.013509369939653532,-0.0009632098255795936,-0.0030974447634124127,0.500516224134429,0.1408449929663818
-0.07183635063834311,-0.2579420052606752,-0.03119444262437294,-0.05248905193545777,-0.010989252534609863,-0.03518496856264552,-0.0038945532638779354,0.00436862969180151,-0.0001835644493401666,-0.0005079649172046667,-3.294460059301129e-05,0.0007591038941092242,-0.000981391535424395,0.0005955424650494483,0.500516224134429,0.04100300986284834
-0.0805989572124295,-0.25823549183811445,-0.012149690652627934,-0.026017489836913096,-0.004549841526804263,-0.005860111344050213,-0.0026329806270649066,-0.00462321697921061,3.423745240815037e-05,-0.0007202174505550863,-6.066173851391493e-05,-0.007791623354711621,-0.0010169167102048742,0.000502694608039242,0.500516224134429,0.09679595692367929
-0.05122162038720026,-0.25031613186978796,-0.03416518880127976,0.012193352093191974,-0.062024622559381376,0.00015231981086515905,-0.0032859908379285017,0.013943859617677018,-4.481827377839619e-05,-0.00095254659995716,-2.4201112025075483e-05,0.0032417293827279514,-0.0008083332494514176,-0.00038205305253490837,0.500516224134429,0.12682197829557
-0.09497461062615464,-0.2555233142031782,-0.033055659334318324,0.006070535188077002,-0.011675438657149477,0.005569821221073652,-0.003911050279940433,-0.00742646577063162,-6.0191771680389944e-05,-0.0009160475532306684,4.198254533053934e-06,-0.006261628284179834,-0.0008800439226648042,0.0005536498924249163,0.500516224134429,0.09802997828741306
-0.035995517179077084,-0.26409377980413906,-0.05679834200811543,0.05553223376535505,0.002114497644712849,-0.011731315564852064,-0.0038847033617182627,-0.008966057002722762,0.0001248468904814605,-0.0009489944458941278,-1.0121194046091727e-05,-0.01015513769593242,-0.0008489151447393344,-0.00025167920884977416,0.500516224134429,0.16460323982489505
-0.0333487512563789,-0.2674640585160727,-0.029021762830499634,-0.000828842801600603,-0.0214598476554298,-0.04974721599376896,-0.002117819456296968,-0.0009692093844475072,-0.00010967452948165577,-0.001254713709873021,-7.278582358974996e-05,0.0018384286146216297,-0.0007806485040604118,-0.018463167932730083,0.500516224134429,0.07671615435482536
-0.0599047311722433,-0.26822902474636934,-0.03942640917454976,-0.01785432057802762,0.009564107040722945,0.007455502092920181,-0.0015391106576807044,-0.004649455718100846,0.00016226907098860908,-0.0005128930685429242,-6.644785336801804e-05,0.0025272930344082266,-0.0011770529425809348,-0.0021289997057720848,0.500516224134429,0.1247369497562374
-0.08178040377622028,-0.25924657827834163,-0.03925039219792595,-0.012729677586301084,0.010802485728851112,0.009009178893789759,-0.0024277050562072026,-0.007958763571441815,0.0001587749693260798,0.004644896730102728,-5.7119707770115824e-05,0.00039636471181965884,-0.0008861589926546848,-0.000367374883058604,0.500516224134429,0.12082375111840019
-0.051575938608253345,-0.2644004461939368,-0.04255383701166134,-0.0058417484354687885,0.010145534042776861,-0.06282509844607884,-0.0032337851293365557,-0.0023664484857707497,-0.0004928088261415438,-0.0008520943993497914,2.6473513199397304e-05,0.0023842457254833827,-0.0010111071449641585,-0.001405968009689757,0.500516224134429,0.07651319672524062
-0.04462034085833061,-0.2581558910886428,-0.11909290123336651,-0.025440106770340257,-0.009592299915347156,-0.004129446493542772,-0.0022471762933110088,-0.0034597374427833387,0.00024431022123341746,-0.0016286664350912232,-1.649996638046603e-05,0.004126622871145095,-0.0004902218823054788,7.64749963746478e-05,0.500516224134429,0.03609034384374451
-0.008237781471590926,-0.28431415468230625,-0.11577484371897918,0.008321301143197537,0.011516791090600149,0.0019223436847398204,-0.0009896379728853615,-0.004942865336359225,0.0003260458572673815,-0.0012502387555054228,-1.1205000767242925e-05,-0.011473963625351512,-0.0006764391435270414,-0.001620352076715916,0.500516224134429,0.09331122412625086
-0.03582725586937244,-0.256242766101455,-0.09319135156624982,-0.05567861525804001,-0.00979575689783946,-0.018371307386795103,-0.002667509382793251,0.0047965686515673255,0.0002646747012357954,-0.0012654999269263013,-4.985604219025449e-06,0.0033588965974809745,-0.000501567087337638,0.00012097236370847568,0.500516224134429,0.03551072136739699
-0.038488490947185004,-0.2437332824101276,-0.11050624967617682,-0.05063411697678132,-0.008182679986245327,-0.007044229507331455,-0.0011447385726475483,-0.004152414948700002,0.00024355341794825565,-0.0012797874052757618,-5.86609816370078e-05,-0.014701093451921459,-0.00048783430525226035,1.8648821924754577e-05,0.500516224134429,0.02036484720502341
-0.027586933924659773,-0.23176190671488303,-0.09919514610462596,0.020504414154488743,-0.04717927744973848,-0.01047318392501866,-0.0019740995999126807,0.004326646458173934,0.0002612928323285732,-0.0015000115223694583,1.3966357290090383e-06,0.004694158493815879,-0.0005117185607028797,0.001132395672133599,0.500516224134429,0.11125425057919226
-0.05445624988363451,-0.2461571004690096,-0.11346920383150155,-0.019706867687118202,-0.013685116626982121,0.003330172933873796,-0.002230041901500354,-0.007318454982965192,0.00023377973103503235,-0.0017112142735649844,-4.190521874068039e-05,-0.013755789586517752,-0.00048158631478382893,2.476379814584232e-05,0.500516224134429,0.031091409821167742
-0.006266504099803836,-0.29366703938938693,-0.10175296682325105,0.029539637440967458,0.006045279704831114,-0.008362215941303182,-0.0016543638071689728,-0.003905981201533067,0.0001811650604976376,-0.0011647539900385185,-6.676849692857129e-06,-0.023354668961711372,-0.0006073483179916996,-0.0010303863329017503,0.500516224134429,0.0945094006259454
-0.008548467074654413,-0.2467619019650197,-0.11561696039097555,-0.028397103898961485,-0.01334420118365129,-0.029698631169587385,-0.00042854622759327477,-0.003800912669528922,0.0002420545964927036,-0.0024177912361706875,-2.572193318848868e-05,0.003620220625555614,-0.00040615556213193204,-0.013785689647449173,0.500516224134429,0.04114641639756874
-0.04826234643757395,-0.2583476413155231,-0.13091027271601838,-0.019672775715066124,0.006966858747951975,0.005755017543536506,-0.0010800188943327158,-0.0037645517149368316,0.00039622161041584156,-0.001116315126247099,-3.294164731564135e-05,0.005056441475326359,-0.0005801283211969258,-0.001062803001082183,0.500516224134429,0.053860968622370546
-0.04688433368264496,-0.25460388631559555,-0.11299609578517263,-0.051924397673388724,0.003612911960378476,0.00399790336668918,-0.0018966989793150273,-0.004856187855703118,0.00017878808092892573,0.022349510632059675,-2.1956066413800343e-05,0.002957191913936147,-0.00044926647461436043,-8.366141016834536e-05,0.500516224134429,0.05989604584540774
-0.031022547004791717,0.4493386789863914,-0.039201996491733664,0.03125665250565303,0.01913629791506383,-0.0351041456696599,-0.0005152083124294513,0.0008260441411273815,0.0010077945475576813,-0.0006650697277297929,3.780014552966029e-05,0.005079308836081493,-0.00041995004759218653,0.0016797491001973302,0.500516224134429,0.9019496330580978
-0.0943012574248407,-0.26955100260254705,0.03860554353310788,-0.01766497997275024,-0.01065347570999464,0.0034116852430003657,0.0037244861194990547,-0.007931098195460567,0.0003914521114303753,-0.0006849894316263436,-3.2438655212475316e-05,-0.0005703692332448879,-0.0008611913175758714,-0.00035823245836119865,0.500516224134429,0.14404035613985625
-0.018784604722771773,0.37175164669242783,0.040566436421735,0.010567552754514997,0.0029543239276442743,0.0094456616380665,0.0002590662926988636,-0.0028109149522613365,0.0005216223009984875,-0.00023325916010142697,8.44575677195828e-06,-0.01172606545833054,-0.0002908475620117283,-0.0007206914723860582,0.500516224134429,0.9020245965914281
-0.06833569514320752,-0.2552891435420655,-0.07395757330686195,-0.029340657650358242,-0.006203486291369332,-0.021972292071253664,-0.001553908354972973,0.005299641551853851,0.00010811531427954228,-0.001295834621256261,5.662574874952575e-06,0.0029475809158531355,-0.0005359478633275624,0.001363567936625278,0.500516224134429,0.05175625358324585
-0.05222007245975164,-0.273489754194227,-0.00406871015044581,-0.02319721815973857,-0.014878978713402847,-0.018762231166230787,-0.001973757044358755,-0.005551271225847357,3.696595407644446e-05,-0.0007582504141943955,-6.009587121090023e-05,-0.011915265282119381,-0.0008381507425499036,0.0006550740386404501,0.500516224134429,0.09349450870307263
-0.02114849070223598,-0.27511282637360485,0.05593518283286519,-0.008857775416988518,-0.05559991473164468,0.006028366182476688,-0.002835053263438645,0.02039386682074809,0.00013623743159062542,-0.0008626376522095932,-1.0372780795664025e-05,0.0021019345096965525,-0.0005488152933117621,1.7665179949262764e-05,0.500516224134429,0.22015359087753025
-0.07511645891488655,-0.2719089992844413,-0.015671611315691794,0.009114756296821484,-0.015714493924929584,0.013862527627416311,-0.0029707496345351535,-0.010297746673241034,8.025602261610398e-05,-0.0007771320855399815,-3.978153395385033e-05,-0.008813416961853766,-0.0007737997712048557,0.0011758265542809324,0.500516224134429,0.12266540053529065
-0.047408078848365856,-0.30616931983600515,-0.0005696439385704349,0.024387581837171737,-0.0043609048296102786,-0.01016897422455219,-0.004181382146347743,-0.011238742942340889,5.941461145573504e-05,-0.0008976959128695792,-4.28614413892213e-06,-0.022476117514851856,-0.0007713164812725183,-0.0025060588673035383,0.500516224134429,0.11421069889683146
-0.056779427850176194,-0.27107836476861447,0.024388222275199236,-0.00632465300694363,-0.021772169233377454,-0.053498747266608006,-0.0022339328883256445,-0.0029974389360190147,-9.701301893040634e-05,-0.0011926688769835648,-6.366921375148093e-05,0.001916846605121549,-0.001055127985360446,-0.013398743789101355,0.500516224134429,0.0963293361805623
-0.047561236054153425,-0.26948545055882916,-0.11784491237974198,-0.012766682159443104,0.009509749332615346,0.00795500615052839,-0.000941595285522895,-0.0037549546909086107,0.00046472904904558285,-0.0013778788031295378,-2.5684625215702425e-05,0.006120008349856175,-0.00056801978703314,4.0598987597917894e-05,0.500516224134429,0.07027990166009855
-0.07126808874142293,-0.26833471689511634,-0.02016321181205555,-0.00549674586839324,0.014523913051961811,0.0120985396716355,-0.004993011980029937,-0.008904333395526421,0.0001577265897042368,0.0052243679963741565,-5.0254679846326957e-05,0.0034071576712040837,-0.0007470491528343636,0.0007352557704361687,0.500516224134429,0.15670577236052285
-0.005357684991733211,0.3824943557234695,0.049724808861014685,-0.0032812509867222355,-0.0004487373127666851,0.012534988839539707,-0.0016036770976586212,-0.0013941408447696103,0.0007457144617596128,-0.00041470375205610743,4.063537188798042e-05,0.0019756354843486596,-0.0002860228731793482,0.0009468797619969848,0.500516224134429,0.9361930247795628
-0.06180402172621652,-0.25189461522243767,-0.0605245968980946,-0.04187325016439335,-0.012855300455456176,-0.03166484860635466,-0.0024202517334000412,0.004824740988352862,-0.0002450223095103519,-0.0009360266475212238,-4.843652111261729e-05,0.002045776649160449,-0.0006317209194619131,0.001196427085940537,0.500516224134429,0.04368507765392703
-0.05202079966636006,-0.2564877582871876,-0.08100828783412718,-0.04006008646248903,-0.007741052956548296,-0.011887551954224035,-0.001130144896883354,-0.003992199342206977,0.00012002454854368908,-0.001471983506419935,-3.6056382859586714e-05,-0.013550206344799713,-0.0004918776690940815,0.0008895284293718372,0.500516224134429,0.031647771809148226
-0.02000149394626542,-0.26348359343942157,-0.09649300160895628,0.010323016981695188,-0.052152602331987256,-0.0005063224946773511,-0.0018341747918380604,0.0005904411595550999,0.00017708651027821271,-0.0016932373432170986,-1.4649961213737096e-06,0.003197589024666436,-0.0004843499129085846,0.0010413360851596427,0.500516224134429,0.07919545303039424
-0.062224829804419166,-0.2677936298853554,-0.06405561018114884,0.011874210466487735,-0.016832262405639654,0.010417071299232118,-0.002747878384428325,-0.006729483803349985,3.297828620589484e-05,-0.0009667118812745928,-2.381693574732732e-05,-0.007600802024818457,-0.0006406491174490895,0.0020344557345716684,0.500516224134429,0.09525926549729996
-0.05643517873234515,-0.292021412746408,0.0047919669448057926,0.022740161725982703,-0.0037552684475068024,-0.006434630283777955,-0.003952092514571242,-0.011925942787297842,5.0128807877437824e-05,-0.0007789192796535618,-8.876780446749823e-06,-0.021428756469021256,-0.000795668836388964,-0.002326888489883893,0.500516224134429,0.1282348462457977
-0.01633799123337198,-0.2562418070074241,-0.08852849873963438,-0.021040742185455014,-0.013731741518324916,-0.03044834436017733,-0.0005035942672886348,-0.002003379956940441,0.00023221518373736888,-0.002068919867683305,-1.1231254663612251e-07,0.004444548154921493,-0.0004450589828719895,-0.013776327439034007,0.500516224134429,0.06006646960233831
-0.03005962783084733,-0.2831737106133197,-0.10021804573836925,-0.0225168391372742,0.008901478783871264,0.011203792535920958,-0.001255948084096493,-0.003580440524249664,0.0003230822237131013,-0.0011776892039443297,-2.5303998456457942e-05,0.004075125382830915,-0.0007155598460061068,0.00020639455172997425,0.500516224134429,0.08250293263593556
-0.028960653902112027,-0.2799520452065551,-0.0888393145235094,-0.02114012844559099,0.007433185941553082,0.012573954602994989,-0.0026700752357555705,-0.0027685758994348557,0.00036260979404008256,0.027452702936557074,-1.4250544363383088e-05,0.0016327632850071207,-0.0005124760405735544,0.0010088412526683005,0.500516224134429,0.1261227621493588
-0.050757691069460875,-0.24469655947487037,-0.04133515277882562,-0.04842572911145877,-0.013802792449129176,-0.03167743240273679,-0.0020227153963276335,0.0003813743783240239,-0.00028008297738917396,-0.0007993370516792683,-6.362079043383415e-05,0.002033995565038476,-0.0006315540756351408,0.0012557919953919672,0.500516224134429,0.0696947184952407
-0.06086299133332005,-0.24968696318337538,-0.023924501630024478,-0.023498848274716846,-0.017246695592865305,-0.018531520918494127,-0.001958213289062717,-0.00717326779326176,-2.0246290741260374e-05,-0.000751395178356034,-7.804910160626179e-05,-0.014443769525396838,-0.0008389257131099894,0.0006956414563372073,0.500516224134429,0.08219647776643851
-0.021907641191854812,-0.25184946431213895,-0.11290652617082286,0.009699596508774836,-0.05198883090149867,-0.0005849980861480261,-0.0013937579706703015,0.001876902646626692,0.0001862915531556294,-0.0020090616415451815,-2.15420756969923e-05,0.0029681965161077583,-0.00047715683566546723,0.0008781944361621213,0.500516224134429,0.07298642660921847
-0.03147372409846836,-0.2714179381991791,-0.0969668734347969,0.010847753929781784,-0.011468343002902202,0.01898169511750046,-0.0021459567748158457,-0.006324732718804815,0.0002605861777480342,-0.002043037651508132,-1.289921282706606e-05,-0.010741824478334779,-0.0005908549295208138,0.0014783121029814605,0.500516224134429,0.09889838696128696
0.01002060903931537,0.4191412761602195,-0.020316431034670995,0.036029366177091085,0.008006621682775081,0.0092705867465727,7.783838162827097e-05,-0.0008261091420392055,0.0007409968827106757,-0.00029793626122181745,1.8789072098985662e-05,-0.01203172971768751,-0.00021188607076826603,0.0008106790541284365,0.500516224134429,0.950948895104586
0.0122021920251723,-0.25749159336481764,-0.022165172483074962,-0.019939072183469173,-0.023578378749848146,-0.054199730925402645,-0.0002900487119371439,-0.00633384190116039,-0.00010181963434342735,-0.001303385145458994,-0.00016049499582477248,0.003382858800081991,-0.0004853690335378978,-0.03271908953031401,0.500516224134429,0.0973332783004986
-0.04294780669247635,-0.2658225618658735,-0.060572087411707394,-0.024110202401608237,0.01413515180480236,0.010687377023290088,-0.0004188473861952444,-0.004298994923242216,0.0001679307329125125,-0.0002774336721335158,-4.564441099599651e-05,0.002668594728485002,-0.0008376027466965143,-0.0014137481665526884,0.500516224134429,0.12743034874644063
-0.08425241750914711,-0.24296928635101736,0.005805948727731607,-0.011695330482302053,0.010766505876489597,0.004227779994951124,-0.005089557259173424,-0.008399112052945563,0.0002076911893199981,0.002390861463071033,-4.996240603453201e-05,0.0024109518190088787,-0.0007049695144561146,0.00043378513887983706,0.500516224134429,0.17359911276880766
0.0038958562375060487,-0.2405562574542518,-0.10288130727569718,-0.03162159634784789,-0.009134477727687359,-0.02219663655357845,-0.0019578760051146265,0.001589164540232223,3.561791239227309e-05,-0.0016116284050362464,-2.748529340474005e-05,0.0026943380139967063,-0.0004257358880261546,0.002477306878368925,0.500516224134429,0.10079550676628449
-0.004854308779823254,-0.24806453942082907,-0.1315943210089998,-0.03776297241380451,-0.008212019982009648,-0.007984885256944477,-0.0009380001009264005,-0.0029945387365657777,0.0002953196051054685,-0.0017841054958806601,-4.142495609077589e-05,-0.014373343841194096,-0.00036817713673179784,0.0015882992752009385,0.500516224134429,0.04342720588493866
-0.020433391698006197,-0.24481846348644432,-0.11990705913179264,0.010156456818708786,-0.053290436078845996,-0.0007112744813137853,-0.0011714511765892018,0.000563028673761495,0.0001508380266873629,-0.002026510265797953,-2.3461531105714554e-05,0.0026456607076134173,-0.0004826193002075101,0.000695661660139257,0.500516224134429,0.07186320287123954
-0.015979681271356246,0.40489726577230833,0.0027577356255253497,0.020343161484931517,-0.012895963503997724,0.020026520913949308,-0.001004027971276196,0.00036937771590660656,0.0004102674353932515,-0.0007063640492363286,2.1444664036754802e-05,-0.005198739285003914,-0.0002928807406458874,0.0027997716283911338,0.500516224134429,0.9160641125533593
-0.00692944807971054,-0.2309742700309826,-0.1291588040996508,-0.025910358676663824,-0.016454909690895105,-0.03135954062761754,-0.0009761349118794696,-0.0018506951911109592,0.00020868430527220332,-0.002379107293516349,-0.00011642892574994256,0.003529183357188978,-0.0003622818509299621,-0.018186890581149123,0.500516224134429,0.03959522183703754
-0.0008638191408958055,-0.25715406105814953,-0.13247626775064897,-0.019086597339781294,0.014562112617398114,0.007638270796252398,-0.0015709098662935758,-0.003540751915864342,0.0006033608633333814,-0.0014828133735741375,-3.626155913752159e-05,0.0033776688855420836,-0.0006043453233260614,0.0016332547479547064,0.500516224134429,0.11151506471724285
0.006503022562645659,-0.26370252670615285,-0.11481676017794237,-0.018682335304875453,0.005357135848416883,0.0027341166581229983,-0.0033512298055035123,-0.0028929364536670822,0.000508374048926855,0.0295836497491242,-2.9717914726436395e-05,0.0023632783051080264,-0.00039825093341931683,0.0016444125418690484,0.500516224134429,0.14533645655235897
-0.0013617361557440092,-0.22651793560709577,-0.13271263917285872,-0.03398782399646508,-0.0016947127810360454,-0.006009706437132513,-0.001104119076522329,0.010311265139596112,0.00035878073002296076,-0.001756274092013682,-2.872488951055086e-06,0.004321437375068351,-0.0003412119691087088,0.0008933841730722972,0.500516224134429,0.1109120597752642
-0.003441651962042249,-0.23006214958182575,-0.12916035718351385,-0.019518041808312483,-0.007715365741017921,-0.010149755821298333,-0.001071470870960064,-0.0019739988016069247,0.00025682481587725265,-0.002235854106748914,-5.0654189387036496e-05,-0.008458958967517178,-0.0004423850238773703,0.0024286086641419143,0.500516224134429,0.08892101355634344
-0.018162613408285563,-0.24041387065219536,-0.13713148340865647,0.015486762154007124,-0.0528355776880324,-0.0033229367539389177,-0.0014083259633649672,-0.0012531761682380042,0.00023204901052304645,-0.002072808365979671,-4.416276273639742e-05,0.0032001729157903397,-0.0004294832069839783,0.00015242120289340216,0.500516224134429,0.06251319103923485
-0.009317042576149457,-0.2304074757230288,-0.12607655004843496,-0.024995860598321838,-0.01593852097591282,-0.030371127151898603,-0.0003748517690061828,-0.001961960399723799,0.000267071401499004,-0.0030524828855403568,-6.954789491105466e-05,0.003238670559859186,-0.00039537831684177845,-0.017821609010414335,0.500516224134429,0.04323955874560644
-0.01589439945300862,-0.2418227461753824,-0.14069677085298793,-0.012695755629731072,0.012804235335228507,0.0009166227127427826,-0.00023284459479897573,-0.004698540901791873,0.0005238007616496379,-0.0014125118123404687,-1.7657674732530882e-05,0.005487826638536736,-0.0005131686947860363,-6.826353578502161e-05,0.500516224134429,0.102196050257245
0.0031728901759576454,0.4137904512621215,-0.01889103987206014,-0.017862499490585212,0.018676721460604756,0.015592854665186357,-0.0033946313566265655,0.0001411352027065802,0.0005633626148285605,0.021073274679698478,1.6688997241692287e-05,0.0037121107134847403,-0.00018310544414192046,0.0024956673249716785,0.500516224134429,0.9394201050678207
-0.060251312918968625,-0.19291708866403412,-0.10995534243618872,-0.0346981205268341,-0.006144723795183334,-0.022448720374761075,-0.0007728996086216547,0.0015506976487182375,0.00011655202203712362,-0.0016150129172746034,-7.688896486018241e-06,0.0007141651239742826,-0.0004988911113610064,0.0014839457971165394,0.500516224134429,0.0750717834765653
-0.005477593361994187,-0.12110481128243762,-0.18126663801099024,-0.03481076465989325,-0.0066020349078121515,-0.0048062338956923745,0.0001837846389462678,-0.002313493937800939,0.00030472176972850607,-0.0017079646460522028,-3.339932391030615e-05,-0.013342833017767154,-0.00032549080806055966,0.0028006606624391543,0.500516224134429,0.1320141333531356
-0.015912213427171376,-0.222430927299743,-0.14986947582867274,0.017381766174863304,-0.051147565590143516,-0.0013627745347430421,-0.0011789291102175037,-0.0006269901201714464,0.00024458911370794863,-0.0017565164946564172,-2.2949092112016216e-05,0.0033082332053705316,-0.0004290246040718967,0.0003022587212700115,0.500516224134429,0.07701570524794182
0.016500841275996457,-0.2064097411877048,-0.06160806093543868,-0.026662786939075075,-0.02020727462229072,-0.05654074279701438,-0.0005423927531402884,-0.0028688526615420697,-0.0001552390064599349,-0.001582854243073826,-0.00013991944266549143,0.0016496156569180246,-0.0004342682383752463,-0.034655000378682375,0.500516224134429,0.10685954786188454
-0.032428079403057364,0.27921385103693636,-0.027059719585595065,-0.00028764076059672984,0.025957969386897484,0.02208496855918947,-0.0006333623036857745,0.0005207818757696651,0.0008572501489872955,-0.0006583867123562477,3.135801602582843e-05,0.008690163861859933,-0.00034410778931247954,0.0025165106535442413,0.500516224134429,0.7789777811190386
0.028804505646026872,-0.07440769527380138,0.005602892280649267,0.00875050868555465,0.02332628168158833,0.01535990674751169,-0.00014186151398070876,0.0076950105976015745,0.0008369996407400775,-0.0012999723788580226,8.840574216357222e-05,0.013483619036125473,-0.00034727636580917883,0.004951691472277273,0.500516224134429,0.5332192401322218
0.003055217885783099,-0.04236154232932265,-0.006073138296034908,-0.02385634515783146,-0.013229284514794014,-0.009309439869347484,0.0020242065723679757,-0.00931797190951779,0.00043355603062307095,-0.000900404753790937,-8.812741888430529e-05,-0.019512801003124913,-0.00037269550168831094,0.005123422834042231,0.500516224134429,0.38613087670291213
0.014022105698799973,-0.10545328083515718,-0.1474089787462982,0.007526679292456825,-0.03950815459313283,-0.00087179073744595,-0.0002855828679060924,-0.003109821414228546,0.00018309419892633866,-0.0008147843044507911,-3.649583165829506e-05,0.00282190639668099,-0.000453169158170359,0.0026880044467760904,0.500516224134429,0.22981595567962487
0.02232957136605667,-0.03235641778483853,-0.06383667816134393,-0.02385260859082937,-0.020236697894726333,-0.0385289154907182,-0.0011533692704188655,-0.002802423093271617,7.454859239525173e-05,-0.0007774821852761479,-8.860530490865399e-05,0.002093163182379809,-0.000356723067392462,-0.047154364480906374,0.500516224134429,0.29386922195063386
0.019929021351661788,0.08710519103698684,0.1023988117134345,-0.005833077731934187,0.005380056697621947,0.01993936698267991,-0.001196163123146891,-0.0005422422189993323,0.0007168111110336654,0.00010753559647709202,-2.8575947980922135e-05,-0.005006198655272851,-0.00046264532484875816,0.005343010102360856,0.500516224134429,0.7283671257245061
0.014450260703386503,0.08587919994812575,0.12476300963401772,0.025654630123118576,-0.028239387237779787,0.011772187387271475,-0.00014859634696016332,0.015849340206565192,0.0005910342394428545,-0.0001839998668513199,-3.943907457756934e-06,0.00576119953831365,-0.00029757040521845405,0.0025468836456101784,0.500516224134429,0.7589104717960169
0.0521281842312095,0.11338989732878771,0.17185843727365194,-0.0034930680618568237,-0.0006606007373350534,-0.03013469990074399,-0.0018696638661294,-0.00234538065253623,0.0007429072360343379,0.00021225907742498872,-5.518092862666271e-05,0.001075773100942299,-0.00025564656761399264,-0.04320478343074941,0.500516224134429,0.7579046582368911
-0.0507069538892502,-0.25650505272254503,-0.06548125957667907,-0.042551330485270045,-0.04424274162406947,-0.001317859800908309,-0.001284651662795474,-0.005250797283357661,5.434929555862433e-05,-0.0016874638219426844,-3.0231175472484e-05,-0.017058986195782742,-0.0005649130323572356,0.0006612250950424355,0.500516224134429,0.0145495572546041
-0.04074904332387894,-0.25041529111969246,-0.0886028472040367,-0.04955515677393535,-0.01200956580893472,-0.0056009294077943765,-0.0007417980716088835,-0.003050140544189837,0.00025866225511583026,-0.0014686322013009556,1.2470779474034573e-06,0.0037408103804313507,-0.000463120924809595,-0.008157846076940395,0.500516224134429,0.043702572390804086
-0.03749632243041799,-0.22090483831954988,-0.07393168306869481,-0.03550348039972293,-0.05914009335552151,-0.0312559627190312,-0.0013941954098421092,-0.004233124851289462,1.1183969462205615e-05,-0.0016976386066553538,-0.00011498278178360373,-0.014284612795865993,-0.00048213699431129056,-0.00029303300995877366,0.500516224134429,0.01979530336124989
0.008214125135003903,0.41450567424928714,0.015541865393597929,0.0018399985494560792,0.029559174362351552,-0.005339112555529572,0.0006190491100411929,-0.0017606691831855575,0.0010545947839891534,-4.032588894806689e-05,1.03320248525692e-05,0.004667674200233546,-0.00028221131449535433,0.0013844555180935118,0.500516224134429,0.970490848519179
-0.04034768508303208,-0.27917065220902243,-0.11136123569017092,0.002793581880884596,0.004316848789191215,-0.0033298526128706725,-0.0022703653473865734,-0.004233057075132452,0.00022132532799889245,-0.0018608099583397515,-1.525363387209627e-05,0.000949442499321233,-0.0006391894683835701,-0.0025794945673925443,0.500516224134429,0.0629898269862271
-0.025347153136362693,-0.26495600201058994,-0.09288749765242492,-0.019387793522273645,0.017163895196429493,-0.03569690631655107,-0.0005970916470813214,-0.0030306993980360867,0.0005085976119920397,-0.0018024316092405098,-1.8187589742219947e-05,0.0049830920973733366,-0.0007198924013924218,0.0009967819369252594,0.500516224134429,0.07972493569345736
-0.054113058089912354,-0.2571508485024124,-0.08240950829970234,-0.04896483799833008,0.006322214515558033,-0.0008816407564631306,-0.0014843144661726153,0.008577615518669335,0.00021729537808144826,-0.001161186256030572,2.4245273341343404e-06,0.003900234666884711,-0.0006312596158410155,0.00016134098746657525,0.500516224134429,0.0729006957435617
-0.03943187918851724,-0.2492674297285193,-0.04616723810385264,-0.04511489983014668,-0.07706951420637573,-0.002494123924831453,-0.0007988042148973512,-0.006245331963586343,-5.538660257305043e-05,-0.0013486898506039756,-3.466379783782099e-05,0.002460913871014237,-0.0008055553065460569,0.0005493589967573131,0.500516224134429,0.034692980283916784
-0.006486177870078171,-0.28834111594008505,-0.10677309160703775,0.009217239625283154,0.0028263377879089013,0.005370003320959431,-0.0003241033071666199,-0.005080937732231758,-0.02451563501776516,-0.0015303044447101885,-1.3467715577494017e-05,0.0030909437124964838,-0.0006998646644791509,-0.0009848102212482823,0.500516224134429,0.08627124006070146
-0.015190690185443508,-0.2712704176982396,-0.10294663091971697,-0.0564862253943414,0.0025759128499521756,-0.001310738902482052,-0.0022242794691481166,-0.005584213560902124,0.00024932899517117967,-0.0010166737530260953,-2.123462833061321e-05,0.0024066169016039012,-0.0004980844640535951,-5.347635650715811e-05,0.500516224134429,0.04914541754897028
-0.05276778747014711,-0.2557646456390943,-0.08591927550130597,-0.0479013921844644,0.002486711264474982,-0.02564425059950586,0.0019235908792861187,0.003400317076356697,3.608010202433415e-05,-0.001909066701870983,-3.385893140920355e-05,0.0020837477081474265,-0.0005402898238289087,0.0005828236615606245,0.500516224134429,0.04054892797465462
-0.009609606965889713,-0.2684612012125045,-0.08351890611565263,-0.02406504925367921,-0.0396612077258159,-0.012726755304361145,-0.0006955282092914872,-0.005372995215992338,0.0002231072778697568,-0.0017760213728159398,-3.733953191345556e-05,-0.01374482987844943,-0.0006089186627072633,-1.9383444441235622e-05,0.500516224134429,0.040441588518788416
-0.050200684578662905,-0.26584143346972877,-0.012299333014050961,-0.047343342409329005,-0.06054534042780217,-0.0033073320972131274,-0.0012939649210417647,-0.007268368777439368,-7.39572444937426e-05,-0.0012202195476041632,-7.208639669869245e-05,-0.01674822809853093,-0.0009130191265848095,0.0007750528440219907,0.500516224134429,0.03416396686927537
-0.07380279969098041,-0.2652347091289408,0.012951288388840368,-0.04904313523688125,-0.018170372677867554,-0.011149898497155983,-0.002507900772195082,-0.007117323059561632,-0.00013584398791891084,-0.0011489318023895866,-7.089980861805397e-05,0.0016958036058108384,-0.0008487372740233102,-0.011614542009220548,0.500516224134429,0.07431822218333001
-0.05100864602405434,-0.23184267673539166,-0.02872706058188245,-0.028547466542044018,-0.06736497906445332,-0.04252991258309331,-0.0012906900090665055,-0.004353328007267795,-0.0003302454916712609,-0.0014212891336576776,-0.0001076915300199764,-0.009267369261236202,-0.0007660902155092111,0.0002505603477178955,0.500516224134429,0.033209339302802544
-0.07442096715860248,-0.28565432105145067,0.013664152298943638,0.004994381448436042,0.007044656327482028,0.0001298750756663519,-0.0014446530745005689,-0.009330861880098799,-9.130920161248786e-05,-0.0009699472281596039,-4.579154708029481e-05,0.002475830579888743,-0.0009175402841756769,-0.0021674051611881217,0.500516224134429,0.1537823232779812
-0.05965205900548198,-0.28960521416017804,0.025415764290639596,-0.01724097391146932,0.015749758496235333,-0.05007534968558796,-0.002362764330925806,-0.002929790319360527,0.0003120189865406057,-0.0009376445550608511,-7.190229667027056e-05,0.00238830264061209,-0.0010627937733199422,-0.0006288263434792495,0.500516224134429,0.11981475016692594
-0.07130436238378135,-0.2705003341593228,0.03714368951495215,-0.04904956263900959,0.01245569037534295,0.005246548703128477,-0.0011219639886563867,0.017687313190602485,0.0002274830495045681,-0.0006392037356032351,-1.4819521250589661e-05,0.0035882779345359117,-0.0007901436299822811,0.0009117587249827454,0.500516224134429,0.18435659556987483
-0.07142910353269034,-0.267314772945611,0.038702789259210064,-0.023691319910538387,-0.09239322765868653,-0.0019609419956661744,-0.0014300921833193387,-0.011008224150066782,5.46254855087349e-05,-0.0021609981940360398,-4.824339405083517e-05,-8.848378592104921e-05,-0.0007720174420497186,0.00016021181905377535,0.500516224134429,0.06713642550556997
-0.027367287089678057,-0.28464926758832976,-0.102543951687924,0.00843918422685647,0.003453299426371768,0.00686575907733583,-0.00044804888822145054,-0.004030742901413857,-0.017499849887363958,-0.0015985535409534179,-1.3508004302055443e-05,0.002679220688155276,-0.0007377522357341007,-0.0008400259753364584,0.500516224134429,0.08222469975389508
-0.0005153446393099532,0.38793104120930244,0.058895888483255214,-0.017107246806219858,0.02466009399056278,0.01297095297940825,0.000932076310547816,-0.0025638664295406176,0.0005959500134498111,0.00012103866810293776,2.1006965034246038e-05,0.0014615830185817952,-0.00021214151743218507,-0.006497335627611723,0.500516224134429,0.9612099207525635
-0.0626316279133341,-0.2619976679148603,-0.03212192684137175,-0.05107786803606154,0.006180769697937019,-0.0310354238649107,0.0007879178650845066,0.006222278011279384,1.1812788775030658e-05,-0.0014073539601190523,-6.017839938523819e-05,0.002934567604678428,-0.0006567161189611471,0.0006024653763855742,0.500516224134429,0.0762672724295677
-0.03699702434721174,-0.26413568374475144,-0.025079394858040702,-0.0215367038362153,-0.04553504336625299,-0.010512119084042424,-0.0015919927886240818,-0.006421893841134236,-9.655729583578893e-07,-0.0013012364906797621,-6.55570542268855e-05,-0.012692755672266947,-0.0008505356020742117,0.00028669701018216494,0.500516224134429,0.07408201488613626
-0.0061209645483224565,-0.26898570333853306,-0.07603612558918148,-0.03867683037360448,-0.04391039276822505,-0.0018020438346662004,-0.001903370835285361,-0.003948050876533103,0.0001970632569012549,-0.0017756423914093375,-4.7396253810392765e-05,-0.016288923862286857,-0.0004680560796102859,0.0018992834570741865,0.500516224134429,0.04264907009694113
-0.03318936582200619,-0.25463439647538727,-0.09142122321218257,-0.04662765631815171,-0.013697828251767494,-0.009152257386125623,-0.000829589369739087,-0.0035111437069045804,0.00029177771428022986,-0.001457749969152598,-2.730625079532852e-05,0.0038941265594329214,-0.0004515801511245661,-0.013456775127455316,0.500516224134429,0.03624525636735342
-0.044423265667812406,-0.2252795358939487,-0.06703316796490617,-0.026568799968698795,-0.05682213992680458,-0.03433800334504185,-0.0010452835087058061,-0.0037168299688733397,-0.00014245254304338882,-0.0017932354659501155,-0.00012395750641794006,-0.010026640211268678,-0.0005179236304861158,0.0002632043880992261,0.500516224134429,0.02894819292057376
-0.055497389073458615,-0.2889153767816084,-0.10146657705870389,0.004494052138700023,0.003481836860094725,-0.0002205791616916852,-0.001492890754614636,-0.00418845538321062,0.00021117929723344516,-0.0018979890697831494,-1.542904008962603e-05,0.001104159096842733,-0.0008154147518624007,-0.000901155939937939,0.500516224134429,0.054396194512343836
-0.028132577198659626,-0.27140329594874857,-0.08807133392483345,-0.024681270758945273,0.015209622716185693,-0.04061762974088903,-0.0009090946878158028,-0.002441160458802312,0.000222315531280934,-0.0020499353648878596,-3.5948251933867426e-05,0.004574991290940195,-0.000794094663721669,0.0014255634999501541,0.500516224134429,0.06281237617355105
-0.04099801951157063,-0.26479813981855205,-0.06664586413811412,-0.05089993299158238,0.0077924691950915495,0.0014791283474385546,-0.0018703807298853473,0.0061645091176564,0.00013062865265254693,-0.0006118879613975319,-1.3672335298796542e-05,0.0031987409539944458,-0.0006550063268993198,0.0003391129686477228,0.500516224134429,0.09312790955661324
-0.05929863409504433,-0.26707844292334665,0.040882985529871727,-0.022359452151478432,-0.09297756144355078,-0.0005033589440875952,-0.001457296890697557,-0.011097591157589634,8.781545336552261e-05,-0.0022446276149923334,-4.2923811984038244e-05,-0.00018551804217069052,-0.000796255749527793,-6.125074940511701e-05,0.500516224134429,0.08338411154379627
-0.02010861559057477,0.3963847213154677,0.03514477121134046,0.016025495019755198,0.017502323635809582,0.011259752953495681,0.000885659374315165,-0.0010141447740693221,-0.023787495955551356,-0.00043259275808357636,6.203037146061683e-06,0.0017967135408781764,-0.00030445464193574085,6.978322198286847e-05,0.500516224134429,0.9339443437244079
-0.03898154770306025,-0.2588320969303136,-0.09377139319326183,-0.04017189192291298,0.002998471584758001,-0.016100266050849035,-0.0007216413436641112,0.009557781947780447,0.0003867563823824352,-0.0015749873546462023,-8.048135193684618e-06,0.0038480175627967944,-0.000441587342806388,0.000926307100304363,0.500516224134429,0.06763009873574542
-0.05002035409754226,-0.24639115199082895,-0.08844358719799975,-0.03686593048622521,-0.03215523482075877,-0.007059719677757133,-0.0011005550716957791,-0.004028389049768111,0.00015165575088440245,-0.001360542712527515,-4.1303930203179736e-05,-0.013310644630883566,-0.0005137815563679319,0.0006453143308100245,0.500516224134429,0.02002199899356847
-0.04904022439961113,-0.26359996618901665,-0.011075428894398026,-0.04741039912768197,-0.059396585650588064,-0.0034576242618706452,-0.0011642218132331087,-0.008786949457973078,-5.857052119545807e-05,-0.0011660725724717334,-7.975057843184807e-05,-0.01719984008078603,-0.0009099930335241516,0.0004055751599470234,0.500516224134429,0.037576172713599136
-0.03345018520296149,-0.25358315308758855,-0.0868727271062666,-0.048293773352082944,-0.013309983779728755,-0.011881233835181046,-0.0013186702382959545,-0.0034128306382739523,0.00019163483409142702,-0.0018066593120344427,-2.9799924560551068e-05,0.003289242436218024,-0.0005105938621286298,-0.01722328163181,0.500516224134429,0.032304209433828925
-0.06170806180048972,-0.25594213433020735,0.03545382136851944,-0.03101172124483971,-0.06607199657949282,-0.04705752967383817,-0.0016527715553206663,-0.0050437689698003595,-3.9312643226640624e-05,-0.0011218041690178081,-2.16379375473687e-05,-0.005681720285729431,-0.0008469491282302326,-0.0005406854021843252,0.500516224134429,0.059229951783028756
-0.027536967633623097,-0.2966038298890549,-0.10360080706263977,0.0011536342970989175,0.0010714840462725025,-0.0038661494532300418,-0.0009073905987343934,-0.0043477794508249195,0.00016946034650957618,-0.0018212644931160824,-2.1543957023756555e-05,0.0010727453087365762,-0.0007492218740886756,-0.0018885343552805453,0.500516224134429,0.06264005936543496
-0.001645867364855159,-0.2774619157038294,-0.03520538611815194,-0.0218354685791583,0.016120148421374575,-0.05028861828314294,-0.0003453566428024175,-0.0035061298920574793,0.0004518023487956201,-0.0014998346125157155,-0.00011259946658063675,0.004307752569685064,-0.0006488954416960347,0.0018952024700706672,0.500516224134429,0.1307410578395679
-0.028782300978888387,-0.26533428686636856,-0.09222250454835867,-0.056015135222079335,0.004961728673884639,0.00038284805215245226,-0.001772519948032378,0.004878956665978336,0.00023887487291270694,-0.0008090721036065931,-2.153708927728919e-06,0.0034794126849441924,-0.0006469265441850866,0.00019332891155632407,0.500516224134429,0.06906647407541387
-0.054903173182509875,-0.23999184133578808,-0.06621577192720676,-0.040644548208319656,-0.06074135533917982,-0.0028485265436690617,-0.0006166593569734019,-0.005188471844499358,0.0001440331370945232,-0.0016406195123906035,-3.302649383130643e-05,0.0031419656906621625,-0.0005676717552359618,0.0008906460812256391,0.500516224134429,0.03130120354381117
-0.06119893673201437,-0.2504312796060748,-0.09714467905550118,-0.047488222399180616,0.0019101558055210747,-0.02414258004315317,-7.484390351039821e-05,0.005218874901270769,-1.741175830961737e-07,-0.0017373489979090584,-4.094883943730526e-05,0.0020378651387623938,-0.0005338038944423909,0.0004779387119842459,0.500516224134429,0.027368241103163653
-0.008537187105730431,0.4252571116437367,-0.013932922357620696,-0.01725952704098597,-0.057618072662701025,-0.0072399783462451656,-0.000142806337515658,-0.0021386467239009606,0.0004329065953587515,-0.0008420035260895642,2.6397559378803906e-06,-0.013263474662957126,-0.00038490373705427175,0.0018188134434868912,0.500516224134429,0.806668173072153
-0.04085051334421119,-0.23927384137408664,-0.09581422776793955,-0.038378254297335414,-0.04407401870745848,-0.001220258651574466,-0.0012093286610121133,-0.004288412206547874,0.00017472842805945743,-0.0013474678982772304,-4.311124007698982e-05,-0.017665763009566727,-0.00047085276195592003,0.0003698985608681136,0.500516224134429,0.016424801203318014
-0.00446780025962997,-0.24938336581222512,-0.10365520562668343,-0.03913722386389615,-0.009797773032986226,-0.004745097318559159,-0.0006802058156948632,-0.0034477251313606437,0.00030455246197414967,-0.002284188450833087,-4.238037464130791e-05,0.003994398949779618,-0.0003950353646880598,-0.021839072812107348,0.500516224134429,0.06494010168288063
-0.036048258959161986,-0.21727930392572645,-0.07983374125705643,-0.037864784990801634,-0.05605876598281005,-0.029017171746229614,-0.0011079989072952775,-0.0034068483961985072,-5.862182676598252e-07,-0.0017868797429170626,-1.580348672646537e-05,-0.015757314653999387,-0.00047999189564014953,-0.0004531676477902792,0.500516224134429,0.02140560632381185
-0.03740579944975958,0.434536309247533,-0.04724479452578274,0.020891019486073064,0.0031765568870272412,-0.005130390419085,-0.00102831961012276,-0.000495601227845309,0.0010927870726644892,-0.0006848099601177803,2.4358789208180574e-05,0.0016007534869528417,-0.0002823711628469932,0.00041421604485341647,0.500516224134429,0.8699801387931848
-0.015097552412889063,-0.2521789116957026,-0.12749475641956995,-0.019172504527570213,0.018432452478543603,-0.02433204491435217,-0.0005459491852251577,-0.0027683295970382417,0.0006821951809917402,-0.001774281439870435,-2.390138343073231e-05,0.004631282453707358,-0.0005069136490112106,0.0008394664100523486,0.500516224134429,0.08120647543306811
-0.025367169786765637,-0.2568652781240479,-0.09471434604019928,-0.04530647548577027,0.010337314869220123,0.0019225909116292285,-0.0010683206535755168,0.010958913634978093,0.00036553438579014835,-0.0011615313473584072,7.328598882544588e-09,0.004502632704847814,-0.0005491036869284943,0.0008171819690923391,0.500516224134429,0.10438817481394425
-0.05620198871903134,-0.22491961692068155,-0.07542256956388145,-0.03834161505522322,-0.06334601741129578,-0.002289481977776192,-0.0005186152833969795,-0.005101405892197665,0.00015283237450029378,-0.0015902958146552521,-3.768178800659454e-05,0.0026815072285632205,-0.0005685305348439531,0.0008189511773111473,0.500516224134429,0.035831695953817494
-0.03626648261779318,-0.25578654626931374,-0.09066937961110756,-0.04381558157015137,0.003856665411023151,-0.024941317245392423,-0.00495518499718305,0.008261214275128152,0.00012689204186233907,-0.0018691581060399924,-3.0145643008957044e-05,0.0029496793405641144,-0.0004634614629635995,0.0008853774059194596,0.500516224134429,0.057798795085975074
0.01359273908116741,0.45943563187941977,-0.04371322984812724,-0.0068266684846240945,-0.035591462426272875,0.012487133147230694,8.904860318108253e-05,-0.0007120680991576574,0.0005213525122593815,-0.0001366261997740873,3.379840825150126e-05,-0.008769713450888287,-0.00016621993433439084,0.002145508409334104,0.500516224134429,0.892905447732101
-0.004023148571377122,-0.2439810193341305,-0.110353627442549,-0.0396647070062091,-0.011501690230033411,-0.0074311744700283995,-0.0011412971504611348,-0.0024257727582200675,0.00025137373309824335,-0.0019151816179824959,-8.590052435484318e-05,0.004034247808115587,-0.00035177610442848196,-0.021944271745885334,0.500516224134429,0.059982278719985536
-0.0030103552333518814,-0.20000076685701254,-0.11412005969825859,-0.03284498441384744,-0.056265682827228845,-0.022323280787911848,-0.0005594295974556332,-0.004024582594949829,0.00015319562550872165,-0.002446050988509739,-2.148567208421952e-06,-0.016555906357915606,-0.0003340860812464108,-0.00028670665293116564,0.500516224134429,0.04789537910211381
0.0035389480855052644,-0.24901581049213575,-0.13852653809948934,-0.026153338354329272,0.01355343975500853,-0.028454112165004656,-5.0292663214048125e-05,-0.003051436471896897,0.0007886055114259776,-0.002037461435088979,-3.7063107048463797e-05,0.004051987927365325,-0.0004336648462995977,0.0018419762454033558,0.500516224134429,0.0765314640246344
-0.044534556795626026,-0.23677485544962532,-0.1251989632835571,-0.04783156241463648,0.005639727708801421,-0.006437695203251912,-0.0007117300581218048,0.0019594556496231705,0.0003533904614923858,-0.0008178140375306529,1.6656026400177703e-05,0.00485154044717784,-0.000433167714684002,-0.0005186764833127695,0.500516224134429,0.050077972987581536
0.013447008350020355,-0.2278786475311493,-0.12540534245626767,-0.037378032347068504,-0.06461173281211406,-0.005770220120876477,-0.000865840440485254,-0.004322209841013452,0.0002570229610704686,-0.0012444992643174733,-3.7945226150302895e-05,0.0035633514389814005,-0.00036550416016885843,0.001389561189458073,0.500516224134429,0.05129319387435141
0.006900803839203629,-0.23593762165769785,-0.147284422274351,-0.04298399682296926,-0.0015515610153625198,-0.013352057053904045,0.0011887155427016234,0.009207658671787713,0.00046596866674170333,-0.001955280607570811,-2.2828031610863906e-05,0.003890216882929315,-0.00035187056491587884,0.000236332634355935,0.500516224134429,0.07896628234377027
0.00030806766478223515,-0.23142061431518518,0.0030741165766692276,-0.0436137751000331,-0.01340806827391223,-0.006581979489786732,-0.00038113152438052484,-0.004571928156124545,4.772646638057148e-05,-0.0012165623006354495,-0.00024099760239476307,0.002449969719317189,-0.0003825121713702367,-0.03301711499184727,0.500516224134429,0.17156142063591148
-0.002335785031129256,-0.19591244289984225,-0.10654442464836372,-0.023854239007247587,-0.06514433450148598,-0.042840521733037686,-0.000902691385195171,-0.0031080299813642884,3.0685480458572263e-07,-0.0022056627662678883,-0.00015505415255423217,-0.014532842331230353,-0.00032639345052932225,0.0008224329397788349,0.500516224134429,0.04347654204076849
-0.0027774978303096633,-0.23930625693218505,-0.1453614804974505,-0.027145439923442986,0.01425179895341872,-0.032207223304132455,-0.000912191970743063,-0.00248715012337461,0.0007402796294210687,-0.0021554399124866287,-5.088073737619104e-05,0.004290991286692079,-0.0004023492660219494,0.0017681305791466117,0.500516224134429,0.06876151408558764
-0.005006366435899282,-0.2503661589107168,-0.1406091714411939,-0.04493935015134305,0.0022741863172886967,-0.006692366191249176,-0.0018001095890390361,0.0008441054895853119,0.0003963015457635666,-0.0011128135521707935,-3.632392817181559e-05,0.003784678857952823,-0.0003669382480466948,0.00044730810154115785,0.500516224134429,0.05733320599873327
0.0016238663249739454,-0.23021783504742313,-0.09449489304507026,-0.03781283971116168,-0.06497209731979182,-8.619092517780513e-05,-0.0006492520157117605,-0.0048797730727292024,0.00019837088222724272,-0.001935748123518194,-6.980877378855921e-05,0.002613004741325531,-0.0004452602987259734,0.0020829371193320893,0.500516224134429,0.07147070486919312
0.01148717080443919,0.4156780534904921,-0.05563785368198319,-0.014857150881174395,0.020671756677834545,-0.004571934221692527,0.0023224046631777663,0.0018409656387745963,0.0009605293246135734,-0.000674241517076323,1.1460964355204382e-05,0.00520793705867709,-0.0001417705839739525,0.002058813386953424,0.500516224134429,0.8848723652578506
0.02122620182113975,-0.21117942733270803,0.012244610610079355,-0.047780791121040736,-0.010519726204938736,-0.005487155538245191,-0.00041222424015312405,-0.008481883607006876,0.00016707980665795069,-0.0011421004838448156,-0.00019789683365671896,0.001448398335562259,-0.00039437939153485216,-0.032740326114748836,0.500516224134429,0.21726660383999438
-0.05322131944902242,-0.13430946126464244,-0.008628591491500618,-0.03067248924311452,-0.07874981253523501,-0.040661531527193547,0.00016964129078551958,-0.004132373687923374,-0.00018276064802218476,-0.0011988701122296623,-0.00011814607466071435,-0.005188100767293225,-0.0006201730098565881,-0.00030695257842681137,0.500516224134429,0.1426952830360966
0.0013511438354435086,-0.2025149282289494,-0.16256466599915093,-0.031217425205585448,0.012255751701271892,-0.03616987071430274,-4.725974922226642e-05,-0.0020899974901256876,0.0005425706899135609,-0.002041290530400513,-3.355292042641027e-05,0.0008821328781391409,-0.0004693289934047881,0.002545577266686436,0.500516224134429,0.08094508067431802
-0.016022061602328788,0.33313310213845454,-0.012791202462735808,-0.04030342838050062,0.02910804182706135,0.016793765509440388,-0.0010864006995127404,0.017012007461809215,0.000845223187417159,-0.0004118082652875862,4.3945498555529705e-05,0.009596657218440614,-0.0002997363962376564,0.0024516375668538794,0.500516224134429,0.8385859667358624
-0.0012130046466391183,-0.20881905813306412,-0.12290442086086353,-0.036379032906937524,-0.06302910660472531,-0.005340964722361832,-0.0001636020384492833,-0.004518562543818074,0.0002792733159134157,-0.001848797351507815,-5.6956913761883875e-05,0.003225156483342374,-0.00037394911981067364,0.001250037314424267,0.500516224134429,0.06062323540617364
0.04332624973668004,-0.10484681650840377,-0.03241128886773572,0.017527898872137855,0.021769244173443305,0.033191009954606145,0.0007626777827684752,-0.001072672571557114,0.0009674814734684759,-0.0008516118188525892,9.802128617363141e-05,0.014300886028581745,-0.00034500795819979657,-0.006093368726480302,0.500516224134429,0.48683892699106257
-0.005764320178657596,-0.05556292669869299,-0.1253176914600771,-0.022322333984551423,-0.04976322870255571,-0.043254913073056275,0.0005097268524984503,0.0003257142586486636,-8.357515188991694e-05,-0.0011715513936221844,-0.00011096086522205799,-0.009160145152081477,-0.0004269237450945003,0.0015973882354672283,0.500516224134429,0.19001048307554552
0.008233252825777412,-0.1324224267694515,-0.1989526592707032,-0.02913211746355084,0.0077664712774610815,-0.029703526987414967,0.00036089327033508373,-0.0016274762062563806,0.0006315188580637731,-0.0019955216355285136,-2.9201125596926404e-05,0.0023770060459680996,-0.0003833281812301411,0.0027445655975823122,0.500516224134429,0.12838367436988857
0.015565899331438409,-0.08333057955498235,-0.181484666593449,-0.03011217881048796,-0.03833528827282663,0.00012645817122568313,0.001177370511557711,-0.002128209529061543,0.00033660207537779014,-0.0014434278498311793,-3.5873240812287605e-05,0.0012633766298607869,-0.0003484345733968338,0.0034576045525364324,0.500516224134429,0.18522487698158213
0.003338894515598696,0.07408997862659608,0.15960163593405954,-0.002555191072379959,-0.04269805519829089,-0.027635869377401458,0.0019117974955249982,0.004643913363588281,0.0003512371081155652,-0.00028314055831398145,-0.00010857499825065623,-0.004700294860096544,-0.00029929568673691575,0.002747568557171209,0.500516224134429,0.6689208279836164
0.04322101917677599,0.061058496050826486,0.05259139614311258,-0.008466073634650673,0.013289963703821342,-0.006154236655928743,0.0020367465333886105,-0.0021540172062394216,0.0010918559560611784,3.104298486323428e-05,-2.1412124943933737e-05,0.0072469675148301325,-0.0003097508790986317,0.004260646249799797,0.500516224134429,0.6682388679470505
0.0023301310538609552,-0.01742235299625387,-0.12667591685792612,-0.037197026766443306,-0.0562415283200257,-0.0006363348974620602,7.675716997856783e-05,-0.0024097124355150715,0.00041191842184550687,-0.0010232966523515629,-3.784487995183834e-05,0.0015471149559560123,-0.0005149386885093661,0.0007884724599797,0.500516224134429,0.2635116657016148
-0.06848594821175903,-0.23906168108440062,-0.0246689030710082,-0.03720835061765937,-0.061248759776030115,-0.04057821343487457,-0.0021601417344166824,-0.004972613589379518,-0.00018356395423598806,-0.0011012951667018264,-3.434326867748011e-05,0.0015032631837018193,-0.001088045372869343,0.00047851271921716987,0.500516224134429,0.02170614075533886
-0.07219478004246414,-0.26415852873391343,-0.04273174521937365,0.0064165848481690345,0.007907565340318508,-0.035390802119274825,-0.005476120988369439,0.0005696719862023484,-0.0003631989654202444,-0.0006693676300824914,-2.89234782532496e-05,0.001803737602863266,-0.000921526716506006,-8.803344747376379e-05,0.500516224134429,0.09519075657085427
-0.08048082999341115,-0.2643886498464637,-0.038341868032222025,0.004552105766235844,0.0006847407371627803,-0.011795336239271278,0.013181934509520635,0.013780886512006254,0.0003219108312331172,-0.0014205862876952864,-2.1364099615064597e-05,0.0023977508913722574,-0.0009346406646920717,-0.0005076082219912568,0.500516224134429,0.13754466999660173
-0.05650800692494505,-0.25799284933703476,-0.022293882694360136,-0.0458088455539829,-0.05638148994115859,-0.0010795479883674286,-0.0019653625161621825,-0.007486956123446827,-0.00014885954193361432,-0.0007798236730070674,-5.94890463474988e-05,-0.013485938237233973,-0.0010977216567013002,-0.0006183961683205086,0.500516224134429,0.03480905473143217
-0.06514759653395175,-0.2739307171638945,-0.021907521322423077,-0.020025814707676167,0.01833791890376352,-0.006572559189665915,-0.002648310710515853,-0.0038464181293741536,0.00025687071945992715,-0.0007942704217274743,-6.451513024579115e-05,0.0031214904683561162,-0.0011801905383301032,-0.0006667081100723809,0.500516224134429,0.12544788226813453
-0.042003637862516624,-0.26671194021133343,-0.03109446592570144,-0.019921538833324644,-0.0029022990653784298,-0.008454567197122365,-0.002092325256373379,-0.00652445123610238,9.787509459081663e-05,-0.0010632695622178675,-3.760892567288715e-05,-0.015228283401670968,-0.0011017275377616484,-0.00019012715316599833,0.500516224134429,0.10328785706068144
-0.06532702827017177,-0.26479020759326405,-0.04348042872568372,-0.02421368114377482,-0.017066646544436907,0.003978211357138965,0.004187526255759939,-0.00907347240478986,0.00011089339956085368,0.008656319262762674,-4.43306544666541e-05,0.0009074576435667022,-0.0010533053664211096,-0.0009138931422116048,0.500516224134429,0.09239363820800124
-0.04281230264806503,-0.2718766468630295,-0.03223208607102555,-0.0216789556488311,0.014137710211954953,-0.012596506400555657,-0.002798132680547708,-0.00252459686477837,0.00048690319392276853,-0.0006632064812146311,-7.669843499137392e-05,0.0018794794442217183,-0.0011790514231182067,-0.0007306194756161188,0.500516224134429,0.1278515139927589
-0.06696803623563125,-0.24917605731624748,-0.02220528804793133,-0.0157043916826265,-0.06543755761827065,0.011685532753253156,-0.001526478138929688,-0.014574752229461961,-2.224006863348638e-05,-0.0007149381456947827,-8.071138410040943e-05,0.0020154879332044033,-0.0008577746678676072,-0.018056916377566144,0.500516224134429,0.058892102907929005
-0.053724879612455693,-0.28503968842255234,0.017032483866185857,0.007878524190871698,-0.0026986427327212294,0.0022311798731609466,-0.0036540512147290455,0.014103148380359266,0.00036131573393326574,-0.0006406601940718221,-3.4829357270275384e-05,0.0038980796142969077,-0.0008726490329721795,-0.0019717986679865895,0.500516224134429,0.19738375655848084
-0.054558922565863935,-0.2807176212308829,-0.05602111137868039,0.009312193408944998,0.004469483549469909,-0.015837258258404995,-0.0035633093320976967,-0.006106757812563764,0.0001738071673512557,-0.0006991151237438685,-3.457886450996203e-05,-0.018712004967404983,-0.0010571433318889954,-0.001711622026938976,0.500516224134429,0.07545226336721776
-0.04148350630144095,-0.24464258382380275,-0.05821195787826625,-0.03773140862635124,-0.04746147794415691,-0.04063670834142877,-0.0011783130356280015,-0.0035953763640734792,-1.6858422799431398e-05,-0.002136363023439128,5.963056897405998e-06,0.0032744502933836853,-0.0006875985619752587,0.00033246810342779854,0.500516224134429,0.026346953264779604
-0.035539434273748,-0.2809816203501451,-0.09640229578427548,0.019576954895435393,0.01011453336921328,-0.025502742631020484,-0.0019882089050791123,0.0011881812264133466,0.00013770748707218577,-0.001991784989129173,2.2086050376495247e-07,0.002503592424084555,-0.0006762252161480399,0.0012263539597907331,0.500516224134429,0.09218145620739987
-0.034904773045311796,-0.2699408144657535,-0.10588778465069523,-0.03423900096087551,0.00027822128551856885,-0.017158098926273697,-0.0024955247425153047,-0.0016308373512324214,0.00028410345942830775,-0.001712563940941403,-2.0901279691258054e-05,0.0026119369160629833,-0.0006247160578841574,0.0008744372687837644,0.500516224134429,0.03594990764305117
-0.04962479926885823,-0.2447938256483849,-0.07637173989079653,-0.0442558821208523,-0.038506812995975186,0.0016545931190169603,-0.001744864364737752,-0.0057692546654485,5.4478825620251225e-05,-0.0011331161694237318,-3.096940993822722e-05,-0.016427320929049565,-0.0004997912108640194,-0.00018556449720009705,0.500516224134429,0.022881354907540258
-0.056716075702116286,-0.2655176567674585,-0.10459170632289218,-0.029490886366815555,0.010879662338519893,-0.010239746812189381,-0.001350941978705238,-0.002301837993489272,0.00037703448297391915,-0.001516186572962688,-2.9723382643764598e-05,0.003079993869477067,-0.00074462213689125,0.0009735850323791953,0.500516224134429,0.04332711582161764
-0.001415725439413418,0.4554032910026349,-0.026316544063192022,-0.020097185814767517,0.0030099037322198017,0.007836998670458178,-0.00023395883042970467,-1.458233983674154e-05,0.00043989108800626046,-0.0005850300021059361,1.7146621117314114e-05,-0.006361164530017134,-0.00021752467968651776,0.0023820075987232166,0.500516224134429,0.9143637471481432
-0.04357243905183784,-0.2745594725525771,-0.07730154338589099,-0.021386993832310373,-0.016675972715445714,0.00401997119710364,-0.0022786094804885114,-0.0038252282968021466,0.0003034866245522573,0.029631327631055977,-2.4008821104984205e-05,0.004536298213971749,-0.0005162522322701461,0.0007034711340616768,0.500516224134429,0.0995702585664498
-0.04363744848237529,-0.2665003473802107,-0.1045761778610654,-0.012756581247664413,0.022230766471144053,-0.003586044101605628,-0.0008017959495173283,-0.0024645741672972747,0.0005663672809484579,-0.0010590483976298142,-2.428764874588985e-05,0.0058198967955618635,-0.0006565717247782346,0.0013528057529272166,0.500516224134429,0.09442318347412319
-0.0334630945978931,-0.25780884728540093,-0.08635319994343425,-0.016836965311889003,-0.048107292227315815,0.015440764614378797,-0.0013095660544177312,-0.006460055785269337,0.00013816978828221045,-0.001824514280905744,-4.2029210535071155e-05,0.002922672215558418,-0.0004133205507999166,-0.0107923304009448,0.500516224134429,0.05560661510384703
-0.01868067337943295,-0.2729120041686028,-0.13265785071440364,-0.02493046760389819,0.006574422380171509,-0.004139420845350381,-0.0013907973772323134,0.005790372337922636,0.0003470983904394731,-0.0009424134966591086,-3.847790604407809e-05,0.003258138599762946,-0.0005631263736452342,-0.0005352964036676722,0.500516224134429,0.05969572757379292
-0.022347075625653468,-0.29683092197897043,-0.11683447944846197,0.015541559659258098,0.007960146005278586,-0.005056783503559602,-0.0015275455565664973,-0.00291832625585092,0.0003138137731709369,-0.0013770857208924886,-1.6289017073677788e-05,-0.017163561588744387,-0.0006710316512862907,0.0005457079269773547,0.500516224134429,0.06013435115205746
-0.0482240655975658,-0.24595641451039973,-0.013456943036850045,-0.0384432858468144,-0.06303498672551143,-0.043848501680890634,-0.0012728682656843937,-0.004597447285606791,-0.0002931487408279432,-0.0016455198565151403,-3.363277070918084e-05,0.00301776243965233,-0.0010655138973142252,0.0008562938113690221,0.500516224134429,0.04251795217076457
-0.055368079417187625,-0.2760921283984822,-0.09716006943105393,0.016722484866085453,0.009902544569569193,-0.026371377675176576,-0.003104995780963305,0.006527168261324485,0.0001384928963521382,-0.0011802069899309701,2.9080197965714454e-06,0.0022950891415532315,-0.000731571046284105,0.0014662616008167889,0.500516224134429,0.07756274475085254
-0.021443577138166865,-0.27020010965993135,-0.11246240664396978,-0.0331580784506095,-6.510376276712521e-05,-0.01785513922172965,-0.002990397269423421,-0.0013235203346411652,0.0003476908478047335,-0.0013795397562392845,-1.7934258915568457e-05,0.0024574688939353667,-0.0006415089136272323,0.0009042510736837598,0.500516224134429,0.0426883195398343
-0.05079101332226213,-0.26038891809332865,-0.0075199412399625,-0.05175543005719449,-0.061876267284322,0.0018524685933961366,-0.0015850837341291675,-0.008332096091385927,-8.608140037892392e-05,-0.0009785692702782877,-6.87026802332447e-05,-0.018520021240786597,-0.0008745793796576742,0.0006709436819066667,0.500516224134429,0.04026293261581738
-0.04972397296162419,-0.2641343379921392,-0.11141302023250646,-0.02859482995336378,0.01362336200119313,-0.008067010697382014,-0.001021856821154008,-0.002877029521689388,0.0006494467783178357,-0.0013333092219668756,-3.406356421789012e-05,0.004089707305374343,-0.0006416325541571919,0.0007380720478853908,0.500516224134429,0.05177574874700136
-0.030195827102866675,-0.26958421421781653,-0.042402028650178746,-0.031279004854232476,-0.025464592868198643,0.006178627672673951,-0.0010891264203987609,-0.0067468242693978905,0.0001437608694706815,0.010557469497837169,-5.1166383048666304e-05,0.00355097211804453,-0.0007118172354367391,0.0012587135320685568,0.500516224134429,0.11468116582295237
-0.08089777083959589,-0.2817072716664165,0.02804289804683755,-0.025054447639617897,0.009888164281412395,-0.01001725419055539,-0.002366582848010569,-0.00545451778602694,0.0005399915003640688,-0.0007079853635680913,-7.211124202294054e-05,0.002838386106896593,-0.0010252955294411076,-0.0011375638821801,0.500516224134429,0.13338486308250663
-0.0552257867795522,-0.25331427973188625,-0.07807306663925023,-0.019360872331763465,-0.05190778106867656,0.01301124299649539,-0.0017906282265722105,-0.010552283541609099,7.843955810396777e-05,-0.001714389557923182,-4.8727118676219584e-05,0.002299961185951824,-0.0005389357479651883,-0.01575652125499051,0.500516224134429,0.02762259587611954
-0.05773317757316615,-0.2831860783558265,-0.10643386216596588,0.005828935362614926,0.006866585680523801,-0.0001297590449097672,-0.0022033648237955402,0.00773922159609763,0.0004768706508326742,-0.001271938218226713,-1.3299372651957773e-05,0.002668112656149128,-0.0008252670314336044,-5.388523646046277e-05,0.500516224134429,0.07224531825821529
0.006252949483527216,0.42617534032801885,-0.010936445635680431,0.025774036230671565,0.01937958944850333,0.00949836559029783,0.0005569121259169972,-0.001613907600335679,0.0007830292014886246,-0.0002611928070155083,7.74259301578413e-06,-0.006586238827841652,-0.00026326884892507074,0.00017340594292312794,0.500516224134429,0.9694565413589976
-0.004258960917822896,-0.24575006949235362,-0.08122238749299435,-0.022663409075446162,-0.04404310576457459,-0.030054973018408253,-0.0004051460498492685,-0.0038580451354530312,0.00031449885424823825,-0.0026300681102228657,-9.933012643623222e-06,0.003403645945919479,-0.0003726745544159144,-4.769837919101833e-05,0.500516224134429,0.06891789793122496
-0.036786616353553236,-0.2699779216237011,-0.10860943293137923,0.009848472996168043,0.00969256882181022,-0.022346018755843352,-0.0017912630027173792,-0.00040277055699823285,0.00017864893928916555,-0.0015967562761523804,-3.986874492239274e-06,0.0031388098854701514,-0.0006003760003461932,0.0012413451964577145,0.500516224134429,0.08250092759844435
-0.023100264816743554,-0.26054938870171684,-0.12926874955555293,-0.028071367510252836,0.003918993533768415,-0.012489891564477653,-0.006404364780492032,0.0013286607119404694,0.0004138256571855184,-0.0011849079701476072,-1.9588307818714673e-05,0.0044244115367285015,-0.0005482151652255233,0.0009020074517961656,0.500516224134429,0.04986738465342268
-0.036614952714311345,-0.25106579439739274,-0.06807156106119822,-0.04985153446557941,-0.04327386097114465,0.003467908451836232,-0.0014408767601898846,-0.005905872066826168,6.260901471393966e-05,-0.0014593715155406947,-3.969098256326699e-05,-0.013818350005319302,-0.0005828971864745056,5.7276112405740604e-05,0.500516224134429,0.03197925558684898
-0.04123342476469218,-0.2561267523060641,-0.12717095865567543,-0.027409962751317997,0.013322813762288572,-0.008781936299193197,-0.0007951381217026228,-0.0031068234508470224,0.0006205363638653851,-0.0011997253027820687,-2.975831403112099e-05,0.0035590825013937857,-0.0006483933857488251,0.00031387909143599884,0.500516224134429,0.05182966250136208
-0.036601283087529156,-0.2703404403665492,-0.10157326437028855,-0.022110766618980496,-0.01914453235128745,0.002388487231661769,-0.001910867137392134,-0.003649662741882044,0.00029969673381772545,0.027385385840139317,-2.7917600918458474e-05,0.004934825028133251,-0.00047421281840612917,0.0007074822777658013,0.500516224134429,0.08039915415271674
-0.017934652475064965,-0.25852369712009,-0.13481257563829963,-0.027387221766163553,0.016676625899529687,-0.006229595164889346,-0.0006134466596596555,-0.0035577722402261877,0.0006018537798823878,-0.0012893528023081569,-3.0146447075931877e-05,0.005256148943197081,-0.0005334287302464408,0.0009128164661348355,0.500516224134429,0.07305178017915309
-0.04590278231226587,-0.2594598771069171,0.023055310098089178,-0.01873615203711449,-0.07523015372135597,0.026199855046485056,-0.001398318170563898,-0.01882670917321567,-2.1989997766291266e-05,-0.0013545384335951689,-6.742591277030949e-05,0.0005496313335788717,-0.0007664000144174864,-0.017527914190420376,0.500516224134429,0.11102875954218465
-0.026971325853721227,0.4539094506950258,-0.030247468676651665,0.02508534445990594,0.02723250267115422,0.010321008563162863,-0.00038408058143384256,0.00032860982970619453,0.0012587756776853412,-0.0004941912956722932,2.3273160044309635e-05,0.002699773357504277,-0.0002577960661389875,0.002037012449473097,0.500516224134429,0.9650571125244763
-0.0029406786839001223,-0.23489638741996596,-0.08908566398346257,-0.03354174289725883,-0.05036954765069903,-0.036612231757217464,-0.000802360667665038,-0.0032020011258518852,0.00027300492487258653,-0.0024160657323311872,-0.00014091083992797735,0.0034721410016809525,-0.0003905714895183412,0.0015013490015999714,0.500516224134429,0.05136455681478777
-0.005413231836318702,-0.2616643706593834,-0.1288651613879688,0.0036219091458285888,0.010419894542488692,-0.018791656542771134,-0.0008387429881044191,0.003065171810163617,0.0006260481062349417,-0.001442528553127187,-7.317864937686897e-06,0.004455402191935569,-0.0005135902801364969,0.0014402850677009851,0.500516224134429,0.10660833488603688
-0.012081503890699747,-0.2561384570641974,-0.139604140669983,-0.030481296344482836,0.004350724296705571,-0.011173939235326787,-0.005794879979398181,-0.00018755299731252768,0.0004088361376249118,-0.0016657277927027755,-2.943018942235754e-05,0.0038252520006475704,-0.0004467975756099065,0.0011976211019061676,0.500516224134429,0.05269493193218042
-0.045888684937825476,-0.2386415791923508,-0.0777283135488299,-0.04902512518322595,-0.04310958387404085,0.0012817502468050572,-0.0014830551117775953,-0.005416284845001177,9.237377781111641e-05,-0.0017827005252442035,-5.0592420782096564e-05,-0.0173084218916145,-0.0005425239828367087,0.000740822572285647,0.500516224134429,0.021654305217805536
-0.03304204895029391,-0.25218944145376987,-0.12323264889518831,-0.02791934434955385,0.01321610861208874,-0.00801523994912,-0.0006853201849069496,-0.0031699292724824335,0.0006670082642963634,-0.0012770647915828503,-3.844911234066759e-05,0.004778465854815595,-0.0005492232772010563,0.0003819186718348919,0.500516224134429,0.0694410153010279
-0.027060880140661582,0.43852024438945675,-0.01882441726220408,-0.006193552502668478,-0.009269680272647015,0.016477817235631173,0.000730841951427356,0.001168225842737877,0.0003784329486354339,0.021817868818288785,4.453565014018509e-05,0.004455447923016089,-0.0002466822479616419,0.0025144507207217003,0.500516224134429,0.9250288771883455
-0.040387512076170806,-0.2530399432847972,-0.11695519138838475,-0.013961956464262624,0.01605159974085143,-0.0065856828351189495,-0.0009220678959373317,-0.00211101638119475,0.0004277841198023966,-0.0013820188243798685,-3.11657596921974e-05,0.004604003099166905,-0.0006963781986777434,0.0012144218019012713,0.500516224134429,0.08674109978753819
-0.005086053885080462,-0.25523819904612377,-0.10391988433872212,-0.023028395587919172,-0.040485613377247646,0.012549568862637273,-0.001743220066266294,-0.007649490926082945,0.00016414455763475623,-0.0020695643042709182,-5.401109772425882e-05,0.003929981728172577,-0.00036978976557030787,-0.016947769713910394,0.500516224134429,0.060567927173959764
0.00044531873562019214,-0.23329937873613915,-0.09825163897197339,-0.030138586419606723,-0.04763553787716384,-0.03440619052084285,-0.000744666154865194,-0.003084026938382842,0.00025677573378256313,-0.002701538161944955,-0.00014114655077144013,0.0035729041163874817,-0.0003703872556290578,0.0015256687769269958,0.500516224134429,0.05554379390983044
-0.026540430085055487,0.44073184459201964,-0.020104676987684273,0.032071074883033256,0.022689806107107878,-0.021709039602749537,-0.0007836106049808719,-0.0026253387749735147,0.0007784857523829093,-0.0011375422381282396,3.0123473223401104e-05,0.003819163277849923,-0.0002750915499853315,0.0023812470814440568,0.500516224134429,0.9298422394579363
-0.008027144980193376,-0.23967709504662751,-0.07365270891352803,-0.03494388419830512,0.0025453377178842568,-0.013223647072460135,-0.004597990159135217,-0.0006143975088350889,0.0003254376743089498,-0.0011536388163394789,-5.118783594190081e-05,0.0023072980274699865,-0.000549431297364936,0.0012588149372292252,0.500516224134429,0.13046198666259345
-0.02812144734012239,-0.23587666937329496,-0.08466387189983254,-0.04680804137939761,-0.045011504115581025,-0.0008018150938417098,-0.0017724415190965945,-0.0060715595398034665,7.611017848933425e-05,-0.0017592947205506539,-4.153548862394927e-05,-0.015052228964115297,-0.0005374983464275971,0.0010223331588654749,0.500516224134429,0.03509675969109976
0.0004744637287521777,-0.2419357373963843,-0.13697380249893162,-0.02812035783339036,0.012111124778978912,-0.00486120743724959,-0.000389467056315752,-0.0022237653095593967,0.0006119193360143979,-0.001806178585307107,-3.6449657606189774e-05,0.003083842233345475,-0.0005135547439546354,0.0023616025432571294,0.500516224134429,0.10229865623608189
-0.018804977107898052,-0.25661405304578905,-0.10445080625920915,-0.005081225030057198,0.023028919283342778,-0.0013855389441431703,-0.0001612269682171365,-0.00280958698964029,0.0005236847826746103,-0.001577793252628219,-2.7883405885113602e-05,0.006125314063617006,-0.0005664102383269938,0.0018053939404089432,0.500516224134429,0.1405200349626813
-0.006706391687581823,-0.24662156134576413,-0.10503246183288042,-0.030940558625731127,-0.03522966634522706,0.008820925609845594,-0.0012849300344928395,-0.00790828242071264,0.0001281549874545184,-0.001830827368336286,-5.210354631376025e-05,0.0028789926602895257,-0.00032846594002239397,-0.007367877046928569,0.500516224134429,0.06904117119803149
0.004808718572054139,-0.21604696605959678,-0.0135670913771299,-0.0249390626172163,-0.07922098897306581,-0.04589585123022973,9.938464642167808e-05,-0.0035856300646972044,-0.00019523966367476593,-0.002038479047485821,-0.00011210003418389798,0.003589445927249637,-0.0004247976733484087,0.0022922191637179045,0.500516224134429,0.12527978570324788
-0.0029528405735802436,-0.24424461205397252,-0.15099707450463515,-0.02537949060850056,-0.001123502400548168,-0.01159945025286841,-0.0017709955985585428,-0.0042050512276168624,0.0004639974384640912,-0.0014802788799771305,-2.3054753923419994e-05,0.004953853757965506,-0.00039162310793865315,0.0018749554051524047,0.500516224134429,0.06364105677389434
0.013649851017394223,0.4304096831022656,-0.047761206330244645,-0.019540008575062613,-0.04704072211997593,0.002243852908076977,-0.0010727436880405472,-0.0015639893040273714,0.0004213259638863196,-0.0003614050425165187,3.854710910798468e-05,-0.014936186761780035,-0.00016984608158189413,0.0011565194024397145,0.500516224134429,0.8159898957343761
0.003699864101472185,-0.24302182564341848,-0.15571707490727738,-0.02796434307299495,0.005262025489272049,-0.0036330221657451915,-0.0007212947125252131,-0.002718077157086463,0.0007318969568799366,-0.0017304077870288197,-4.7313288386941334e-05,0.004293954740851088,-0.00042023389254318747,0.0014920284085704267,0.500516224134429,0.08002240120447109
-0.006342732789837463,-0.24803132580387366,-0.136156453208211,-0.018271489722025094,0.014813489571409169,-0.00801284281861378,-0.0011620857836703617,-0.0018576250362265048,0.0005005601105734285,-0.0021241446653761874,-4.406403600694259e-05,0.00419611431373772,-0.0005135056671208382,0.003116817653664072,0.500516224134429,0.10062693625285483
0.005803796372261479,-0.22999385614540416,-0.11076555077959399,-0.028436191248536413,-0.04815837731459532,0.017227774866157498,-0.002332233211783,-0.0091707160738028,0.00017854138745636126,-0.0020306667668799987,-8.217040788037372e-05,0.0016813513834775225,-0.00036201901628059806,-0.023675342953859084,0.500516224134429,0.0704005642251695
-0.006677588915392025,-0.20802597530398254,-0.11323090141418872,-0.03248545193229412,-0.046723653035933406,-0.029639964404177058,-4.557864059178527e-06,-0.0032288060010482343,0.0002457767492751694,-0.002885000537165506,-6.206597777723229e-05,0.0026165167656469744,-0.0003906040298758275,0.0009289772055533504,0.500516224134429,0.0609529254390143
-0.012755130541397137,-0.2301061758924103,-0.15328252604335882,-0.033759427052504634,0.0017679922917908113,-0.015235121492057186,-0.007779802519946977,-0.0014739857335780457,0.0003843280727084717,-0.0021498846422847544,-2.807982987484393e-05,0.0011887569106207518,-0.000446717727798724,0.0015845958820327555,0.500516224134429,0.0484250458163727
-0.006884824600104926,-0.2188055550353372,-0.019835110934965136,-0.026823986606145447,0.023031382948723866,-0.0043781237334181685,-6.576884200158286e-05,-0.006301073021057079,0.0005966257406777432,-0.0009266516350060443,-0.0001418185658088796,0.0027388736187328134,-0.0006553236612178073,0.0022697491240678317,0.500516224134429,0.24433461893157268
-0.049086663760509464,-0.16591313460247833,-0.15050898967490633,-0.013831317628279473,0.004439212761908397,-0.004872557510582531,-0.00014693332364655487,-0.0008172391542077607,0.00046487349832476663,-0.0015443690016143806,-2.5684571176269706e-05,0.0025659165241731655,-0.0006035838593524055,0.0020428782996305783,0.500516224134429,0.12267863213171593
0.007872020490849516,0.2302417609289306,-0.045228525817812684,-0.016411993940185693,-0.036758068542792295,0.03196262871689386,-0.0006788414826623012,-0.001475357200568589,0.0005648176495157123,-0.0005053893712827596,6.541260820248522e-06,0.007980358021787632,-0.00026667597027941667,-0.003700864587187489,0.500516224134429,0.6741186342904589
0.014927701198173878,-0.005186725907066674,0.00429484454001174,-0.026090876998466597,-0.0803425601658819,-0.054062478177158445,0.0013803776906656292,-0.001948311142963374,2.8339467753742587e-05,-0.0012590389635995622,-4.350522618703386e-05,0.005870429764275546,-0.00031544286000685694,0.0038965768291727636,0.500516224134429,0.36166555418315555
0.010628090435420358,-0.1467356921728478,-0.2108538038302574,-0.03415919528625081,-0.0009326686797804655,-0.012037455529779854,-0.010141284065582849,-0.0033459159560597805,0.000459273378509573,-0.0013906664650773083,-2.317777894576377e-05,0.0019264901680311286,-0.0003752898212085024,0.0018766154784078735,0.500516224134429,0.09541154400901011
-0.007664962293144732,-0.07156131374237243,-0.15039087780584584,-0.021468981228501462,0.007681988431110777,0.0027729745890430267,-0.0002700663257048882,0.0012888941390120565,0.0006105436902875803,-0.0010348615477836927,-3.129385236837597e-05,0.0013973054671406963,-0.0005920696252013315,0.001987749543925362,0.500516224134429,0.2632412535740293
-0.0033194748860826033,-0.11245946727029307,-0.025696690909578313,0.019281536407113914,0.04506953696842552,0.02156887083021528,0.0011763798381410658,0.0018212252391841645,0.0011926019766052246,-0.0008859437909186024,-1.7406075321624825e-05,0.01584844398903511,-0.0005807642382079958,0.005415566248382831,0.500516224134429,0.4689306384611336
0.06318323737245657,0.12117603480838415,0.17046275959386506,-0.014133475005136838,-0.052724403614519605,-0.04602964945534894,0.0006962509888462426,8.900947646613743e-05,0.00045457563989757913,-0.0003541265948930565,2.9522189713128067e-05,0.0029954327973903375,-0.0002428035975785773,0.0031227638686569838,0.500516224134429,0.7492413526026318
0.07643496654635029,0.08594432356431769,0.16651135535719697,3.0625088870357626e-05,0.013187768725915592,0.0007492656655041814,-0.003136853672489675,0.008572083896062154,0.0010053025591438183,0.0006652468332631822,1.7673675554302804e-06,0.007063959012631342,-0.0002602706197691739,0.0035176128071663037,0.500516224134429,0.8608033772661504
0.03411597331993073,0.06500973086921642,0.1573929849816281,-0.004478043605929989,-0.011741939600916174,0.01949890701981073,9.873651083108583e-05,0.00014592128193163483,0.0010286589094650222,-0.00011577904192219807,-5.236014913029227e-05,0.0037524854120355236,-0.00032954309743092396,0.004315859611265619,0.500516224134429,0.7691578165552174
-0.024230236704968874,-0.2753426962426303,-0.11130879504440137,-0.020199097549201718,0.004890739474571501,-0.005181424010697951,-0.0024837537253060223,-0.002948847248276669,0.0002803859479922808,-0.001201058143871585,-3.615594583822781e-05,-0.018834035219129498,-0.000618150025460919,-0.00025605944449310774,0.500516224134429,0.04304704025271965
-0.03450065130229068,-0.2968596013511455,-0.026008007995417522,0.010248285173288985,0.007373825715213146,-0.0036661277893761017,-0.0024883077519725146,-0.00630358197822991,2.6265165354394e-05,-0.0006428954332309379,-3.9040121173593693e-05,-0.018356063967168396,-0.0008759801597544927,-0.0007075274545829361,0.500516224134429,0.1277168148839463
-0.05833128513359833,-0.2846406844108377,-0.015251247942509136,0.0065684325912287065,0.014018000184088511,-0.0044230636890292005,-0.0006222176010082994,-0.005518356513802724,0.0003693262024162023,-0.0006382985125534802,-5.622093117958931e-05,0.003491420775115259,-0.0007981643239132986,-0.007396642017409025,0.500516224134429,0.14728722281144127
-0.03524170149723255,-0.28507173267750235,-0.09228671474548605,-0.02575138536475576,0.008519473121439573,-0.009777584954295834,-0.0008258768923673738,-0.002116800205158348,0.000374174328293045,-0.0014662344121663714,-1.9149801678352377e-05,0.003584944225592677,-0.0007223564050890994,0.0007822797446669103,0.500516224134429,0.06049755859869282
-0.03979710305119087,-0.27004843437829984,-0.015003801361231353,-0.046252643622232296,-0.00784232666759268,-0.04601941446138893,0.0031619038660407337,-0.006793067235520761,-0.0001939124119097711,-0.00135368494140776,-5.9738974693534206e-05,0.0031992042924428254,-0.0008357682401923357,0.00018596511062022927,0.500516224134429,0.07286340205787745
-0.05878384723239946,-0.23729313514693895,-0.08934334681553331,0.011228511569864881,-0.011876828881198408,-0.0017472637267800474,-0.0028224624365566753,0.006485956445885851,0.0004692497489683535,-0.0018801419345808356,3.1471094226039925e-05,0.0034359800483901525,-0.0005968063035185342,0.002254591580638058,0.500516224134429,0.1200781521448993
-0.04397979579129165,-0.26416496963087294,-0.08022165356914218,0.00182000550363878,-0.04273909203067317,-0.008295017123660835,-0.001255504707996109,-0.0022002795469685294,0.00040412776414067945,-0.001859396699402352,-1.0040885733207689e-05,0.003304394057854903,-0.000675988561969756,0.002182800699133472,0.500516224134429,0.06282581361149084
-0.05409431502332681,-0.24930934634917876,-0.020676363325188234,-8.619456716904236e-05,-0.0597862596410187,-0.05452048325532831,-0.0020526680662097166,-0.0029872508325056654,-0.00029043936219364837,-0.0012707476608810938,-2.1133522437595903e-05,-0.016193677220440923,-0.001000294421114609,0.00042076429666417544,0.500516224134429,0.03864781518410331
0.01452880024157704,0.4144080128896531,-0.009392813600156992,0.0033723241822222567,-0.01600641297962364,0.014440556688380327,0.0003684009746770288,0.001219321877912551,0.0005471884558467661,-0.0002215581391912913,3.512653212273157e-05,0.001933933722325845,-0.00023924210161385256,0.0011632802640237183,0.500516224134429,0.9266731431425883
-0.018551412385603566,-0.29661755777537,-0.1168296535058686,-0.011750650019102101,0.002365612052017282,0.005767915210674526,-0.0024913037301942317,-0.004262123689583175,0.0002846743303754641,-0.0015828303584170995,-3.184164746302709e-05,-0.011177565666027558,-0.0006339160624207014,-0.0012051198648618884,0.500516224134429,0.04380045102258812
-0.059346699407934064,-0.25674904184977415,-0.08774403700322266,-0.02282614627970538,0.00902415157822495,-0.03848353233864711,-0.001213303801989265,-0.0021299954110493937,5.347046652615094e-05,-0.0019279243086753601,-4.432267152067091e-05,0.003614651848119648,-0.0007946073841615333,0.0009133373059276305,0.500516224134429,0.04286222487655079
-0.027628418586735006,-0.2641189601724769,-0.019349466125004138,-0.043982960924429146,-0.05713004880336789,-0.02616199613935806,-0.0015288864282475482,-0.004289404919323009,-0.00020865864529828626,-0.0012684056255227157,-4.2085836656134247e-05,-0.01353204671654613,-0.0010269030728949741,0.0005564221441256797,0.500516224134429,0.0408044042827001
-0.031128264079838264,-0.2737760569570764,-0.12226825626440846,-0.022350279357944,0.004558482046784784,-0.0031455190288867466,-0.0013336833423869183,-0.002948667521474433,0.00023201853552241118,-0.0012537578911840472,-3.7724978899254435e-05,-0.016494765746647724,-0.0005758244564661987,-0.0004740165533011098,0.500516224134429,0.02951990853822536
-0.014882972701098963,-0.2837270879958593,-0.12316702765761912,0.010812688078589932,0.005259499695491048,-0.00724192675303111,-0.001036450377434096,-0.003326589866105153,0.00030818655571366455,-0.0010412461938499975,-1.7333101771412727e-05,-0.016463717161586792,-0.0006603499056806107,-0.0004081727223646709,0.500516224134429,0.06492372402782544
-0.044781244123863355,-0.26201917609355924,-0.13002835578773989,-0.020595652897372235,0.008797221254088168,-0.0024359648064226063,-0.0011430316243937714,-0.0021785103419769258,0.0004531558596483484,-0.0011734601786958373,-4.155883212954078e-05,0.0033060681680364156,-0.0005004418988593075,-0.006032731920799098,0.500516224134429,0.042142540910394766
-0.03259278163221059,-0.27569964129823077,-0.12085862323915114,-0.02428478176775361,0.00762919303834131,-0.008362812305765166,-0.0007703674072523087,-0.0026865396504847836,0.0002730494130527317,-0.0011525662905193695,-2.5903621099076317e-05,0.005186124197305272,-0.0006583047976209403,0.00044323191728292636,0.500516224134429,0.046955500690326286
-0.03667049891108477,0.46286873385246385,-0.038541659122471705,-0.02881999235852784,0.009561593051445319,-0.023656663531805833,0.000326352199102708,-0.0015362004870681535,0.000867640740915966,-0.0008421326988104769,8.021996934715675e-05,0.005320241096420943,-0.00020973326523368252,0.0019133250292219003,0.500516224134429,0.8511774496983491
-0.04742984314288903,-0.24795007150433476,-0.11518837335468009,-0.027748540276267532,-0.013310137462429891,-0.008629775666803188,-0.001156128846351372,0.004767392934901033,0.00026529658642198924,-0.0011741218584454369,-2.8790823850098243e-05,0.0026525848121716194,-0.000469356391944306,0.0005264476047448158,0.500516224134429,0.045642806744676113
-0.04311855067456873,-0.23313303615734798,-0.10383997338000826,-0.028232610545549826,-0.04042138994797793,-0.007023802452944785,-0.0009033384447373486,-0.003867412471370515,0.0003540916197837116,-0.0017793480416387118,-5.349193285769887e-05,0.004638282899845229,-0.0005316395414735799,0.0009228845032200622,0.500516224134429,0.04352688956680674
-0.03451158439839394,-0.23542239494106615,-0.08599294391329236,-0.027761490363204855,-0.046977293102276635,-0.03182985116161138,-0.0016906784193594204,-0.0029035265826385186,8.516897757190325e-05,-0.002176989421057857,-1.7208464993882132e-05,-0.01614253912309675,-0.0006616061505935858,0.00010662591632377294,0.500516224134429,0.014619912986743604
-0.04610847355795435,-0.2685130896447775,-0.12021896233298351,-0.01601721780909965,0.008491939903681052,0.0075047467011478295,-0.002716365789525263,-0.00478263809569416,0.00035724841572349627,-0.001554192725419454,-3.4174665192345354e-05,-0.012839450487101651,-0.0005355946337672198,-0.0008829268641617706,0.500516224134429,0.042667072549308266
-0.03939796203850204,-0.24321605283290212,-0.10728944302331117,-0.04545529740359141,0.007366581651866614,-0.026395236709866002,-0.001099203658812508,-0.0031959840824483223,0.00043432242622313925,-0.0016567396085709171,-1.9356910949896094e-06,0.003510726355779115,-0.0006948270048270422,0.0006418473936281838,0.500516224134429,0.04406701990800273
-0.051798328237278625,-0.23454373078895474,-0.08604786126781873,-0.04019781794833381,-0.03968869661468417,-0.01556836298516598,-0.001125308974106244,-0.0057155261151345844,0.00015602481080221803,-0.0017269814479747862,-5.461095647218433e-05,-0.013435459896230654,-0.0006762420374933118,0.00031438513254790514,0.500516224134429,0.010407706808135582
-0.02748446354332332,-0.27293232868695794,-0.11195408920582638,-0.019435038732882437,0.007153875880696781,-0.0016376532793012189,-0.0013943231339905255,-0.0021763774801948567,0.0003951516680688632,-0.0011482970981319938,-4.587583355189532e-05,-0.021122155144070218,-0.0005377506297005982,-0.00013707269692508266,0.500516224134429,0.04805982621834179
-0.03484238443337706,-0.2897289965771392,-0.11343327032214089,0.01622428434259122,0.008037063216285249,-0.005250047216764801,-0.0006343788585511116,-0.0036276026024689594,0.0002691090835085393,-0.0012764573097729015,-2.4104908073990976e-05,-0.016150072164417828,-0.0006557268356215918,-0.00029983140932846893,0.500516224134429,0.059123808139160454
-0.010425819798408287,-0.2652191748714884,-0.14557334105736344,-0.024505068588063852,0.00848023107821721,-0.004026468064217734,-0.0009627460251106607,-0.0027150804356462985,0.0005040606735242168,-0.0016486427943895267,-4.910799528142435e-05,0.003787604488585432,-0.00044640697691127615,-0.012911224806966352,0.500516224134429,0.044805038960913056
-0.02420767126190361,-0.2794021497547393,-0.11377605117750286,-0.021856229644817735,0.01081931973714293,-0.0063309340605243415,-0.00035708457195691046,-0.003217410441536522,0.0005370776856321907,-0.001451578768356442,-2.2028007774553174e-05,0.005682993949028638,-0.0006188216917400475,0.0009206141369475165,0.500516224134429,0.06723627026233203
-0.02753433633415847,-0.2569253834742007,-0.09746944190992858,-0.004513750386989336,-0.012409475630784728,-0.005136532343046589,-0.0008899091251635058,0.008764780166207652,0.0005372436771149768,-0.001471154662742768,-9.441117097666114e-06,0.0042959417157382405,-0.0005235230337833962,0.0013179464305011351,0.500516224134429,0.10854918810609879
-0.003331786439927745,-0.2653591822781556,-0.11099871477291497,-0.01995289861258051,-0.04170151821654831,-0.006458863056434309,-0.0009819984415409828,-0.003426111672007975,0.00048430913330502277,-0.001896023934164486,-2.596268635161761e-05,0.004276715098665923,-0.0004940013640424434,0.0017743571419817524,0.500516224134429,0.052424544033716956
-0.020726294359226818,0.4464882723905814,-0.019764370757917447,0.005249720405269821,-0.05216736108729943,-0.0618759363950145,-0.0010007636584835838,0.0010628045344232087,0.0005043310461129904,-0.0010732693887808911,7.243586089201651e-05,-0.02049003946597052,-0.0004299097877055845,0.0015666384642878967,0.500516224134429,0.777932481935603
-0.0456022168707112,-0.27305495901210936,-0.11169408212551508,-0.0012451084876715865,0.00859731934070027,0.006687114339392105,-0.002700436920001124,-0.004703945263543015,0.0003454867093362074,-0.0015505523548214244,-2.9127924562799405e-05,-0.012533221944319243,-0.0005920519915890901,-0.00039615672846217913,0.500516224134429,0.06204428490055548
-0.008213458413244452,-0.26321285959169677,-0.12588095735648294,-0.0256944131875754,0.007890354487277906,-0.029334239609359113,-0.00022425923985707277,-0.0026047019167690253,0.0005062290253198378,-0.0025316937765626677,-4.627508714817209e-05,0.0031060710759798758,-0.0004821816766123615,0.0010681738307811522,0.500516224134429,0.05486201269848354
-0.03835068189466423,-0.24042894552372293,-0.07898103355165186,-0.043122232493256245,-0.04384945781193389,-0.016647962076198043,-0.001143375362497935,-0.0052548850150037915,0.00017072060036350622,-0.0017639043821798357,-5.016318750597338e-05,-0.015914212366100147,-0.0006701464886294539,0.0002361164014549301,0.500516224134429,0.014746060982906904
-0.0523627070417538,-0.2516173402204554,-0.12856656973694205,-0.021990565726501498,0.006161843470058169,-0.0031186494624738065,-0.00087226492385741,-0.0035160959189797104,0.00036415483123393704,-0.0012069723626668028,-5.080096540545946e-05,-0.01622553808636558,-0.0005369752151628072,-0.0005264117522534888,0.500516224134429,0.026451331022906453
-0.06270325425088485,-0.2847932758483367,-0.03806768584674869,0.006832432912731157,0.007851772940218233,-0.002272497091170003,-0.0009508517467236465,-0.0028204611680017,5.4457974690861764e-05,-0.000725288568893142,-2.4770059564611563e-05,-0.017441962128380138,-0.0007877490806513563,-0.00034382652154178457,0.500516224134429,0.1043232656511758
-0.02736152877202419,0.452171650337646,-0.03444460910966944,0.026994083229723968,0.024637283425041047,0.01049706372472872,0.00016894493264633454,-0.001558554923904341,0.0010560220573031282,-0.000636958758886408,1.893726605506789e-05,0.0022297529532585864,-0.000320608059024898,-0.0161446877966191,0.500516224134429,0.9378230146407078
-0.030608786170659708,-0.2760477117173967,-0.10915888067491969,-0.021715711755722504,0.010714969702331162,-0.005598740414449605,-0.0002590137417577066,-0.0020859470438610943,0.0005098490063296001,-0.0011639834579720732,-2.914510650580106e-05,0.005661968139879793,-0.0006225680275212362,0.000825893077698695,0.500516224134429,0.07093841594990616
-0.03226612365549391,-0.25855771844307346,-0.11006685912071554,0.010394849838786021,-0.023133330717422462,-0.012419001613164986,-0.0017163291437417572,0.0022149336681690102,0.000372991853546206,-0.001715191302009215,9.08384235474857e-06,0.0031146783752191492,-0.000582979655503609,0.002121862493812711,0.500516224134429,0.07828709055519564
-9.843313556190142e-05,-0.2655237163475055,-0.10395589332928433,0.012424791975685573,-0.03730113564861891,-0.0061285397873641016,-9.106035632247401e-05,-0.002260564043936281,0.0005656889543813376,-0.0018183102042019284,-8.05567076038035e-06,0.004576637997183801,-0.0005145166161089482,0.002468689636290546,0.500516224134429,0.10285180755830994
-0.051312062653488276,-0.29131459226175904,-0.09026940224671613,0.013658277429829419,0.009941270878386923,0.014060393573223577,-0.002487655702375269,-0.0049558426388455895,0.00040490390024918495,-0.0016682280432124264,-2.5531105779612906e-05,-0.00761074068762786,-0.0007234947152014017,0.0002506663812539335,0.500516224134429,0.0884641862423699
0.005549468299005477,-0.27001027317417714,-0.11164498345195904,-0.02493715892982522,0.012149183692343078,-0.04001216068280701,-0.00043219925385430273,-0.0012600028273704958,0.0002820320782476168,-0.002376480092596081,-4.4793160983765614e-05,0.0034306934523133793,-0.0004942157895757855,0.002111451410879849,0.500516224134429,0.07282678570407213
-0.038571151928098,-0.2307498399866849,-0.09438242861779908,-0.04313810542825924,-0.04137131980279627,-0.017515666213224135,-0.0011538453703211066,-0.005436463559153736,0.00016574603720863622,-0.0018668367392766952,-5.5796096218835985e-05,-0.016046127256105654,-0.0006659394789378993,0.0004558028128929976,0.500516224134429,0.010184252507659104
-0.033644457516827854,0.4340192186043719,0.022896477109063458,0.014151431194836991,0.026379249611969923,0.014444129947701096,0.0007917571696449055,-0.0016126006950701267,0.0007183453680776731,-0.00018657867658824982,2.704339412573238e-05,-0.00719257115345769,-0.0003342708684203639,0.0008510460469848847,0.500516224134429,0.9718244436708438
-0.05332869308990354,-0.27832067880657013,-0.09653847273912612,0.01603806269280262,0.004991363478078342,-0.0012102020650697487,-0.0009696943091452266,-0.0028549774103975257,0.0003144543180452485,-0.0012343354266028924,-1.6828772764922533e-05,-0.013105373145412293,-0.0006982171908418268,-2.7628358791332098e-05,0.500516224134429,0.07355500330873285
-0.016299252214357553,-0.26749356655845,-0.11212125218639944,-0.021334065916085082,0.01230519490762506,-0.009088184771563207,-0.0006392094414516011,-0.0014065646332079268,0.0005822953838367193,-0.0014937048254368944,-2.0275298685183257e-05,0.00452998489719875,-0.0006351869118001621,0.0018627648589503447,0.500516224134429,0.08926520142460688
-0.03276293779562809,-0.24838972225004133,-0.11710674476425546,0.011198529579213475,-0.024312252948745967,-0.011990828652948024,-0.0015906144506920594,0.0012291189001010095,0.000377692872020569,-0.0016997433194515456,9.08384235474857e-06,0.0028713952913954005,-0.0005665916647195112,0.002030679615618186,0.500516224134429,0.07981328838865384
-0.0003343328896096103,-0.26022916783085487,-0.10770648168403403,0.005297148975946349,-0.03561452491772825,-0.00615349002160554,-0.0006387564492872166,-0.002960054962124518,0.0003937507892656927,-0.0022738464338804484,-1.4083111078132288e-05,0.003413679929714176,-0.0005392676770303637,0.003784165433627696,0.500516224134429,0.09694096328575437
-0.03696203756916746,-0.2745115662985354,-0.09718870196482858,0.013270864405943338,0.010449166554213189,0.01362316897819406,-0.0016986242366033887,-0.004931981482396746,0.00039029475667902826,-0.0017236942341407521,-2.4818435066674187e-05,-0.005330969439030019,-0.0006790706162093704,0.00025308388547521456,0.500516224134429,0.11545133843895929
-0.02752102407263975,-0.24913628610291494,-0.1026750554670052,-0.020783994115807898,0.013586836640374945,-0.04207630324717917,-0.0003044818828390807,-0.0022775233238807105,0.000113954112805756,-0.0020466554336135245,-5.128450697805544e-05,0.004296799617856134,-0.0006804874694055036,0.000805052383805187,0.500516224134429,0.07176577126701075
-0.04201785382884819,-0.25497122924885646,0.02350606546768277,-0.019765379517998612,-0.06006219222907911,-0.032950594608967224,-0.002756244085141575,-0.0050699042197904914,-0.0001252216747308373,-0.001328305984179511,-7.803573189064578e-05,-0.014187987290072842,-0.0007802457161436812,0.001264175909175309,0.500516224134429,0.09119327137559231
-0.02866063615897973,0.44212012298134,-0.010830586960505291,0.02825980951794711,0.025178605238084333,0.013993690822057158,0.0006229221158703024,0.00047686099846752406,0.0005512059663111553,-0.00032811123111608706,1.3980110005584088e-05,-0.006443359048127016,-0.0003032846395079167,0.0013849471583982176,0.500516224134429,0.9665523910046773
-0.03477037071007846,-0.24407409227540364,-0.07835037051275527,-0.021051617092534072,0.017059503080665374,-0.012935183798430354,-0.00040064506777180394,-0.0022785485464825784,0.00029755514839783896,-0.0006014658984775757,-4.323668076120986e-05,0.0030683809562644963,-0.0007965004630758828,6.388890773872517e-05,0.500516224134429,0.125703521181728
-0.05964369599876091,-0.2509436735418972,-0.11241059111265742,0.005170983015159876,-0.0237804331513933,-0.011763873770609045,-0.0018438454080500649,0.0024693735799005017,0.00033826973975829453,-0.0016984402727581154,-4.655805301022129e-06,0.002345023754160087,-0.0005621674471085402,0.0013271945691833294,0.500516224134429,0.04951569228405833
0.008629390445924565,-0.25141627506052167,-0.12398219946690266,0.002781264353654917,-0.036555302271321616,-0.007168506623994784,-0.0006092524045425513,-0.0027300894426239607,0.0003914275864244302,-0.0019340559793487187,-1.5075294602223869e-05,0.0033132010072424133,-0.000516723168195939,0.003691371140368707,0.500516224134429,0.09439539895599379
-0.0236012475465363,-0.2691218693102677,-0.13371365257653992,-0.003650851912217754,0.0035600809404473664,0.008020082955319715,-0.0024157195749261342,-0.007716611312996404,0.00036491816482595474,-0.0018855194691915433,-2.9799101476687483e-05,-0.012572991100332363,-0.0005994603152189335,0.00044144656588257844,0.500516224134429,0.057595030541204364
0.007150762197685632,-0.23985824970661712,-0.14618864109627525,-0.024849963965326335,0.011879528716524933,-0.031956503372091036,0.00017512764277294212,-0.0025245131482178654,0.000557335778576902,-0.0022021133499898517,-4.752011640588117e-05,0.003859567994691194,-0.0004100930248110098,0.0016073881381210493,0.500516224134429,0.07770833682307121
-0.051659617165719256,-0.2199107737168904,-0.05930545679370831,-0.037023249908102435,-0.05413841997527438,-0.026348313983742308,-0.0008127231552202874,-0.003740493230297503,-0.0003600311592126776,-0.0014485434311128837,-5.553934159398227e-05,-0.011349286913499677,-0.000840338424182201,0.0006155343818970768,0.500516224134429,0.03413897131777417
-0.017514400378053727,0.4503800052519575,-0.03585327090705934,-0.004569021913302216,0.02242697244008304,0.0008240394561266077,0.0002133184970923185,0.0005967922703434048,0.0009535775921713506,-0.000650180397643889,3.8290215433199655e-05,0.007402231495280482,-0.000220805322773645,0.002816623478726207,0.500516224134429,0.9273603959128149
-0.02489343884858621,-0.244840706130947,-0.1268798424006439,0.004857047202793278,-0.02305082232547586,-0.009189785473015086,-0.001386729595987252,0.0010419369250700254,0.0003895889085217318,-0.002130449064226111,-2.5433235161708837e-05,0.0023444820602396676,-0.0005005882505253558,0.002664643389460953,0.500516224134429,0.07891612729594893
-0.02605150145634235,-0.2367552716091275,-0.11424140816449281,-0.017425848286436136,-0.0393036397846764,-0.0054953192700682284,-0.0006416320465564558,-0.00382397673353296,0.0004450313110633662,-0.0016892950874511765,-5.3375281823853604e-05,0.003400158015949005,-0.0005059817006986469,0.0011455069497673528,0.500516224134429,0.059519670990005415
-0.040187982411796504,-0.25481493546951484,-0.10816732365610345,0.014295862351123649,0.009611432267919877,0.014220169476072688,-0.0006796697976293306,-0.005390175349278639,0.0004062520508359486,-0.0018082576823618217,-3.109800776983579e-05,-0.002997986275743046,-0.0006563873237657596,-9.213562192604202e-05,0.500516224134429,0.12422398868449527
-0.006546339940435116,-0.23850364786779918,-0.13972088709835812,-0.02187311021969114,0.012443753402288161,-0.0296503000621643,-4.3142468560663964e-05,-0.0021441828773943483,0.0005549369713798884,-0.0024049322345269476,-3.871057073393373e-05,0.0042896460473624545,-0.0004454735631430036,0.001144288497679627,0.500516224134429,0.07757812215033628
-0.00873470959642648,-0.22451041904586483,-0.10981453860492926,-0.03232575080047476,-0.049339931849610455,-0.012015101160810329,-0.0009736050175499902,-0.0025660912498190673,0.00017504358206287134,-0.002037352953903035,-6.410846227490224e-05,-0.01686152712657895,-0.00041608274435778924,0.0014031270118090686,0.500516224134429,0.04243517611570495
-0.006936482004753207,-0.22441679662963035,-0.15525230602226786,0.01032740004407193,-0.02159239594767369,-0.007251770220421731,-0.0010027084428114949,-0.00048094281924236214,0.00038687007500716507,-0.0020055555339859115,-1.8699585991330924e-05,0.0019653723332708675,-0.00044136858029858683,0.00257042719769428,0.500516224134429,0.09636726799739964
0.015463210584013303,-0.22419875731413488,-0.14033740157793162,0.005519315642869164,-0.03372754157270836,-0.009102219029811004,-0.00047327114392049937,-0.00277783923131418,0.00044174381140023625,-0.0019866383533537987,-3.8177243080975444e-05,0.003519737621767078,-0.0005012991472990375,0.0034786661796362625,0.500516224134429,0.11579575336056434
-0.02305427475742765,0.08239251043756415,-0.012849076480811544,0.05227156356635221,0.03290949944930189,0.03400732589863933,0.001577751045772266,0.00026352561989299053,0.0007964175657518603,-0.0010260991081426788,3.974206757344779e-06,0.00017654658429412675,-0.0005186422254993279,0.003130909223822341,0.500516224134429,0.6705981551606999
0.0021080231889758815,-0.1969291513041203,-0.15501579893351847,-0.024247466548080868,0.014278090415053816,-0.03478900587079022,0.0005526178943155805,-0.0007096794331289317,0.00034057373109063117,-0.002213785508341015,-4.819695732785102e-05,0.0028445785789797673,-0.000408411318945038,0.0022202884849847,0.500516224134429,0.1084989005535797
-0.009080336233125902,-0.1195648130558741,-0.14556346618294178,-0.03391704931485012,-0.04801471695171214,-0.011359773616763508,4.687445755999129e-05,-0.000777559313124529,1.6756652273516202e-05,-0.0020879104210795676,-1.028716876675003e-05,-0.015040590668990526,-0.0003635472195032423,0.002747904943629404,0.500516224134429,0.11754771004116395
0.009786816241840949,-0.17997380899787174,-0.035544191223105266,0.026505794809654707,0.008882274011297063,0.01812042653683666,0.0008670194855286736,0.028912812968552234,0.0007219243302819138,-0.0013197595226112204,2.9591428658443626e-05,0.00845088638203596,-0.0004633473905733243,0.0030061880437061692,0.500516224134429,0.3884988512386638
0.005973713548062871,-0.06999587434917641,-0.05659342837041765,0.009616830911658873,-0.04691151346059423,-0.004783149673299529,0.0018474850368195841,-0.005858839472296377,0.0005937908334909656,-0.0013188962159385318,-6.52964206976085e-05,0.003032568831908188,-0.00043622514393574965,0.005093067662583282,0.500516224134429,0.34071045785260057
-0.002136241803203756,-0.12696070382753102,-0.20195158091681345,-0.025495229864883458,0.0039893126873422015,-0.03381889381797906,0.00014183394497121476,-0.0008390742621481978,0.00035196365576844763,-0.00197730987911249,-2.6230689908778416e-05,0.0021313106273983416,-0.00037647146221482075,0.002695030106890771,0.500516224134429,0.11624393863300857
-0.0007246324749542468,-0.10179902241149953,-0.17652950979349286,-0.032422323518298775,-0.04053499304610806,-0.02494651991909302,0.0008222569131110363,-0.0029107813271087466,2.7014437150146505e-05,-0.0017613579389119944,-5.531580647273204e-05,-0.011822842147061178,-0.0003326690120102047,0.0025009451162421982,0.500516224134429,0.110026473205925
0.04355740112555335,0.10708902759685317,0.17486772810699136,0.019615816264119887,-0.010295938113543141,0.01037235602806447,0.001097924945139315,-0.005898753602678042,0.0008491025235515901,-4.408086242337429e-05,-2.847037023983943e-05,0.006419430341772464,-0.00029484511994717254,0.003718593289166759,0.500516224134429,0.8515415162868137
0.03702854846054077,0.10430947479884559,0.1752314528146198,-0.002926605678053909,0.011688763777537638,-0.011926410691735233,0.000908768406804519,0.0008399162724622678,0.0010286856259401791,1.7719494271255853e-05,-5.233540389498191e-06,0.0034874145308316736,-0.00027140761416301687,0.0033311759776088455,0.500516224134429,0.8232584867695523
0.06012173668676245,0.11427724702464154,0.2024340343117564,0.006687525841499334,-0.028177895152941678,-0.0009608819825173776,0.0022669931560943524,-0.0022415153745885276,0.0006260871547547595,-0.00021335957721135525,-1.039921745579701e-05,-0.009070018694978803,-0.00019533895005506717,0.005143149258158962,0.500516224134429,0.8512035886183519
-0.08813256126867795,-0.22667895678708927,-0.05984540681064841,0.009717152421749645,0.009810788967323384,-0.006327294064725285,-0.004344420318727148,0.0036604993584205994,0.0002895783755443178,-0.0007171344568719228,-2.255774440211906e-05,0.003351553197252701,-0.000935264726968524,-0.00016822593170942143,0.500516224134429,0.14017397434490309
-0.0785984495123185,-0.22601334553835362,-0.05135676801507197,0.010746339036159158,0.00023334852245625838,-0.0026524962984933583,-0.004792316563680622,-0.0037712488162744795,0.00016176210942045268,-0.000635091929422469,-3.695504036953387e-05,0.004626962813229372,-0.000863984938860505,-0.010594333715057358,0.500516224134429,0.1369696462477954
-0.03142174843019686,-0.25821917304241165,-0.04555254006355265,0.01680376482236967,0.018555112911103556,0.001362818205947736,-0.002796267769036201,-0.0044872552511453345,-5.978905646926965e-05,-0.0005843391233426833,-5.1378432297079774e-05,0.0015043655750493067,-0.0008846242515762716,-0.005667827276924323,0.500516224134429,0.18901734295195186
-0.03803919588019578,-0.21984915496931848,-0.061186804455649516,0.0015931549489778456,0.002943412751948627,-0.002280337489833045,-0.002442063356944957,-0.0028548022637279527,0.0002955805446495101,-0.00045172698840163246,-5.136803058541669e-05,0.0050121634941724365,-0.0011736435080769785,-0.0028087899366044935,0.500516224134429,0.17922264899484297
-0.00015034808744355686,-0.28070164069685666,-0.020522498232172445,-0.050603286249480496,0.005411705042374274,-0.014393129934113524,-0.0019484087812457584,-0.004571580630835968,0.0002032530430746939,-0.0010220714870565935,-0.00011718381106860714,0.0024545487226619845,-0.000983214185671332,0.0020674585816640194,0.500516224134429,0.13563982742826297
-0.009429055263552965,-0.25882348455192894,-0.014308446580134766,-0.019763541925585475,-0.013042323765146252,-0.048130121516960514,0.011395318757685216,-0.002737885799622643,-2.387265663202038e-05,-0.0016473113825879926,-8.281669820280756e-05,3.3893463432424586e-05,-0.0007374196327367223,-0.019816729228229038,0.500516224134429,0.12340242735423022
-0.08032358518532579,-0.2209966341884465,-0.051356836784172424,0.0024597939249102227,-0.005418354255264519,-0.052271392476995776,-0.0046689997009767125,-0.003293585209971736,-0.00031071221095844086,-0.0010663030229638795,-2.605293549990784e-06,-0.01681187036382566,-0.0011032751790692882,0.00010431435927763403,0.500516224134429,0.06545617854709965
-0.08987222521748862,-0.20265333313075684,-0.06612650906909347,0.008676392174271704,-0.0034091450874660484,-0.012958128871936437,0.011503388559623701,0.010190022341562304,0.00036145294598570227,-0.0008745176911763422,-2.904214786840186e-05,0.003970710741041786,-0.0010568752522816878,-0.0003341933241994988,0.500516224134429,0.15790422110465038
-0.0927693870377948,-0.20733153438143082,-0.060006666191545405,-0.027106030471237955,0.01272938130713022,-0.010795568475549031,-0.0021870231646986074,-0.0021687367437967777,0.0003038031676182102,-0.0005179529348578756,-9.179075349336891e-05,0.004462666315269653,-0.0013039000704527367,0.0003844047637054752,0.500516224134429,0.11411788946329905
-0.03925182513057932,-0.24493394733623733,-0.036006549626187434,-0.004846221354115791,-0.07263049235803046,0.01307261495985177,-0.0029765969204296593,-0.011282018746868837,-0.00013532893737581284,-0.0008504532785910423,-4.192538453329956e-05,0.0020304949540005546,-0.0008583049204561623,0.0002301647065297569,0.500516224134429,0.10203583476140926
-0.03817673073986752,-0.26489520980295295,-0.04273702626994781,0.009180792046432617,0.012163838052870891,-0.058773086383893974,-0.00347142119796281,-0.002363958637936104,-0.00010611541118288281,-0.00063027672684932,-2.743671890997753e-05,0.0017528590629487266,-0.0008733921597087525,-0.001252135385253339,0.500516224134429,0.11030692386221956
-0.05624741256143868,-0.2163624357765278,-0.05615967383776271,-0.011381055458971105,-0.01375071846663267,-0.03275303562777038,0.000763690732678122,-0.006253919779875951,-2.5650555289389872e-05,-0.001188606507387099,-3.220818078995326e-05,0.002529427467280184,-0.0009770136506544193,0.001454478657846491,0.500516224134429,0.11013209058913696
-0.03002099327904054,-0.2557423490733768,-0.07048656108444615,-0.02088505169454793,0.009603741808642815,-0.005187813282680452,-0.0014833342137587858,0.007313082450640646,0.0003418455138387319,-0.0010785626514272957,-2.5512407351915697e-05,0.0031908117492704365,-0.0008032476788210803,0.0006928404703726012,0.500516224134429,0.13594512076174675
-0.05665753385314412,-0.25863648247655063,-0.08514318379493208,0.009580506684378095,-0.004539877528796607,-0.006169467600830005,-0.002893337862256931,-0.0032617009513221133,-0.00010966152550638586,-0.001492306327378134,-7.275590258686679e-06,0.0022928408934294966,-0.0007336349255692491,-0.014464868204537162,0.500516224134429,0.07828024107115937
-0.04480459585037318,-0.28596688919108393,-0.12492186442137938,0.00946516033167503,0.009922540919572015,-0.004619122934948991,-0.001499383521806146,-0.00510590517088278,0.0005048244002513539,-0.0014123513974866433,-1.6896855065941052e-05,0.0010253636688811536,-0.000572759641316389,-0.004053863899220712,0.500516224134429,0.048460480571249624
-0.0718677863559838,-0.27953308077891104,-0.019102230190830596,0.007887438040056052,0.0018640578865139834,0.0036284406823881435,-0.0017116514669651478,-0.006419665545705873,0.00016405414476430236,-0.0006604288066059682,-5.4044751794528784e-05,0.004602503337611631,-0.0009392780975434732,-0.0024177485043824923,0.500516224134429,0.1359568037270436
-0.04731461795722498,-0.2537787773505451,-0.0706253271576225,-0.04409381600622426,0.006512936587185996,-0.0037868687023490067,-0.0013359287462274033,-0.0018497092431138758,0.0003431818826400463,-0.0016150230577649805,-8.391243095744331e-06,0.005509351024958768,-0.0006933863856129537,0.0018722066179347474,0.500516224134429,0.08965205439737088
-0.009519770223972365,-0.25379002925815236,-0.025251833316146558,-0.024099765538037245,-0.021238226700326105,-0.05294108171132183,0.0015096880166110083,-0.004293191874273962,-9.348266576827594e-05,-0.0019887982307191317,-0.00012783050222080043,0.002660911099122868,-0.0006459736280656083,-0.020166437416240513,0.500516224134429,0.09053040218492152
-0.020089074399769587,-0.25461934155462496,-0.08136266061229673,0.011471510923610623,-0.005801623675883574,-0.04635228233422994,-0.0019062084217144487,-0.002513302846931596,0.00010378160504935243,-0.002310615851141253,2.3749977029261793e-06,-0.020123580534887102,-0.0006018916195028269,0.002424226705361318,0.500516224134429,0.078837536515175
-0.011494373887190868,0.3916546159696539,0.029732413738521323,0.01965688382220798,0.0200506714266177,0.006929465807170461,-0.004710809081708028,0.004006863328628274,0.0007723068627971949,-0.0002708528573654445,5.517169461702745e-06,0.0023218100807926288,-0.00034565945744802174,0.0006271672876691254,0.500516224134429,0.9594522443442385
-0.061060925827160474,-0.2678676926690429,-0.06806677833813637,-0.027968412490569396,0.013306878345352555,-0.017810592236440305,-0.0012416812126665375,-0.0032197002480871847,0.00014702358622492354,-0.000888998112266176,-6.399542457165252e-05,0.003207437910987277,-0.0009147044487520194,7.394236081129616e-05,0.500516224134429,0.068148025330115
-0.015288619600106773,-0.26736085196354187,-0.0834018954367676,0.002167866424655621,-0.06239877677942043,0.006689168350406063,-0.0025455554485507314,-0.006745304716155223,2.7472050436929644e-05,-0.0017646210688439723,-1.6770057985472408e-05,0.0005880058156162797,-0.0004987541201664367,0.000789679895397639,0.500516224134429,0.0707572674794076
-0.03373082775915587,-0.26198823222699086,-0.07339144082387075,-0.000939667014556716,0.008454379658998123,-0.061366135305576594,-0.002224350821009038,-0.0024131254658879297,-0.0004391638051934412,-0.000946551911736669,3.4827135110011246e-06,0.003277488799199796,-0.000760451959065404,-0.0003135365863752671,0.500516224134429,0.0737380916267228
-0.023538095416711934,-0.25815795142570847,-0.09001994968567963,-0.02759601830936686,-0.013506425845237136,-0.031342495155710436,-1.4167353962387146e-05,-0.0030835248852364087,9.544863901090696e-05,-0.0027385986568016236,1.1434475214565132e-05,0.0032103631341478273,-0.0005568938745547831,0.001823185050367207,0.500516224134429,0.05510253482420258
-0.00205159604164417,-0.2723681600228759,-0.12841735806257923,-0.025040730613571028,0.007535378082232453,-0.005579242120522578,-0.0007102332184809601,-0.0018578112762054747,0.0005038847916307668,-0.0015574951237464615,-2.9844810889062383e-05,0.0046133617694341265,-0.0004592074261889338,0.0012686921964641614,0.500516224134429,0.0763658622574909
-0.02514803145697296,-0.2804580028379066,-0.11645959863741012,0.01318375317920223,0.002416181699635337,-0.005450859120523968,-0.0019472007081045922,-0.0023747523219013016,0.0005371990550512495,-0.0018391250602871748,-7.166399870033033e-06,0.004125834904291181,-0.0006109589624797636,-0.014896540082576721,0.500516224134429,0.071586957384581
-0.022256924345408522,-0.2833200013465883,-0.13644381921258478,0.003730382613466892,0.009609949949931938,-0.001617009031228962,-0.0013319941472331328,-0.005986786986594525,0.0005749669161489174,-0.0015818291614027914,-1.2051870161200126e-05,0.0012544340851244598,-0.0005919674056939214,-0.005232963873721272,0.500516224134429,0.057310610318489094
-0.019356356581763063,0.4409872327888894,-0.0722590002204493,0.0215467259086275,0.017513437374637918,0.00038795341990293286,-0.0004713923565758095,-0.00027309374476576547,0.001081714121497181,-0.00044771687214122157,3.2632226202462376e-05,0.003393826204829399,-0.0002736857804751702,0.0010209726749241573,0.500516224134429,0.8933994732977745
-0.02222163118820768,-0.2683069350118276,-0.0956569127323419,-0.044568707916685026,0.009354489462717427,-0.0049342205984911685,-0.0006586745194274782,-0.002782512761319514,0.0003752528825295709,-0.001050275148058541,-5.207542361178829e-06,0.006320611475941815,-0.0005820444910668603,0.001244495284033275,0.500516224134429,0.07704395132986758
0.0026510130721862845,-0.24617599662918968,-0.11854496310174348,-0.03418537396875165,-0.01160673596716751,-0.03867351556181904,-0.0024995167552644233,-0.003283069374272094,0.00017842319756082093,-0.0028997437921545687,2.319605704999487e-05,0.0021426245126186165,-0.00034616160936981047,-0.015799681003115254,0.500516224134429,0.031496723211001096
-0.009118794449756535,-0.2666742637132104,-0.09839071054221764,0.0019389559702173624,-0.00642333729035179,-0.03310648932163289,-0.001016984442921176,-0.0021916439187135302,0.0003202215163248047,-0.0026153084653583736,-9.38495404370379e-06,-0.016311426496648723,-0.0005411623076869452,0.0013781382791108298,0.500516224134429,0.06775403399754439
-0.027644333843276907,-0.26474789760568107,-0.12575352014979,-0.023417233757588668,0.011136867455485658,-0.012038700878269217,-0.0006716601204476213,-0.003513495564123273,0.0005391596290598537,-0.001304674090748252,-3.88432013310722e-05,0.004997414266033017,-0.0006374268242811778,0.0010265017311706706,0.500516224134429,0.05844838118064438
-0.025296610482827164,-0.2670427836188912,-0.07740726130144417,0.00491245375666191,-0.06407195257600426,0.007701794126103543,-0.0021273149117886914,-0.007965252974260189,8.826220255606373e-06,-0.002590536638661173,-1.2209425129924768e-05,0.0021278628228678124,-0.0005486623922158094,0.000676972224275477,0.500516224134429,0.06888154896337464
-0.02903180141443066,-0.27864799693581055,-0.08662349150126968,0.014588292496914455,0.0056836875773268155,-0.05382543767783943,-0.0008097691707405845,-0.002743855588530753,-9.464462318760061e-05,-0.0017590593961934332,5.568703133609e-06,0.003484603486569917,-0.0006456111360094028,-0.00011525409605114492,0.500516224134429,0.06998145485831381
-0.006864807799216554,-0.2663599927088297,-0.1116579313115633,-0.027798218798640417,-0.014525778841556933,-0.025569003576027555,-0.003909962694328014,-0.003241165439805,0.000282888542315603,-0.003319234080271856,-2.057241241844507e-05,0.004469563553178668,-0.0004129611908833241,0.0019714772269672867,0.500516224134429,0.043560524603352295
-0.01077274213402656,-0.2694153680443309,-0.13646857597134088,-0.02270990479003162,0.00768317791958256,-0.008370193934694561,-0.0009755660842552725,-0.002463173309102112,0.00043506550273378315,-0.001746199534412056,-3.150011505772936e-05,0.0046685638669843954,-0.0004612913085785131,0.0008123681143125874,0.500516224134429,0.060700884312216104
-0.029053152297191725,-0.27323513446358033,-0.11618772035606534,0.010481644666248556,0.0002788431473145085,-0.007983925188701427,-0.0011421660073298034,-0.001371133023934221,0.00024097157800987264,-0.0017477270655590392,-1.2174974665958874e-05,0.0027228337429861167,-0.0006927550301619816,-0.016740496019263258,0.500516224134429,0.0660741328425404
-0.049756568995961765,-0.28153634562049135,-0.1235186866264632,0.006704304801846982,0.01262212065246934,-0.0028229793064218065,-0.0012444522123544435,-0.005458790147729843,0.0005711288476257544,-0.0013751917253860175,-2.2830153963766876e-05,0.0011972779291908498,-0.0005713908945926466,-0.0029288889318315327,0.500516224134429,0.05237493175037109
-0.04312696106004632,-0.2686627951125673,-0.08887443263761698,-0.04243326181437697,0.006109380748220833,-0.006457237852042153,-0.0007591408430002111,-0.002169017381995122,0.0003664597737134483,-0.0010674697419634947,-1.4248202433094221e-05,0.005369052510075146,-0.0006011709536198502,0.0008766644996553666,0.500516224134429,0.05907204606643571
-0.024575949476190746,-0.24861840981013078,-0.10156532757697674,-0.021237673356654732,-0.016433909823191935,-0.03527050890930935,-0.0013046214885723028,-0.001543154618984982,0.00017739681319917745,-0.002245401768695938,0.00012890067664752817,0.003673631706225088,-0.00046295239182670095,-0.011619659751592423,0.500516224134429,0.039618584358377416
-0.0061235493695932855,-0.26791077892837806,-0.08673626019358303,0.008946690421997153,-0.003715086648757062,-0.04309365190789902,-0.0012992038586226952,-0.0014416399993569984,0.0001359228132168916,-0.0022807443196683733,-1.0580779486636721e-05,-0.0161959421797941,-0.000499136395148956,0.002595778077847377,0.500516224134429,0.08288804086720583
-0.04149871882588603,-0.26748233044351544,-0.10360834998975295,-0.022167767244381516,0.013840986872084252,-0.019709087659119502,-0.0006300850159387974,-0.001794766698488161,0.0003403676655819505,-0.0016453356715918892,-3.9888718120305484e-05,0.004528693988771858,-0.0006375200823694548,0.001069668963475629,0.500516224134429,0.061082091275181306
-0.015301231164150811,-0.2745465435219871,0.0014244018186006847,-0.015004895066343485,-0.07687878802200114,0.007736584407063233,-0.002302554664759574,-0.013930735115905354,-4.1573397404756695e-05,-0.001113498380818998,-0.00010339693402802705,-1.2668794511470234e-05,-0.0006013821519961287,0.0007368592039128097,0.500516224134429,0.11057680235010345
-0.02113850329122763,0.4425397503908266,-0.010398936541079793,0.04049827159505599,0.02744885510508475,-0.029850506889379593,-0.00018775696312455962,0.00036480035490601915,0.0009808666554777272,-0.0005092661561458745,6.172568694869459e-05,0.004780594264870351,-0.00023705519196049227,0.002299681851965702,0.500516224134429,0.9571687450066507
-0.046359592781148894,-0.2601236230085212,-0.08417276890764915,-0.028902944416787348,-0.014277936974882041,-0.030739658781967178,-0.00289694737283471,-0.002486710029486944,3.7409920670788136e-05,-0.0029564980365053644,-1.3565108585598139e-05,0.003252475864953262,-0.0005264565480500149,0.0013564698546319476,0.500516224134429,0.031705877808269556
-0.01033619938540943,-0.26617485904102317,-0.10801811643303737,-0.022011627708772578,0.005797817358338783,-0.004492955344892749,-0.0017560969019297294,0.0011296706401974354,0.00031309680822129166,-0.0015525047368127967,-2.3473769972685637e-05,0.0023389550383192182,-0.0006457383929230942,0.0015357988289469672,0.500516224134429,0.09661999109368245
-0.027859818797180715,0.4060223227152743,0.028124377112977834,0.02368456036443457,0.0043686266117942485,0.0041462371596840955,-0.0009432184472985036,-0.001271945893916717,0.0004886876057122729,-0.00038724756195549176,2.9503325211782083e-05,0.0018177284023145077,-0.00030943471758856266,-0.012672658500865075,0.500516224134429,0.9257539435130309
-0.03800984752678474,-0.292811503136329,-0.10363628448087421,0.010606672615039489,0.012401894603443528,0.0025433821097978954,-0.001845485236956006,-0.004585727421379244,0.00019914589945632834,-0.0014255947608539574,-2.2995712608982564e-05,0.0009328723199296665,-0.0007566851363156763,-0.004111747670021379,0.500516224134429,0.07999432059997776
-0.05691367179022705,-0.28494907942194275,0.03909132195771799,-0.04722997792566849,-6.744788307353742e-05,-0.012465589722813917,-0.0021142710743761173,-0.008858314512217509,0.00012644429812172015,-0.0010020806706978187,-2.8136626681983853e-05,0.0031331891559456177,-0.0009612371902253485,-0.0003116423192783253,0.500516224134429,0.1279657304090152
0.005854229304532577,-0.25804557203853007,-0.005851555372140038,-0.027774369761486555,-0.01944324701180138,-0.0605461958802146,-0.0003345283425843461,-0.00518435390285925,-0.0001282571815797298,-0.0016216610845995855,-0.00014628825541006696,0.0019439236208761697,-0.0004202863700277295,-0.025169772237612124,0.500516224134429,0.1036482896209969
-0.0037327786519837616,-0.29660315623484057,0.04535917304212131,-0.0006880666389902124,-0.009689606257594378,-0.06377012349431244,-0.004564074094400906,-0.003616390744190868,-0.00016043547223588687,-0.0015392147050462093,-8.971297925995471e-05,-0.012582929579731068,-0.0007062747939392508,0.0015895444222964437,0.500516224134429,0.14972217795232512
-0.05487744859298132,-0.2559642240285702,-0.11264057745835879,-0.029362544065326127,0.012069004373910402,-0.013529655995391873,-0.0009993784475005305,-0.0035616704884843787,0.00037436952493159797,-0.0013840131530154847,-4.6857698336623787e-05,0.0033105086628539677,-0.0006559857215490975,0.001502576668448904,0.500516224134429,0.044750327715063015
-0.015409070783115255,-0.2599818900356999,-0.09098106319120165,0.001915015508075375,-0.06247685749363373,0.003851910275869297,-0.0022521787090155052,-0.007489668905315313,3.461320838795562e-05,-0.0016844930505423472,-2.234134136377132e-05,0.0007201166558881664,-0.0005099256162953366,0.0007553682194944024,0.500516224134429,0.06698575887596622
0.01081430800730978,-0.26861448687747597,-0.10178429481847837,-0.028152560896019377,-0.008829073483133242,-0.026108484532038755,-0.0005534204360985607,-0.0029880738947453277,0.0001653558833391338,-0.003082861980232828,-1.8709799005455647e-05,0.004176467723981853,-0.00041391795040269163,0.0028576559266389368,0.500516224134429,0.07798412700807159
-0.008289010177841697,-0.26119210886899574,-0.09436324206871813,-0.024393678369901216,0.006706050153822895,-6.407899108872212e-05,-0.0019122242649334822,0.0006725283317892956,0.00028429691113569274,-0.0008449336418343706,-3.828457103887615e-05,0.0029048058466979716,-0.0006235425261820849,0.0005556957031402483,0.500516224134429,0.11991849760048433
-0.013935352844599139,0.4268992092398509,-0.02946685397290095,0.030516491474613716,0.025162471810098733,0.01643460863888494,0.0003548388047490192,-0.000935898382482474,0.0012817765271277333,-0.0009167469147795488,2.482335007854698e-05,0.0008072579850882739,-0.00025816034935532517,-0.011324717373440759,0.500516224134429,0.9451599721273664
-0.0009158600582299518,-0.26193628052205165,-0.10580162014666679,-0.039007677382369516,0.0015872356728285008,-0.0062264411059762895,-0.0014756853426352297,-0.0015524521829348324,0.00032001997015736167,-0.0016071943112393142,-5.24387122869807e-05,0.005002788183936591,-0.0004808074380162037,0.0028126337482621386,0.500516224134429,0.0911824445072104
-0.008001975483512367,-0.25061586923266854,0.019079754069884398,-0.029866649783301936,-0.016837201865318323,-0.06375273829858655,0.004087046322990778,-0.0034552574539351098,-0.000168184083745256,-0.0014405040053731358,-0.0001518441685090103,0.002282968498732503,-0.0004444978144118436,-0.022803514130551133,0.500516224134429,0.12842775670612705
0.004137597273206519,-0.25786873747148764,-0.11720075672404866,0.007432859597764956,-0.0071517382599252935,-0.042908189698704406,-0.0008119696274350479,-0.001094462176613838,0.00027344816880874625,-0.002215595914679222,-1.0292125981847928e-05,-0.02131876921214168,-0.000484098682039151,0.0014631621164173882,0.500516224134429,0.06275868139757365
0.023023677773662623,-0.2775738713451432,0.0072151439902092725,-0.027987021567383787,0.015214042563990752,-0.01306839943534378,0.00023645074042342917,-0.005716160907369226,0.0005512623590968434,-0.0007973267019846281,-0.0002090260024200844,0.005470819214648266,-0.0005006453701216033,0.0025656265499417103,0.500516224134429,0.22894079599663922
-0.01026131212848008,-0.25572643701028686,-0.09767075324353616,0.0031023586830332493,-0.06123932726920756,0.010755867935884237,-0.001284206957616671,-0.0069000165237463745,4.2228509372273794e-05,-0.0018185971429888937,-2.4480321767748184e-05,0.001348296823141473,-0.00047620086257259297,0.0008560394319175714,0.500516224134429,0.08121968405757914
0.0006109483119343519,-0.2723112802357661,-0.00593697076480587,-0.03170896654010013,-0.018129924144211648,-0.038021413204705944,-0.005745961619039089,-0.005110483765596725,-3.9911831107629005e-05,-0.0014615722562127407,-0.00021333208690635787,0.0035153927923288982,-0.0004955546859680181,0.0033973749572007686,0.500516224134429,0.1288645690614771
-0.001218173943973049,-0.24235729069397818,-0.05623984853770901,-0.021065500687362723,0.010660797325467323,-0.004447823096037262,-0.0007294739651330963,0.004060670692399259,0.0005199142510072216,-0.0008574839553272927,-5.105835621406987e-05,0.003970817075715577,-0.0006537486387922448,0.0018275815975126821,0.500516224134429,0.19393560320200762
0.000470662606673447,0.446948548684662,-0.04246602261245942,-0.02112181611590141,0.01702499259401912,0.0031364041808430634,-0.00027959175002994547,-0.0008288674757378691,0.00089032914665282,-0.00033492670384471893,4.245206164620735e-05,0.006920924100519648,-0.00018299133783342074,0.002544050660334227,0.500516224134429,0.9132803721739768
-0.01144793840174956,-0.23116042660337063,-0.11159364240926356,-0.0250739556621794,-0.014938147789749695,-0.04363405039698174,0.0021652074840510494,-0.00036677728753495975,1.397277048180615e-05,-0.0032275886403280063,-1.8321615767653812e-05,0.0015710551319111784,-0.0004117957830823822,-0.017986054084751547,0.500516224134429,0.04440776084611677
0.004966125405394193,-0.23892606653912007,-0.13446025330465924,-0.005772094429960968,-0.0025681916789892095,-0.025085033377488616,-0.00012823858445972275,-0.0028341556052709745,0.0003482822845145306,-0.001849082404921794,-2.7158010123923733e-05,-0.017607587606709028,-0.0004433789761244948,0.0009350125378426195,0.500516224134429,0.07706440384435556
-0.03187937451100501,-0.24203937489589794,-0.12904563008433964,-0.027476717278162824,0.0113095800107561,-0.016801499191644406,-0.0005219770534459547,-0.002423701495049249,0.00033013588683148526,-0.0018897342183164443,-4.76115840072053e-05,0.003055067882189444,-0.0005926758056727273,0.0014012135637184884,0.500516224134429,0.06389392536038618
-0.015930628411095753,-0.25521884714608967,-0.1137162729809836,0.0049595869310523006,-0.06656588466358895,-0.004633261975304453,-0.0015624605219350962,-0.00586408943990444,5.163423909500126e-05,-0.00237214682380417,-2.4060568878989427e-05,0.0016044214880746623,-0.0004377326581357188,0.0002974843580433627,0.500516224134429,0.041103965960977346
-0.006696645272420426,-0.2446750271024658,-0.12276718815016503,-0.025266592260856917,-0.012689929168104958,-0.024187452095615552,-0.005015110996226786,-0.0032805682136205342,0.0003040118918544118,-0.0028548654135744254,-1.5356887848449637e-05,0.003739882858042905,-0.00041505417663044745,0.0015107853509499657,0.500516224134429,0.05820711449775007
0.004563395676111455,-0.16156926568918112,0.15946727882281242,0.005690268360934599,0.031598972410180684,-0.005116829092137737,-0.0039808780566592435,0.007496810125824505,0.0006246396299363186,-0.00036897980903760706,1.499042688820295e-05,0.0032667211814541085,-0.0005793982312680737,0.0029973835316443923,0.500516224134429,0.5446213334219344
-0.01975115499309323,-0.1536771305333418,0.13659394241440131,0.004637355162890335,-0.021905719967969625,-0.05234553336814356,-0.0029902673996469197,-0.0019845073910973463,0.0003240047879677397,-0.0008492306374945442,4.0280043853750384e-05,0.0024238990497500146,-0.00047226521851039845,-0.02569461328897214,0.500516224134429,0.36486528279502634
-0.01911592471296449,-0.166371222755865,0.11700886727302477,-0.014870562684188739,-0.005152135544637978,-0.08136304856532713,-0.005946945855721838,-0.0012806340957169336,0.00012593145127966858,-0.0006724316440057722,-3.26749192521387e-05,-0.02765142579981993,-0.0006162157729570131,0.0003953790942224757,0.500516224134429,0.2949731796025028
0.010127098658417889,-0.14129634219555254,0.18381824467880079,0.0362975024440364,0.04951159404003299,0.024497782838049594,0.00044051425623926416,0.0004369127370443675,0.001005653691538176,-0.00014142794040596478,-2.4494829788917245e-05,0.007132392637068927,-0.000666312257470056,0.001059905061243288,0.500516224134429,0.6727152479536869
-0.011959706071141819,-0.18684221393679934,0.09398375570834554,0.006271348136053096,-0.11844172413310011,-0.0012117866986019368,-0.0023766396785807877,-0.01839684324110509,0.00014163006328100702,-0.00047787415282726813,-4.903728340192564e-05,0.0038520693676620324,-0.0005074569439363047,0.0015472652958035606,0.500516224134429,0.26604901056608316
0.006358495446503313,-0.1614631191706779,0.14418442726703448,0.007098210093502285,-0.016805369073531914,-0.022264762100932117,-0.007959891986350547,-0.0067977820207343765,0.0005122768540093605,-0.0006324662782503463,-2.3810581583869016e-05,0.003116809487077474,-0.00043869839719465456,0.003243365945168535,0.500516224134429,0.4486439096184722
0.030006708417775883,-0.03277630358361291,-0.03286489809837092,-0.02192189581510717,0.011303639368677433,-0.003952777789827193,0.0008073435275714175,0.0038996960241352214,0.0008287937006972101,-2.6002419945470433e-05,-3.754454060134234e-05,0.002575520626694147,-0.0004398722939359481,0.0031482767412952133,0.500516224134429,0.4610669079998783
-0.006079632575130026,-0.012658424970366592,0.0795323631579886,-0.02404976616350222,-0.019079865939953596,-0.05491793052393796,-0.0051500589242944005,-0.002292778885901017,0.00015666289437969743,-0.0011780245088421567,-6.416600047669302e-05,0.0016009066962073626,-0.0003530532094057372,-0.04193711471734953,0.500516224134429,0.4140453404638487
0.023769361278668955,-0.09459314762373568,-0.04103407798552778,0.032267613202006634,-0.002806169574363709,-0.020844607788854004,-0.00043447696256300016,-0.0006350032409690053,0.0007546455224901541,-0.0017324433241535098,4.116456679754896e-05,-0.052939279364357626,-0.0005648941683342986,0.004084166834712629,0.500516224134429,0.34584907550625027
0.0207179074099313,-0.0725064817584337,-0.06803710063426543,-0.033226533034144475,-0.01919009929642046,-0.035060635734527695,-0.015066577600479436,-0.0062506948790543235,0.00013773180583979985,-0.0013314450847955429,-8.815537467563026e-05,0.0029312641743028593,-0.0003233428787958576,0.0042743194399357245,0.500516224134429,0.2774963806888497
0.07189996040810316,0.06558590488934435,0.17984082160733086,0.01653386516598639,0.011149966815267427,0.002556259709830064,0.00024180267491407382,0.012989275160819705,0.001198548298671,0.0001085682853942036,-6.226619965203961e-07,0.003496984303242386,-0.0003291920531242169,0.0034049786118710347,0.500516224134429,0.8691933453500863
0.05225681506353782,0.10849090197076333,0.1726967955058796,-0.002511332932346906,0.008167974940059752,-0.03696481570110259,0.005817806797889535,0.0026458115173998123,0.0007250135772099912,0.00016812642367416438,-3.1273511652636188e-06,0.005255342317169242,-0.00019761092496778122,-0.02811836774004031,0.500516224134429,0.7889455575983925
0.06977001592707135,0.1105425603022228,0.10663659773908554,-0.008719104405219629,0.011292813800879284,-0.006570646987646436,0.00765035840616032,-0.00047742750815574984,0.000750537143383923,0.0007642605236458878,-2.9003569489208557e-05,0.006599929713380817,-0.0003253333273883491,0.005020320782737901,0.500516224134429,0.8034221026751007
-0.05457691486896299,-0.2385196575716658,-0.07291083324557057,-0.02342064332700253,-0.018562249096370987,-0.011894100750750095,-0.002470083896793783,0.00623407319994935,0.00017972525453635986,-0.0014696156406836956,-1.1291495723015177e-05,0.002484147724971902,-0.0006480159884057759,0.001726606183823287,0.500516224134429,0.08665737061578367
-0.05419273558144143,-0.22506524073726056,-0.05890038963885541,-0.029006581369088378,-0.039959892327283746,-0.035072942188846185,-0.0013661095117427902,-0.00466726858475754,-7.188063876448692e-05,-0.001847325241325401,-0.00010047975844212658,-0.01416316246610859,-0.0005439157127903103,0.0005020603755582062,0.500516224134429,0.036060360753283976
-0.04899130996061606,-0.26985598294075047,-0.10747653374668398,0.014299509617356961,0.012224201213845175,0.006045232863888527,-0.0007835886653494812,-0.0020815826019117845,0.00039041519538502594,-0.001596586842044345,-1.5414366169762705e-05,0.003367314564285641,-0.0006732983844711455,-0.014087943672759558,0.500516224134429,0.09128065640843949
-0.02160278644474022,-0.13489627943704088,-0.06308188239669889,-0.03298375715278008,0.0071223357648409385,-0.03024777434349593,-0.0013974597066137467,-0.002692500261482006,0.00037942105252444965,-0.0017794152599496277,-2.059005522228307e-05,0.008864508265327182,-0.0009547851807430457,0.002915573538135331,0.500516224134429,0.23014083251649475
-0.04604050536241256,-0.26682449994065977,-0.0069389980461548656,-0.02174165211362363,0.011372129581528894,-0.003225915883322807,-0.002824905941845731,-0.007568454970190404,0.0005095540162774786,-0.0013979944593672169,-5.0667321369946355e-05,0.0010152654457255318,-0.0009010459514403243,-0.00011640234402175511,0.500516224134429,0.15578213084355463
-0.06298725807589095,-0.21738784285057877,-0.08304754522458001,0.02283526887271552,0.009709046802780766,0.011800498633462195,0.002016774353592984,-0.004782973030357498,0.00027905732946992534,-0.001962872923187355,-1.6982761941362587e-06,-0.018801242485624464,-0.0005223248965639301,0.001466531405653854,0.500516224134429,0.1591296437691304
-0.07338928079230769,-0.25568545598124326,-0.041366510304251446,-0.0011357441096641813,-0.001938880488534387,-0.012809087933041564,-0.003119908499642225,-0.006202575701888274,0.00030220959556304995,-0.0010952530316655452,-4.897138750800334e-05,0.0030273912877496847,-0.0009408373806873518,-0.01159700694983332,0.500516224134429,0.09451631245747917
-0.05124737837077766,-0.24450938717337212,-0.07119771059935341,-0.040630150964737016,0.007131450587914168,-0.031228248969718087,-0.0014551718021215013,-0.0030421959367364555,8.042880142112668e-05,-0.001869006855055092,-0.0001051216176192875,0.004152259266194353,-0.0006606694704688133,0.0009752547224210296,0.500516224134429,0.06691057575242257
-0.073471588266573,-0.1695973600564488,-0.0797487296406468,-0.03714637481639728,-0.009072571605834204,-0.008641486276151668,-0.0010226593336199207,-0.001910250552717232,0.0008585026136546108,-0.001156102552099621,-1.4696209034824851e-05,0.005977108625514506,-0.001056033447815813,0.002797785168545689,0.500516224134429,0.12731176778480854
-0.07031515067149822,-0.16531721902961724,-0.07089939969211957,-0.03229883973152879,-0.03623630060887551,0.0003623767858603314,-0.0011515050390201842,-0.0023912894211055107,0.00036071728793004627,-0.0013665712083748935,-3.53119102313575e-05,-0.04228948195533516,-0.0005427844191348973,0.0015457668253764983,0.500516224134429,0.07994123134675808
-0.013026975070080922,0.420464603284237,-0.024063863692359543,-0.010249837240507698,0.01694909030854034,0.01305881243631559,-0.009620316374141557,-0.00026794781582541773,0.0005853737196962509,0.012771321493257189,3.4287930001986056e-06,0.0026459017303419622,-0.00019798363375986083,0.0021514624419941733,0.500516224134429,0.9117192945151393
-0.06591003461644589,-0.12987700070271674,-0.03526561575869357,-0.0052718889914005656,-0.035733996075670814,0.01047027304821248,-0.0006427524922981076,-0.0007693221686565739,0.0006481673564377055,-0.001948043150404523,-1.4503889346307137e-05,0.009706326509537629,-0.0009223762720780975,0.004713440706262632,0.500516224134429,0.24969889763717187
-0.06725402892635839,-0.12929658420713933,-0.042679506338395866,-0.029655396698414008,-0.05474264963826448,-0.05399536319606262,-0.0018849640356186483,0.0053323963169962406,-4.6504038860058475e-05,-0.001941912599199822,-4.4317598090412194e-05,0.007153029610042568,-0.0007845519300360758,0.002540010050085813,0.500516224134429,0.1332158809051183
-0.011831457719504895,-0.2601218713737902,-0.09592785747390123,-0.02512725482328984,-0.016246282450538215,-0.010944832963134586,-0.0011069683963854514,0.005434361174626574,0.00046435793496270593,-0.0015983563380349507,-2.1949407553866932e-05,0.005236142430320813,-0.0004539735395778928,0.0014795464042473816,0.500516224134429,0.08974982759287796
-0.03841813138560385,-0.2378545708925011,-0.07050907050222763,-0.03186609387597519,-0.03740643029004536,-0.03380022835386624,-0.0012830063429534078,-0.0035566487163935243,-2.8844627986562896e-06,-0.0016976290161111248,-0.0001309037959532988,-0.013061047963814309,-0.0005720485478252462,-7.914159100092526e-05,0.500516224134429,0.030278388397362792
-0.046423645594122764,-0.19741230229205284,-0.12198583606654448,-0.025275425136317368,0.007402740586767103,-0.003658232722816642,-0.0005543796819372711,-0.0007118549386650942,0.0004913183425235994,-0.0012788861351306657,-3.297800010673293e-05,0.006400042955842078,-0.0005015682070939595,-0.00934505647299994,0.500516224134429,0.10763016077177788
-0.048551844641383284,-0.25847797585019655,-0.10970474519639924,-0.030930949863173303,0.006347433901877893,-0.027648307053695576,-0.0013054738544651542,0.000906024154363392,0.0002875300669221322,-0.0015617405823526143,-4.8775034879855026e-05,0.0026400401223692326,-0.0005547284706434468,-2.7704367603316362e-05,0.500516224134429,0.03188500746517254
-0.0013246351279568413,-0.25496203744280516,-0.16081454921275862,-0.01764406795709463,0.010779181286647151,-0.007151853181984349,-0.003846955953363366,-0.0023483549551511777,0.000402399879230966,-0.0016346469245912755,-1.754171562999496e-05,0.005062380219550637,-0.00047002568239720233,0.0012086149871722105,0.500516224134429,0.06775413235330004
-0.03188217885621574,-0.24921261334104208,-0.1305112344508532,0.0005133860798394241,0.006601392306922922,0.016540742437195947,0.007783588221929535,-0.008673530110041945,0.00027007699111247205,-0.0014172786232301384,-2.22206106432533e-05,-0.013159314172652821,-0.0005213810163608993,6.3169161132469075e-06,0.500516224134429,0.09683197590650508
-0.022001515006833908,0.4592372109601094,-0.02592233578458868,0.0003636289832898622,0.014400580359181375,-0.0014377841357485677,-0.0002403561158683913,0.0009312491385898819,0.0008936340726510278,-0.00048585327757132157,5.691775092229193e-05,0.006353828273813343,-0.00024027673245665947,-0.014790100864300737,0.500516224134429,0.9176350517556235
-0.04516715158380167,-0.25558457380815014,-0.07762616509214354,-0.04330850435596257,0.007005108350754155,-0.026018107615750737,-0.0012266095751969593,-0.002375574628513649,0.0003794818654188263,-0.0016456798606138412,1.5256127803741171e-05,0.004590709741899415,-0.0005642019797768857,0.0005419001346391619,0.500516224134429,0.059532111855037304
-0.052697941017506494,-0.2603327833505925,-0.09944037441193045,-0.027918148759186436,0.0150606233765783,-0.007339768108111112,-0.0012164587415959675,-0.0040675101219915175,0.0006315519834802129,-0.0012993798783013562,-2.4396656355366702e-05,0.004109753694172216,-0.0006386094305368434,0.0009618745604408352,0.500516224134429,0.06630465727299534
-0.033390739397334335,-0.24926000770493778,-0.10000202799589863,-0.020118346524807557,-0.036272899935426664,-0.0022298178830154848,-0.0011864161859864565,-0.004004555787868872,0.00030031189916652335,-0.0016858694238937265,-4.0149947530273296e-05,-0.023176595299787696,-0.0005072331372880181,0.0008545201859961298,0.500516224134429,0.029796396995819433
0.002958325152769615,-0.13766330203229585,-0.09458400026013668,-0.017756898077408285,-0.03720783579672941,-0.0060508087935237514,-0.0003628390923708278,-0.0020519048568726854,0.0007135385122208587,-0.0016424914980150492,-1.4856781522952647e-05,0.0109454226375057,-0.0005700298097409762,0.002626055165985205,0.500516224134429,0.21985459860429807
-0.029146776735932228,-0.14293246312902058,-0.07347867824662958,-0.05307684995943809,-0.0564707478591781,-0.019874703665871365,-0.0013266760973105157,0.005998527351025587,0.0003970495479987715,-0.0018534320884545043,-1.7312140318138635e-05,0.00867352314561385,-0.0006866970672225875,0.0017824992355832945,0.500516224134429,0.13850348642527902
-0.025981134819869422,-0.2431821556743795,0.10599368261059039,0.0038891180628118417,-0.030817528965068383,-0.004844023455317424,-0.006901504312262778,-0.0008768365594820312,0.00044951764614071247,-0.0006081371995391163,6.494402417621174e-05,0.004829905765987855,-0.0007046548848466564,0.0022708565104615154,0.500516224134429,0.30409827288383595
-0.06548547984181839,-0.2303564807154757,0.06356090442130694,-0.0474195091573756,-0.08213837037636848,-0.045879022590879386,-0.003790892082971137,-0.006699699024186868,-7.575832896763022e-05,-0.0008803393052849164,0.00040559524763146944,-0.0116832505080512,-0.0010788456253839139,-0.0007835170606370584,0.500516224134429,0.06821155918597092
-0.014359806395268397,-0.19962864862391846,0.14491138746780105,0.043309100996541006,0.0423647570463229,0.01900531508138234,-0.005765542503302248,0.001217238652071036,0.000563992983459607,-0.0003387918177912278,4.458335997859901e-05,0.006637871612229663,-0.000784347657936979,0.011426175538048637,0.500516224134429,0.5491195098740504
-0.03543024544664333,-0.23958627910850705,0.12166770101770419,0.014350297021037985,0.032009815474336,-0.04965720369132382,-0.006813686716958942,-0.011630143615276567,0.00045828711654288774,-0.00048373143150384773,4.982179512782838e-06,0.006438263019327547,-0.0010811611119851587,-0.0012278635271127344,0.500516224134429,0.329535255313583
-0.0010031379837084488,-0.22401398051015556,0.14870733865969082,0.028788502244912164,0.03919677379439023,-0.0013190661494585003,0.014243846536965251,-0.0020338899018179225,0.0006348461865947737,-0.0009077917075813041,3.310439671608778e-05,0.003927806223610816,-0.0007881899257586115,0.00022888907996239085,0.500516224134429,0.5062112750787939
0.007133972317001099,-0.2084640468751355,0.14112258859792015,0.031174670120368442,0.04070871963562341,0.02895522476406685,0.026675399954324778,-0.0036181231804513544,0.00040612122079528305,-0.0004860226984470918,1.6156236833277005e-05,-0.010432917485369373,-0.000687336925762303,0.0008096361405892424,0.500516224134429,0.5538302659567897
-0.010369614502865604,-0.2513564081730718,0.09469487220192972,-0.06227019269046882,0.01444896057368577,-0.056229389023485045,-0.0037955144876388636,-0.005025060690906626,0.00015377407841669278,-0.00109934598069204,0.00015869681276709421,0.003186343560954834,-0.0007925526356386289,0.0005022716927795303,0.500516224134429,0.22272306487019847
-0.047444297097973764,-0.21761420802872694,0.15315260427733676,0.03543468825238535,0.04341954590505135,0.013637693270033934,-0.0031783076180048617,-0.00018208589839250897,0.0008282234246490792,-6.531963725495618e-05,7.596747018061072e-06,0.007634377115466956,-0.0012958243680200403,-0.0035669680751123215,0.500516224134429,0.4812839424028896
-0.014876848910742415,-0.25937895986574067,0.09338005109692285,-0.006637804466444413,-0.06854056593869448,-0.011572962963701628,-0.003121917050664966,-0.00684803397140567,0.0004885582731899422,-0.0009517728796922598,-4.1868681356921506e-05,-0.023630316693630853,-0.0008144364765147804,0.0012999404578432495,0.500516224134429,0.19926928606379987
-0.010392777009440923,-0.23739601095349858,0.09409720724029012,0.011654899236335958,-0.0886456864266209,0.006349616450495231,-0.004498829943222491,-0.0038515127870232205,0.000258067099794699,-0.0008949540973797303,6.837984998367256e-06,0.004654613862170292,-0.0008052300417098753,0.0015210304226529426,0.500516224134429,0.27257349517227497
-0.015415623798421487,-0.24354186851853837,0.0674382600138011,-0.0039093408100273844,-0.11134713842266335,-0.08198277153022504,-0.003230155876342411,0.0009139581291398028,0.00012737742734935024,-0.0008644496203457823,-2.104007861684165e-05,0.004623460469163272,-0.0006104772245018364,0.0001383191256624944,0.500516224134429,0.11283473341986575
-0.011139675926727786,-0.26569653631454127,-0.12484183434782879,-0.02810723551738885,-0.018634909381604,-0.010007718030089747,-0.0016476411949055319,-9.089476763148534e-05,0.0003942526776709018,-0.001516909802917121,-8.401677085545015e-05,0.003700548792042378,-0.0004114605890515854,0.0020569099368131913,0.500516224134429,0.0444891028974163
-0.0044119475187438225,0.41180567188024786,-0.03596602845775869,-0.007843573846217634,-0.06156735499715969,-0.08002094367285006,-0.0013747647971635729,-0.0006138249875885095,0.00026962794277451095,-0.0008745765766426238,-9.977965199266896e-05,-0.008785538510770715,-0.00017504972119836203,0.001980740335893661,0.500516224134429,0.7128388815552636
-0.0045977658955329926,-0.25563522361673874,-0.12887846145473442,-0.02686108035468312,0.01339061317608912,-0.031602296441382606,-0.001526775137075793,-0.0007063942538613063,0.0001909051784205154,-0.0019724226696760843,-6.573615186965072e-05,0.0029329744634740934,-0.00047435132936717034,0.001968556458072684,0.500516224134429,0.06667876610556725
0.003118206272125184,-0.2646664168376505,-0.12144711695196195,-0.021514005826453908,0.009897396394048227,0.0028050472056213222,0.001986009241681984,-0.0007338326250741193,0.0005250034627382927,-0.0016895854997633197,-6.620878353589555e-05,0.0029421999765862315,-0.00046122961266598713,0.001266138520174231,0.500516224134429,0.1124778290703026
-0.002483173461695866,-0.258992877759315,-0.09044574227262381,-0.03405698454060768,0.0056013669418018925,-0.029868181580323307,-0.0017375088126230973,-0.002820290490209348,0.0002874205774564124,-0.0023369213265884026,-0.0001393016013873888,0.005500595145677277,-0.0003721291122497596,0.0013785493846691377,0.500516224134429,0.09003104522641349
0.002001784889355876,-0.27521725338500397,-0.12399965159958304,-0.03161381805978578,0.007572525883201322,-0.010325331359545529,-0.0011168376831564677,-0.002496797452871082,0.0005624732423095604,-0.002144519703080918,-3.8800291771750906e-05,0.0036923499855778586,-0.0005966023927839805,0.002141601152521562,0.500516224134429,0.06893734735981669
-0.004288146354797736,-0.2502909974075323,-0.12234112649972118,-0.021453326454027522,-0.02687932782836787,0.005293998930483837,-0.0015305759583880618,-0.0032994836572261582,0.0002727070973468342,-0.0016548120476537497,-6.920409377132561e-05,-0.017945147031721263,-0.00040751427565886866,0.0017667200308631465,0.500516224134429,0.057689988584259916
-0.0009134994646236622,-0.28443758823651216,0.007390676155602361,0.013107442257935866,-0.04320138775019615,0.009672657241765676,3.763932932957737e-05,-0.008869792440657755,0.0002538898650913979,-0.0011471016685232135,-0.00013264676936341867,0.0033039573618537828,-0.0006097603615765966,0.003480947601358315,0.500516224134429,0.19845165725591773
-0.009550001245694335,-0.2412890339947975,-0.10325367362844967,-0.032425211063762706,-0.05518801212706923,-0.032942728433143054,-0.002205970757479823,0.0062212701593864425,0.00015933629374873356,-0.002046943330081204,-5.970846510683778e-05,0.0039637476797827285,-0.000386072679419136,0.0011164436583547225,0.500516224134429,0.032629666200701284
0.02163706183887712,-0.2831710505292711,0.06531517151726506,-0.0005382168335033954,-0.014434791340524923,-0.0022624761942402543,-0.0025770022961047823,0.023018102272288277,0.0006221814628632475,-0.0006445395047220838,-1.3970706165674328e-05,0.005070160003768709,-0.0005370282847974679,0.0019001821994881478,0.500516224134429,0.3139000077396543
-0.0004389856304488604,-0.2834718225244117,-0.01134410237503979,-0.036144446449143726,0.00933245093447817,-0.051343148305629915,-0.002208235223379092,0.0028480423107968534,0.00011204296931947142,-0.0009382740649480938,-0.00013058679283098324,0.0011665646715571909,-0.0006282313888085775,0.0016339299012241935,0.500516224134429,0.12896142216716805
0.015881472745000638,-0.2717020815318801,0.05865129319578121,-0.0061905661990085065,0.01158357354267987,0.0028464429129746983,-0.005821106509435155,-0.012389181048653842,0.0007864857631150803,-0.0006287233829713794,-7.653407587312387e-05,0.002714006157228841,-0.0005683818810129858,0.0006718195565217805,0.500516224134429,0.2962747433788999
-0.00259830828680025,-0.27359395402672954,-0.01001904577493162,-0.039973101046649244,0.00961424636098048,-0.04166160823932058,-0.00240075411005163,-0.003090976439774745,1.5291806564268434e-05,-0.001127203214080426,-0.00011460468729713143,0.001760767923836783,-0.0007761887554545653,0.0015215818753073016,0.500516224134429,0.13807236752003185
0.004385531279208826,-0.2680855264151566,-0.02426839489511199,-0.011060238141964635,0.018011170053035108,-0.005037095496888078,-0.0017709106713188903,-0.005245078765835828,0.0002784753891606221,-0.0008106335565275272,-0.00015961295525107648,0.0017956694522198427,-0.0008838357724915029,0.0018890010678314002,0.500516224134429,0.20955474470534238
0.015528316319863067,-0.2854991584875177,0.06281408516998015,-0.02611686024886671,-0.02735648101474672,-0.001682304152873507,-0.0021204347734812873,-0.009202274078103785,0.0004128122777958595,-0.0014070203078437333,-0.00012851095628923874,-0.01975461604820557,-0.0005287385765046783,0.0021151520520990676,0.500516224134429,0.20759019130973885
0.02230983658515212,-0.25041598350390215,-0.012446038221357219,0.0056372866576057026,-0.049191518453901524,-0.002960573491625283,-0.0009254116521664171,-0.008748817290901581,0.0002501454217982647,-0.0009890520952557577,-7.636487021038664e-05,0.004476981236026602,-0.000647592243083811,0.003233604725140585,0.500516224134429,0.21002272693775262
-0.001987147401679516,-0.2628696607886253,-0.018389236520332537,-0.032827596204992766,-0.07047059945727878,-0.060676129983257075,-0.0024292240714665083,0.002871289656844992,-5.902073606080079e-05,-0.0011908042426185472,-0.0001142414801199448,0.002953482782121071,-0.0005207929758725681,0.00134080490912689,0.500516224134429,0.05614734762022066
0.0061302145513562785,-0.25865150047901453,-0.1449172069998525,-0.030160333265288455,-0.013651230237566736,-0.010321619450098999,-0.0015544819739117717,0.00225140041652334,0.0004809969211229273,-0.0012831911147319934,-3.4257937097137146e-05,0.0045448272453344155,-0.00038737488000873435,0.0016195500055738103,0.500516224134429,0.054582016936771484
-0.012334310966938777,-0.2542128205221408,-0.14418498526808596,-0.032341585516492424,0.0060514493781607375,-0.02286395818367408,-0.0010626443326973323,0.0013600443763138591,0.000454164229113403,-0.0018974532781032185,-5.225398739732394e-05,0.0027632487890447057,-0.0004540767584943828,0.001005484253032744,0.500516224134429,0.04274652634607356
-0.009085334714985847,-0.25549930825752826,-0.15711652766091136,-0.025800709167255947,0.009855022104439047,-0.006975171141720625,-0.003876058543464129,-0.002527616084710041,0.0004470387223142668,-0.001588013069472997,-2.2973386026549984e-05,0.00390360644886843,-0.00045821014337585635,0.0008448807484874218,0.500516224134429,0.052616849989089304
-0.004151825029505355,-0.24998582138905368,-0.09797264778538477,-0.04268441069135087,0.006833089663888311,-0.024248703817565727,-0.0007552827450382204,-0.0033554440951589055,0.000446014089266071,-0.002531120709736736,5.522803181665028e-06,0.00596492147928621,-0.0004018874530277426,0.0006558279831769038,0.500516224134429,0.08833445643740875
-0.008159010739103726,-0.24377460789181774,-0.16448928159180828,-0.026945829644780775,0.010347033247258648,-0.002942132562705201,-0.000808316518881628,-0.004387656408329088,0.0007213753082465783,-0.0017693526056980816,-4.4426135725834364e-05,0.002727122241331605,-0.0004795179729108266,0.0007287901298742018,0.500516224134429,0.061240412989382056
0.019588472698584866,-0.23583672970315972,-0.15095112636092844,-0.027518849830166642,-0.022101369848381704,0.0020401968247439803,-0.0007386659446373388,-0.0034376844622997288,0.00029381817161900487,-0.0016310637576137476,-4.8579315746823e-05,-0.013980196121714937,-0.000391189819099098,0.0010997420734455876,0.500516224134429,0.06690299873907836
0.012961820177422093,0.42975556588847175,-0.03152803458576235,0.00025248693715248583,-0.04187604725750556,0.01819580555718195,-0.0006642412538918106,0.00016949877625977092,0.0007637327876289428,-0.001145990479850766,4.050032674082177e-05,0.004982633057848376,-0.00018633966420813852,0.0044302238907303615,0.500516224134429,0.8966678382926534
-0.0052904224439044864,-0.23619298206441933,-0.09834577611301337,-0.03149013374415009,-0.05532542210725738,-0.03569515566602966,-0.0015162449745382534,0.0036831050364232085,0.0002461358389554271,-0.002382920022948054,-4.4730919388686805e-05,0.00416785623115093,-0.0003795677849895151,0.0015912729850149385,0.500516224134429,0.043541238385337834
-0.0031147737873929967,-0.24450757041729868,-0.009495198855682885,0.0005134266854866416,-0.019131954779452707,-0.006780460770466633,-0.0026503984530368485,0.00646288589653238,0.0003556730079582478,-0.000652317222221909,-2.1730462438659757e-05,0.0027594298131225193,-0.0006154313388395729,0.002432294561141475,0.500516224134429,0.22607009801184333
0.0012306097850425773,-0.2518493413587793,-0.011686557513683353,-0.03458328942149509,0.008611888623467902,-0.04848428387187649,-0.002919427686256423,-0.007602924945173831,4.585587386199701e-05,-0.0006791396304350565,-0.0001316513716610876,-0.00015725919496737884,-0.0005707156637790028,0.0022084575887253966,0.500516224134429,0.1539484453474234
0.008397987074061843,-0.2535555054443349,0.0019135505246656744,0.0032335486337681566,0.019732075939960275,0.0016855399371569514,-0.0010111627464047242,-0.006399750473975082,0.0005703352505001659,-0.0007104895107203355,-8.92425677354354e-05,0.0005656690157878325,-0.0005190507470067822,0.0013939891329125386,0.500516224134429,0.2757237181530687
0.01544910337338752,-0.23841633025818448,0.012065897543679342,-0.04356047209163003,0.011705121333841353,-0.04304123617054551,-0.0027346852543386766,-0.004987830691793179,2.745788457016019e-05,-0.0009453572138716045,-0.0002604482177180507,0.0010806013145369762,-0.00047768337343932006,0.0013526135078948001,0.500516224134429,0.20777297582082138
0.015869415890867773,-0.2471996275591046,-0.003213967661056473,-0.01228533927155522,0.021730275395664363,0.001105079076235045,-0.0016770327024019911,-0.005973730682855202,0.0003225470203859293,-0.0007001265263732387,-0.00015401520276959522,0.002941015545980098,-0.0006956152483033871,0.003213877539928859,0.500516224134429,0.27379897974907486
0.013775376936670018,-0.23023954572722835,0.015876361123155158,-0.019349887343014707,-0.04410008598426153,-0.0036125767097783053,-0.0019241759320145898,-0.002045455723256413,0.0003053048578198607,-0.0008569668657237835,-0.00011918223228293938,-0.011601637521216185,-0.0005884131191735023,0.0028244598487351027,0.500516224134429,0.21885979974286238
0.001632192096901481,-0.2289076923380077,-0.0005289686246627265,-0.030326302682570947,-0.08193391435480986,-0.05875480118254457,-0.0019965026254599614,0.001842592615419365,-8.041227822424291e-05,-0.001016456888404379,-0.00011243024912304779,0.002327651312362165,-0.0004612081504373883,0.002120104900300384,0.500516224134429,0.10432007568517071
0.03770672577576145,-0.19239801033545775,0.14163746136317876,0.002127987236230457,-0.0208691069324805,0.001425822426034063,-0.004130571838016002,0.009378656460803677,0.0005926150764677234,3.530110410895801e-05,2.4750678386180823e-05,0.0053476364696740395,-0.0005250002197999601,0.00531544686926394,0.500516224134429,0.4861859382685868
0.012754350435472855,-0.19184828301373646,0.14168094254996183,0.01218879600027915,0.027924321587311434,-0.05541588342625309,-0.003915836716316182,-0.000740140035057287,0.0005783261887820241,-0.00011613623497677027,-2.4629836859924536e-05,0.005501500137510144,-0.0005341519314799255,0.002042627662482867,0.500516224134429,0.4505920275015532
0.03803643234935828,-0.17142611444291464,0.16836410041440972,0.02724647505307193,0.040156656076296406,0.009899436849568214,0.007675333831662023,-0.006145170195100984,0.00070801790034783,-0.00023205431890000423,-7.016212257151692e-06,0.00639712549310591,-0.0004507474557707757,0.0031986495919112427,0.500516224134429,0.623937349069219
0.01301529176311283,-0.20411213972504233,0.12018477741618629,-0.0617873466235912,0.013793095435222795,-0.05769811712839105,-0.002389696102778377,-0.007402282544561812,0.0002468215129753353,-0.00016850301528051258,0.00017862364363671577,0.0037631945368614378,-0.0005252829000863224,0.0015828407336996512,0.500516224134429,0.31919750113639606
0.009714711807114125,-0.1642369135861252,0.1776115978189106,0.035583410575214,0.046281787620309156,0.028393762698082314,-0.0005430898659688274,1.1421691422193318e-05,0.0010066982394296951,4.3977361934886686e-05,-2.1674100653633543e-05,0.00907719099759456,-0.0007302796119206846,0.0004485385456202503,0.500516224134429,0.6431573643253963
0.02635118677773754,-0.19973819304782003,0.1232850916458063,-0.006392377176367401,-0.055066742484666344,-0.007553533456456651,-0.00030426597035330884,-0.006209643714461968,0.00060413869074897,-0.0003032201172844035,-4.0792733494685256e-05,-0.02195695999921069,-0.000586927341235249,0.002449811585125222,0.500516224134429,0.3550537967924996
-0.01686643193015934,-0.20106854016222814,0.08383407263478712,-0.0056213767354830885,-0.11748449198671088,-0.08566983758856317,-0.0017121758231346033,-0.0024808338686484565,0.00017433191705374846,-0.0008450810471681248,-3.3232162489133446e-05,0.005056174822068752,-0.0005313877915019274,0.0007078668864133899,0.500516224134429,0.1579752812986685
0.04854276635725153,-0.10925000481942597,0.1669355286971528,0.021102767426594917,0.0019630266166764574,0.007706083315695818,-0.0003729276474334347,0.022522795678228513,0.0006720165712562007,-4.342155176020688e-06,5.15951862656772e-06,0.004886487447256711,-0.0004827221941165239,0.0057375388632150155,0.500516224134429,0.6704803978102347
-0.006208251955414303,-0.1059386342020675,0.16886643307666602,0.027614177488205625,0.040310516948455055,-0.028409272894143155,-0.0007288930271872387,0.006226015773313911,0.0007397418857128771,-0.00043755077551966876,-3.4713604055485595e-05,0.005550003667148617,-0.0005737865838172704,0.0020549978394074795,0.500516224134429,0.6095470077711369
-0.008983821041504893,-0.14799100462640458,0.13139419215433218,-0.07187959033781072,0.017965128541356064,-0.039712617725924916,-0.0008921161479352022,-0.008280670212499407,0.00030806607414949754,-0.0006253455233355491,0.00013971183452412262,0.001970955664691966,-0.0006550890995970813,0.0007755430051183711,0.500516224134429,0.37404956669359213
0.03402662321363299,-0.13511211867966305,0.13732818667662006,0.0002397839140315993,-0.03762044123439813,-0.00937556187081138,0.0019083355417323512,-0.010196832840716215,0.0006578056228714365,-0.0003761142595471794,-6.258107271948107e-05,-0.01926713634345985,-0.0005419253092277148,0.003337803673525644,0.500516224134429,0.4654620511663032
0.02664748081133814,-0.14481007932267043,0.11158191249766972,-0.003255319176769827,-0.12844282341642915,-0.07996994193655359,-0.0005554241185760668,0.006415906916091363,0.00017365658443008178,-0.0005836962441364134,-4.9969778904097717e-05,0.0050351916297486,-0.00045949563424030825,0.00200370772220376,0.500516224134429,0.2942473306676342
0.06064080249602453,0.10051635576136295,0.1413319051303419,-0.029651720970971688,0.016923683383565976,-0.007467730154692161,-0.00045935852761175907,-0.004449599708403909,0.0004998415777560017,-1.8042434655670574e-05,6.600603068174903e-05,0.005876223558396497,-0.00023400387943351127,0.004310398183070672,0.500516224134429,0.788400984579864
0.0689633820120656,0.10018607931585528,0.19001163810212823,-0.008783477560068835,-0.0002816890951086913,0.004381366015940569,0.00034548254800556295,-0.004807366145743156,0.0008507359267228039,7.32313399528807e-05,-3.101526589237429e-05,-0.01714778651178474,-0.00022387297362653542,0.002958805879200214,0.500516224134429,0.8370117377220799
0.05298090469447155,0.12427685093950074,0.1789931100110683,-0.008731824649631266,-0.04691325963078406,-0.025083144665037475,0.0011349148450616891,-0.0021281324777673687,0.0006273241922140129,-9.014576701510234e-05,-4.141010817140899e-05,0.005977748662817804,-0.00023249765760413482,0.005344765233744419,0.500516224134429,0.7866314277572996
-0.059527045106181294,-0.20055721218073394,-0.04566273126441871,-0.005348912604348331,-0.08561841010095483,-0.06376472771874557,-0.004621240714228511,0.00012651150706069464,-4.622246058928829e-05,-0.0009105567325222688,-1.0340195181392918e-05,0.0042766888243055004,-0.0007363203377677914,0.0010502804679847241,0.500516224134429,0.039165985518112574
-0.05703327595102193,-0.21639003473485946,-0.06559837637696728,0.017851830968730848,0.00876367965926168,-0.01623553866675085,-0.0034075492162267684,-0.001268173461800187,-0.01572853074861243,-0.0005176490874941306,-4.808657572304283e-05,0.005085507836039887,-0.0010690472127199173,0.0004861797911774303,0.500516224134429,0.15540716035746632
-0.05012254333702785,-0.22292629766431166,-0.04483170160608617,-0.05461882692303463,0.009800565482296976,-0.014380074454391848,-0.002098828208091455,-0.003974396522530199,-0.009838550287117803,-0.0004185870390367205,-7.146255396934385e-05,0.003974049558718831,-0.0016929711130119732,-0.00029688427549522816,0.500516224134429,0.10901971519134339
-0.08005416212200074,-0.25588051185783933,-0.024787822371307274,-0.055377519785656026,0.0012914147572563929,0.010623442668009417,-0.0025199366423127837,0.015104844375432271,0.000193202501633106,-0.0004733063229722529,-4.930467672877989e-05,0.002850462711643609,-0.0008951282069912374,-1.0764997049649668e-05,0.500516224134429,0.11053113416554877
-0.08689281956378486,-0.2667302575591572,-0.04658181876187944,0.01385509676931226,0.003824231615695728,-0.009139515759250805,0.0027854038202548737,-0.005810971669002263,0.0001188710779962534,-0.0013678445569481113,-4.077639066775884e-05,0.0019452467850418838,-0.0009168535838520649,-0.0016644359466037673,0.500516224134429,0.10389978041158676
-0.08216191285208521,-0.23911826986337598,-0.04700357049612784,0.0018589752897477615,-0.03777436098383015,-0.0037061101015608117,-0.004031133416817006,0.008339540543627962,6.885444408018478e-05,-0.0010163124932611755,-8.113523044341037e-06,0.003043574428030253,-0.0008709570110206414,0.0006855126983744849,0.500516224134429,0.09882194079717024
-0.06326115448588138,-0.2475632346825163,-0.038019635200539054,0.010179970726259837,-0.04936588597774083,-0.04710181759832071,-0.0025631280037942687,-0.002544777161598718,-0.0002545796102218324,-0.0011225022485269356,-2.8746815158139688e-05,0.0025343240009996744,-0.0009792230734817376,-0.006251331543394861,0.500516224134429,0.054174502460517665
-0.06960975070714877,-0.248471891362347,-0.03649131548992401,0.0029141580414757374,-0.0011609174243863748,0.010743404677478375,0.00782074180537473,-0.007041212149510943,-6.039988618046001e-05,-0.0006601038875132296,-4.271338914035643e-05,-0.012013618963409436,-0.0008961345358667499,-0.0022770307944631283,0.500516224134429,0.1432694400688713
-0.07135911269021486,-0.24252832543113897,-0.04497783826232021,0.00395814990607992,-0.03941568146112279,-0.004703793886626248,-0.0026386197242964995,-0.005529423607595764,-8.77650302491828e-05,-0.0011499276049128776,-1.8082639149928794e-05,-0.014029324102296074,-0.0009310518817567175,0.00022651221258079306,0.500516224134429,0.077331939931413
-0.06831366924445961,-0.23186849237706184,-0.05623295862340446,0.00011361390178249395,-0.05358153053096017,-0.010722741819925795,-0.005058831385578865,0.007204225032923393,-3.8713608205817815e-05,-0.0008984196839698214,-3.3049352361540195e-05,0.004555991429236498,-0.0009538134482146751,0.0001507505621708545,0.500516224134429,0.08483858498640354
-0.0546416054908895,-0.24169189525882598,-0.06824104895969899,0.0034672643787120485,0.006423142101726978,-0.008911341705955757,-0.002447386871356163,-0.0025409095162572293,-7.407305853614378e-06,-0.00048344091737351593,-5.208273250128621e-05,0.0039003691662887465,-0.000899859977092625,-0.002254970356894406,0.500516224134429,0.1321350506884615
-0.04154225415758147,-0.24032538966334163,-0.018247906881180796,0.014195960058100175,-0.08116230084835724,-0.049808540934925476,-0.0026923995052915385,-0.003973436603339927,-0.0001821074934984827,-0.0010208368366879008,-2.228493269409746e-05,0.002646735166481975,-0.0007794040408956875,-0.0006704635492588948,0.500516224134429,0.07693159391196092
-0.02442564685672345,-0.20788909132837746,-0.06345718977516457,-0.02405712060958173,-0.06934956857860308,-0.060339665264058116,-0.0021219723115753963,-0.0026431516864160215,1.5835146662809894e-05,-0.0021568617870052656,8.790884260487083e-05,0.004238050294955878,-0.0005089895465464472,0.0012741986989016295,0.500516224134429,0.049182959373506634
-0.05920257416605858,-0.26041431269997195,-0.10018489691042974,0.007636178511303944,0.005569969835142376,-0.01733731520549941,-0.001879296309386254,-0.003243292608875832,-0.02329187501511368,-0.0016071653306760183,-1.0339267676562665e-05,0.0028011348186449,-0.0007718387863792681,0.0007115085911187768,0.500516224134429,0.04929210959057564
-0.025415894208510193,-0.26859251485160424,-0.07975638548542749,-0.054612275981044414,0.0068975245965752765,-0.01994705912697708,-0.0013198574640179799,-0.0025042430612641385,-0.015689374718442478,-0.0014335374941006882,-2.3775829294052885e-05,0.0028669609438453907,-0.0007296717022423954,-5.754581315622448e-06,0.500516224134429,0.040250365170611785
-0.006577892766728636,0.4270972229192187,-0.034279653080472136,-0.059405669719371904,0.013325073793044328,0.004257447900641985,-0.0002193617484646172,-7.763819126315144e-05,0.0009646305498023656,-0.00033522238402596124,-7.840411622877965e-06,0.0018899068425257124,-0.00024621175610684156,-9.644531110538928e-05,0.500516224134429,0.8468045707705045
-0.09292392728455469,-0.2769224306801086,0.00042100466310524714,0.007699758951779755,0.004619481375459006,-0.008496404014086497,-0.00044960086215946907,-0.007947405431472168,0.00020644489632758845,-0.0014666797266556161,-3.5623458133967456e-05,0.0014545463811650042,-0.0009023588414079547,-0.0021412604344730087,0.500516224134429,0.1236317696692159
-0.04024064575400983,-0.22267321773700802,-0.08543674734015558,-0.0065825020090079,-0.03823072019123933,-0.00540842215274265,-0.001979602722203806,0.003878747037787023,0.0004765884784243031,-0.0013900026679788224,-1.8897462219000703e-05,0.0051742600482771696,-0.0005440508251028462,0.0022118974368993266,0.500516224134429,0.10975290827415259
-0.009030823103584738,-0.2584168913590963,-0.08786889539087761,0.0030730000046033596,-0.042580876505896044,-0.04657713769319657,-0.001483492393841302,-0.00238827896710415,6.739718438068915e-05,-0.0025300889854874614,-8.870397875549339e-06,0.0036503999731733066,-0.00044658759102290263,-0.02152567356973644,0.500516224134429,0.03444940533887225
-0.037674633724628356,-0.29523765288420906,-0.08974162132134693,0.010871153824496025,-0.00014617808560479163,0.012918919541788983,6.323833413066685e-05,-0.003578923525460892,-1.089056534449465e-05,-0.0019605923077449052,-2.1277452861998017e-05,-0.0065446046626140555,-0.000674236709761439,-0.0007347021374346422,0.500516224134429,0.08804422245783584
-0.06719994752758691,-0.26049155084435316,-0.033780443895598096,0.015232093291492952,-0.035584995783180945,0.00044463255256680013,-0.001986920470823063,-0.0034333981297756558,-8.3390821938984e-05,-0.0015054842954796194,-2.2035911482519434e-05,-0.011112585166270492,-0.0007430414988672835,0.001433645549722759,0.500516224134429,0.10168280118285894
-0.032918055910012095,-0.2624477788559636,-0.08376956053391686,0.0028529323060825476,-0.048192088194704316,-0.01340280795334997,-0.0017201537696508629,0.0065048177338435835,0.00024832529106282513,-0.0016852525545727136,-1.7430272368616624e-05,0.0035601529537677376,-0.0006196497272167565,0.00044366822438314903,0.500516224134429,0.06935334287181623
-0.030789476796643983,-0.29207748715840076,-0.10337980543263078,0.00860810423269688,0.007638006657964907,-0.0012572406723833306,-0.0003041209638069304,-0.0024105710008997384,0.0004819449047420207,-0.0014029323205401463,-1.6294563907008914e-05,0.0039339448278782356,-0.000659913860780594,-0.0073009808386403285,0.500516224134429,0.08157940114908194
-0.008262464650837608,-0.23604735316154263,-0.07826953027626737,0.0073942261695243905,-0.06966809242825076,-0.0449397212117734,-0.0013213128445674564,-0.00022261131456302605,-0.00010860288178950955,-0.002306249248411726,3.0088107972794997e-06,0.003905636002622996,-0.0004905750508914868,0.0012541670663716105,0.500516224134429,0.07143674911485308
-0.028379919447064996,-0.22827908300329855,-0.07046228852533226,-0.02678869636438162,-0.06586024427319084,-0.050580387764382326,-0.0019152367943586596,-0.0018194565873433564,0.00013166204125631968,-0.0017147612676057353,-2.5716672255910087e-05,0.004340272266186001,-0.00043936103287604546,0.0007884981331980467,0.500516224134429,0.029511504842982463
-0.03237645433083843,-0.2782695807362509,-0.07766840800683095,0.0082563571541305,0.009470709442271264,-0.025521474541157902,-0.0014493731399429124,-0.0028553004358200353,-0.012240885739416047,-0.0009556013483934205,-1.7453806188969258e-05,0.0028766475405520645,-0.0007778475316190794,-0.0003040583981390942,0.500516224134429,0.08868350025678856
-0.04136716756816043,-0.29412890379796397,0.010397163498222886,-0.04744438170032286,0.010200692103897348,-0.02157265957930987,-0.0016034923596710525,-0.005200181008256979,-0.007945100863393173,-0.0006794311251551434,-7.108563139573328e-05,0.003041767552711706,-0.000996681527608436,-0.00014824495292126418,0.500516224134429,0.10299851717510537
-0.05277342672569774,-0.28786265708801073,-0.10238171643318936,0.010370183857687088,0.002354926915021213,-0.011877326435068624,-0.0029998698119989508,-0.004411250364775254,0.0003215338391268771,-0.001792404715709345,-8.911350411229531e-06,0.002021953544888291,-0.000740335342563846,0.0004779458127563689,0.500516224134429,0.0512148698364878
-0.014279478241923967,-0.26384990652479784,-0.10045864935263617,-0.0023865683882011673,-0.04331027772159728,-0.00967778716525405,-0.0018607110109369847,0.00016666112410420033,0.00038485615963484586,-0.0016476898856242533,-1.0088917838980445e-05,0.003163608441743025,-0.0005720529442752657,0.002517995339356975,0.500516224134429,0.06869613504618542
-0.020276754056150925,-0.26091609814814243,-0.08383198868531135,0.010289264044975939,-0.04385433613025476,-0.040577170935864444,-0.0016242456631489675,-0.0031233612119212877,0.0002165294469917539,-0.002233892589408272,-2.9762624392888664e-07,0.004200735114492533,-0.0004627132911851041,-0.019974251038598453,0.500516224134429,0.0383476433646643
-0.052501304804652565,-0.28489670839571407,-0.09268193531391758,0.011655515241458586,0.0017074668396509327,0.012538587397257134,0.004329037754773131,-0.003395322406029439,0.00016563389910837474,-0.001881387253358399,-1.9336407192979356e-05,-0.006020249891389187,-0.0006884771277097922,3.541243782999625e-05,0.500516224134429,0.08886315610454647
-0.05393978683943523,-0.2560916968957145,-0.09347273071853353,0.01259796369449303,-0.03493821141894627,-0.005641172366941038,-0.001694511384865953,-0.003913838998075724,0.00031860189575108085,-0.0016292375911276618,-1.0679246168010317e-05,-0.018105924424358356,-0.0005800611384552309,0.0015704447118287728,0.500516224134429,0.04498538341388485
-0.040776402450748594,-0.25403168236497603,-0.07560266713268858,0.015599412780308568,-0.03980785871185978,-0.019181648175649907,-0.00249939830815551,0.0051271764744098775,0.00016712037428439594,-0.0014960302246113898,-1.3524236123708449e-06,0.0038668170157638744,-0.000651235325218148,0.002028219511101198,0.500516224134429,0.09325669517277982
0.00781854572720805,0.3939363655532745,0.02503779248498262,0.0184064463682674,0.017652816296518166,0.006582567183138381,0.0008235025140447205,-0.001516769644048136,0.0008340920645599679,-0.00021335266415426412,4.797515224803205e-06,0.00257166320104631,-0.00023136330430377378,-0.008227474280054138,0.500516224134429,0.9639958531501372
-0.008759812510737595,-0.24157344675649564,-0.08226021844356345,0.006554348379794353,-0.07315747719642576,-0.040880498840000994,-0.0005703228505690396,-0.0008462161627715091,9.781447918150647e-05,-0.002220003590991952,1.2196770067961948e-06,0.005458809427330264,-0.0004461842801841871,0.0010540322867760874,0.500516224134429,0.06296826775278022
-0.011299918835713822,-0.22602389765868014,-0.08674973314890243,-0.027879399409582423,-0.06641875396094442,-0.049630195111397074,-0.0016785766571769014,-0.0009964853294663924,0.0001797344463704963,-0.0024064900197190123,-3.977964361682363e-05,0.0038351625424209055,-0.0003950617938777619,0.0012372892928728901,0.500516224134429,0.03225011884701938
-0.047809570416568845,-0.2682663885558725,-0.11147885525021414,0.006006855531866972,0.010381177759781417,-0.014105432254597232,-0.0019653916534549615,-0.002276156430376515,-0.026598490064419656,-0.0014327266817330743,-1.136626961540629e-05,0.003723777968795401,-0.0006802757824135825,0.0004225638354163357,0.500516224134429,0.04642594587102725
-0.054060336029675506,-0.25496760239367966,-0.07638168282949065,-0.04744671642879208,0.009869084312557088,-0.021764137805542746,-0.000953360231622,-0.003383439492618541,-0.014277231714200762,-0.0014815679138389982,-1.8397405472236868e-05,0.0030675854161600433,-0.000752233999496387,0.0005653327025557198,0.500516224134429,0.038531520321274854
-0.03740074593746436,-0.28010846075920043,-0.07001671915940548,0.011220221362534843,0.004993858556840515,-0.01220733477326086,7.442483927025136e-05,-0.003576644017284807,0.0001644594816713626,-0.0011529073419779602,-7.481854439741542e-06,0.0031753554542992227,-0.0007902683389306792,0.00040857765052464134,0.500516224134429,0.11529255929760865
-0.028293763740212353,-0.25972115360436704,-0.0911951095507312,0.0005883480891620746,-0.0410738491550204,-0.010626707267608967,-0.0010250690445492644,0.0028286450861043705,0.000385903718119304,-0.0015128567083490022,-8.719815088422178e-06,0.004059807821878331,-0.0006558350679161047,0.002029166537296807,0.500516224134429,0.07629503143315025
-0.008034700617642356,-0.2579682350256079,-0.0841456598614185,0.004492915965690814,-0.0438432004310289,-0.04657161458889277,-0.0012760713067904161,-0.002677599276161115,8.833918065767943e-05,-0.0023768064086046167,-7.437159925753623e-06,0.004270458743093727,-0.00043880948424849077,-0.020095395962423858,0.500516224134429,0.0419324079011316
-0.011592220097028674,0.43602611976361383,-0.030163250736470557,0.026250968890277615,0.016837941504652076,0.012761791001769806,-0.0013991456985558484,-0.0001685854613689773,0.0005569057590353438,-0.0006381474071988617,8.404314267734804e-06,-0.004547510231377286,-0.00024739559894106577,0.0009403999138313345,0.500516224134429,0.9451425000509378
-0.05793749741102041,-0.262795531013824,-0.07417497979171357,0.016692342957855672,-0.03002230358288842,0.0011811543005572833,-0.0016607515869690136,-0.0032549703637228746,5.483679862061262e-05,-0.0017398629956958888,-1.546093231373247e-05,-0.012161529221130984,-0.0006444954607410447,0.0016766480884950008,0.500516224134429,0.07571382391994161
-0.03622508833459103,-0.26083818637518413,-0.1051809540877603,0.0010358164735950982,-0.04632408066732114,-0.012876359653954833,-0.0019753345904130284,0.005965393782988941,0.0002718490247031506,-0.001189132336614202,-1.9232716650330657e-05,0.003951315073582024,-0.0006074765729457077,0.00046953198840200545,0.500516224134429,0.04697428514226898
-0.008777724339940845,-0.23824474846558286,-0.08161118254824766,0.008483274232814418,-0.06959485269760231,-0.04402211011365149,-0.0010693803184996721,-0.0003534848903340669,-0.00011752892089652684,-0.002189569889281787,2.2828238388681256e-06,0.0036655669250678434,-0.0004914405809945736,0.0012777598364039702,0.500516224134429,0.06747308518752514
-0.02582418949315072,-0.23343857159813955,-0.01796031201165397,-0.013814284563352697,-0.08786993922200023,-0.07121146819440045,-0.0017323735373513888,-0.0011105003828538768,-0.00015395815999876114,-0.001179714881238628,7.796966602507588e-05,0.004150748951188418,-0.0006886397429447619,0.0009796213710394311,0.500516224134429,0.0507406123355996
-0.030540337559968506,-0.28046561761666716,-0.10329111713920464,0.008940473369393116,0.00630564573427514,-0.019754386741152596,-0.0011476563752040997,-0.002829000853331015,-0.020400551706064064,-0.001506852034684592,-2.3835427437219e-05,0.0028552481617227605,-0.0007586305711832753,0.00030879367548611406,0.500516224134429,0.0582083990504134
-0.018571123921825625,0.41825127627695463,0.030956341693569214,-0.023489325105947954,0.034955477888573734,-0.025622178395483763,-0.00023549190792704897,-0.0011141401338178908,-0.01402794576971276,-7.714614700418486e-05,1.9537445643897557e-05,0.002289144749532492,-0.0004964717703521895,0.0015663815404939566,0.500516224134429,0.9049205605771279
-0.05095472066009518,-0.271380486562682,-0.12491946468389412,0.009285029343649493,0.006721677665387288,-0.009583766089299122,-0.002973102199728624,-0.004254741639842954,0.0005639312194753293,-0.0013207053898297665,-1.4583641791906843e-05,0.002800528647173615,-0.0005950827992555635,0.00024417304264687267,0.500516224134429,0.0541349103863466
-0.010941256617479732,-0.2657910039305811,-0.046362671971799246,0.0018835548193314687,-0.04954985964197268,-0.006831775248860175,-0.0025880030197974716,0.003947467570629363,0.00035899656517491066,-0.0012299480517596539,-3.539449722553801e-05,0.0039565982883784274,-0.0006260611856900252,0.0031121018517119574,0.500516224134429,0.12981896906449328
-0.013380663615898252,-0.25416829550353454,-0.0920987213478468,0.002089157414412125,-0.04189973837089669,-0.046355883617849224,-0.0011675748210869862,-0.002330498093698399,5.945040631925438e-05,-0.0029774247215164835,-3.2040767859715276e-05,0.0034952171440219308,-0.00044904837415622105,-0.02196763183285362,0.500516224134429,0.029332528031990126
-0.041272235013345995,-0.2518617774722085,-0.06562376029179164,0.01603570527660596,-0.036983834232950194,0.0009715891292716893,-0.0017507465064928863,-0.003295077075806442,0.00010373969379386424,-0.0015550820272488325,-2.12455004440668e-05,-0.012659581045986247,-0.0006705275969510121,0.0015970099761136003,0.500516224134429,0.1035304014469921
-0.05292434855418097,-0.2610788894060399,-0.08122644632735583,0.014320063763786932,-0.04088800949029586,-0.012929544089093352,-0.0016959590709053102,0.005092458860671439,0.0003173052058786747,-0.001740339066799291,-6.2417022855877795e-06,0.004083077431637264,-0.0006318609140782356,0.0016170209783552736,0.500516224134429,0.07282451175372788
0.0020479728652448154,-0.24117764818584542,-0.06832175871239325,0.010640578774906307,-0.07373700647746102,-0.0500689900551864,-0.0012528716823946998,-0.0014354485823168735,-0.0002594133342590279,-0.0018553187386438604,-8.60146561164303e-06,0.0030657363256512134,-0.00047827815228018223,0.0011521890722229042,0.500516224134429,0.07882736578606452
-0.004610376662565317,-0.21972485356831953,-0.08678108253705145,-0.02206939375589362,-0.0711869446191923,-0.06012204930033911,-0.00172483724522268,-0.007126768683290569,1.673492114212234e-05,-0.001999447293137348,-3.582042639440636e-05,0.0031269599166665303,-0.0004633089529508935,0.0013962532920816044,0.500516224134429,0.02921128921996515
-0.04784591681341662,-0.2526378303241267,-0.12146958109017303,0.0017776864536012816,0.010556126935073854,-0.015542876230320711,-0.001331276968935824,-0.0022384658101466995,-0.028467900731017688,-0.001211193980347724,-1.6417606620771284e-05,0.0035875019831116814,-0.0005970217688821857,0.0004213211348369908,0.500516224134429,0.04550037931706883
-0.03176621354425525,-0.2801394985815389,-0.11607050354889048,0.010027960454484173,0.0015801678808757933,-0.011702606485166175,-0.004180825690451587,-0.003418438975710597,0.0003870056724291931,-0.0018048047727807321,-1.3737095339702329e-05,0.002809447928100423,-0.000631886505305122,0.0008577974465242589,0.500516224134429,0.06645008831740817
-0.041692681336901946,-0.23665840480084477,-0.0966018068827263,-0.01094167713591205,-0.03912839599252575,-0.011904620523341621,-0.0011808111101869268,0.0027704195993882327,0.00034622351853496084,-0.0018828506602478405,-3.050139547909909e-05,0.0035279469478517707,-0.000591538135268592,0.0016141355080628284,0.500516224134429,0.06816166173483514
-0.010421261129565549,-0.2520667079136049,-0.1009225130417529,0.007239232067414522,-0.043186680183889624,-0.04212135348240704,-0.0014722077092454836,-0.0033517770441439214,0.00024063984849736857,-0.002933193905182555,-2.982860260152076e-05,0.0039105385773335905,-0.0004263570760754336,-0.021185533629616074,0.500516224134429,0.0337892209095939
-0.03453076578822393,-0.24514627497941135,-0.09453943857607858,0.014105431034762422,-0.034593814777689816,-1.1916813013428155e-05,-0.0006149037200384683,-0.0014780487933464645,0.00014956380543331693,-0.0019158482188585417,-1.8591028320847002e-05,-0.016044244871595136,-0.000558108659924743,0.0019772464399961673,0.500516224134429,0.08729650918812362
-0.035952990450779085,0.44868914029524115,-0.023552016172221992,0.027748564677703747,-0.04854796497526998,0.003412518377611148,-0.0007251199567201783,0.0008721482188696738,0.0007487321816694884,-0.0010766148378454933,4.936805709081235e-05,0.00357417515779354,-0.00027093428204115325,0.002517085554511467,0.500516224134429,0.8780023159800462
-0.00522894262093629,-0.22952484686492955,-0.08960990889296681,0.011292536640686987,-0.0800434837896182,-0.034199529330755596,-0.0008130658261173964,-0.0009366289856413577,9.706286522986509e-05,-0.00225603530598371,8.724989949216637e-06,0.0057767632860429765,-0.0004417283149266234,0.0013248300189813633,0.500516224134429,0.0759619720034468
-0.00965440581411534,-0.21610135790312102,-0.09477792565914679,-0.020517874055845552,-0.07592214505115638,-0.06393228139217114,-0.0013568609361715197,-0.00275149551110035,6.218044116569078e-06,-0.001960601705767464,-3.369750262833667e-05,0.0032122497294264914,-0.0004405978016636084,0.0010518103952881033,0.500516224134429,0.017337258970375836
-0.024540323946696523,0.35857984008477134,0.048950671015474866,0.01864637661072044,0.015593042348820961,-0.01042055211929433,-9.343489165851281e-05,-0.0002269990581347101,-0.03157530028077953,-0.00021160216470483405,-2.87827128152286e-06,0.0018883708969784278,-0.00031450720030503146,0.0016336067356639468,0.500516224134429,0.8784225338940057
-0.03265100026928519,-0.25360987720442696,-0.005363472856402767,0.003320291536950604,0.012574870170960265,-0.015703143893798573,-0.004174478719721757,-0.007192218252709548,0.0004318933419673946,-0.0010177485236552968,-4.226254874757861e-05,0.0024059161794696194,-0.0006552018643013371,0.0004120439866711385,0.500516224134429,0.19925183521740217
-0.005147971284653959,-0.23453036914536066,-0.09184335329579683,0.001422105642062878,-0.04564791161254041,-0.006356872085152601,-0.0020436006204121405,0.007399634878651773,0.0003024612396393602,-0.0016306219061030577,-2.5046580653283383e-05,0.0031451533563765185,-0.0005607710030960417,0.002602781504576691,0.500516224134429,0.1276018432219701
-0.00022714419035291066,-0.23806055386556368,-0.10949158236047493,0.0015087377491208322,-0.04450231772797025,-0.04804732150817448,-0.0011404618135819823,-0.0029385935148179927,8.24199394859439e-05,-0.002520782297334438,-3.152243947893679e-05,0.003347317887873005,-0.0004102287989539433,-0.02109919181689619,0.500516224134429,0.03698499937731343
-0.035984261710999575,-0.2409017682790339,-0.10383054077145741,0.012545151912011209,-0.03210146580085962,-0.002033092564742278,-0.0008381782270152264,-0.0016878731354189865,9.659036937501127e-05,-0.0018255070972866443,-1.7193075981590668e-05,-0.01312631577065181,-0.0006030227699161219,0.0016213973747391914,0.500516224134429,0.08183014458719509
0.005084856823844142,-0.22385336570258124,-0.09567497832639768,0.016062006169618295,-0.07615291767553298,-0.0484963756896556,-0.0012240258468342244,-0.0008411399108998564,-8.12074553168249e-05,-0.002101390968372583,-1.9054419680226194e-05,0.005568407945813919,-0.00044599014843794683,0.001053851259923354,0.500516224134429,0.07939490018992255
-0.005196377958177293,-0.19752670080673082,-0.10825615493358536,-0.02293531796756535,-0.07403044217724754,-0.06105354983568662,-0.0012775645591201856,-0.005984932813011161,4.026087274434206e-06,-0.0024654324249879797,-6.718646535036701e-05,0.0023374958440996432,-0.0004366251169069188,0.0014074107045435797,0.500516224134429,0.025034871711980662
-0.03001939687807882,-0.26919847743100384,-0.12400806762621158,0.005902088377491351,0.0031443884913627935,-0.01215933804723201,-0.006828887386238074,-0.004677882154086197,0.00048683722354111563,-0.0019578201225753118,-1.7126928098705146e-05,0.0026967311098908577,-0.0006219052376971091,0.000669217465796511,0.500516224134429,0.06392658499129487
-0.012376603582987526,-0.22459649758261957,-0.1309130363754284,-0.000526709253482024,-0.04513751120410459,-0.00804434046339693,-0.0011648924833883442,0.0012773436222374543,0.0003780622829340716,-0.0018046361533291908,-3.8984531407303013e-05,0.0024166628218659243,-0.0005390166872654895,0.002668572183519908,0.500516224134429,0.08211463672757958
-0.009041721341895466,-0.2349332359741565,-0.11623361156988006,0.007909139884976149,-0.04405417113265356,-0.04164695773537069,-0.0012174704162991224,-0.00321045257564646,0.00024277352743258735,-0.0028043719983491355,-5.590481046371518e-05,0.003536654405044595,-0.00040681102719893086,-0.02117641664376449,0.500516224134429,0.03742366672620817
-0.04071995412797818,0.40988604070298795,-0.01128378664494427,0.0401673076363078,-0.038954360311045176,0.012170696899881487,0.0002029616669849332,0.0006522990676417646,0.0004953698823008195,-0.0010712452245078721,1.5176128640759828e-05,-0.005055883267120945,-0.0003029961493706672,0.003436734292417492,0.500516224134429,0.8701545846866283
0.0008446450980321825,-0.21401883025196233,-0.10650241145650713,0.011958598280578575,-0.07686770652267157,-0.047746151278772436,-0.0003299183231891777,-0.000941678876984349,-9.981500214871451e-05,-0.0024028095509829837,-4.7871975664252124e-05,0.003684141253086457,-0.0004482390176356337,0.0013100114504352623,0.500516224134429,0.06890818796004604
0.0047888794182225775,-0.19199854408368577,-0.13138687247123096,-0.02814403818421551,-0.07622804405026158,-0.05474477651536585,-0.0015119240308212138,-0.0019418348597209578,0.00017534208072896736,-0.002062760988965724,-6.993911545676762e-05,0.002738758224837075,-0.00034907558422138217,0.001367893269060656,0.500516224134429,0.021149287243336676
0.011404888096981562,0.2719685659134313,-0.049321541787328775,0.053995590657058674,0.024589230602438707,0.008454851346630895,0.00438032540629507,0.0003639478845354066,0.0012374073592445894,-0.0009128605955780741,1.9311581914963216e-05,0.00934173423010886,-0.00032408251828827797,0.0029429341562342624,0.500516224134429,0.838656526468112
0.013349639856112523,-0.19191385370993055,-0.18167636235697454,-0.016621598257728572,-0.03758930276308052,-0.009712482607056776,-0.001332805914203815,0.0005367681653201036,0.00045968304547382545,-0.002082993955067398,-5.7562196393491234e-05,0.001738900720966955,-0.0004730563526404798,0.0032374458687709218,0.500516224134429,0.0783786436780007
0.0032731703474320425,-0.2102915991041978,-0.1401178226799692,0.005447945769197749,-0.046467193664150155,-0.04068555097472214,-0.0007555553519830748,-0.003173784215055656,0.0002732245149720593,-0.002442218498894246,-4.725787343860676e-05,0.0026235939057453013,-0.0003897441037415566,-0.02176987602621818,0.500516224134429,0.045993556179409846
-0.010214068615767376,-0.20143366389169565,-0.11701228121992593,0.010062241579967412,-0.07836383280379317,-0.03299627867159011,-0.000297590994625734,-0.0017748641955492614,9.861649060820352e-05,-0.00259996525162439,-5.171297149456788e-05,0.00479708221250588,-0.00042729892140098774,0.0011908905853530705,0.500516224134429,0.07149349746539985
0.03241504760216607,-0.009117894248704031,0.11669423485618802,-0.012237082862890478,-0.1064915222992395,-0.09175614406525914,-0.00025895825284214246,-0.006295050505196052,0.00029302307626449467,-0.0005864365407103188,-3.974245349411594e-05,0.005697604673621274,-0.0003149568448792481,0.003203207329462756,0.500516224134429,0.43172155359892
0.03800485844625057,0.04321540926192713,0.1628506302819618,0.023871741787835542,-0.018739546898924115,0.010861289418030511,0.001284288788885248,0.014449600536596018,0.0009273803979932055,-0.0007210084317784374,-1.0668116887963908e-05,0.003148640502224186,-0.0003290883250219349,0.005216068422981152,0.500516224134429,0.7845458202065049
0.03558823523823085,-0.1054219960832459,0.11714788825655918,0.012323644521440795,-0.045886145022112766,-0.05308253525436649,-0.0002931635267682081,-0.00503471520500684,7.953994538473328e-05,-0.0008269449628011912,-8.463061658199005e-05,0.0003984318981412201,-0.0003349344464704854,-0.030825757575155262,0.500516224134429,0.4242631413016801
0.04695154275836897,0.09667651458144753,0.1352610602000021,0.024486164460110184,-0.05328093437191769,-0.023375285334431395,0.0014494789137695396,0.0006057492831407232,0.00017492538722696044,-5.6773593367612796e-05,-5.360389386419101e-05,0.00899193153728671,-0.0002614856098686237,0.0039968024988298835,0.500516224134429,0.7420823109511657
-0.0073450593528556745,-0.2652170241115853,-0.016811783409926076,-0.028221543027309146,-0.049722080009607754,-0.04320963272403222,-0.0027666331404810718,-0.00400329793611916,3.1110348852291e-06,-0.0015803131515886315,-0.00017293177666189547,0.0016785865695393139,-0.0007939687101406238,0.002313563969745344,0.500516224134429,0.08466721835829497
-0.0642984052136101,-0.2210353508661041,-0.05999904359300231,0.0010264208143707433,-0.005195285873290426,-0.0019762236926674968,-0.001559468011368715,-0.004332855756554909,-0.02562613476437788,-0.0004559076259443225,-4.7390811523299954e-05,0.003753925728184857,-0.0013272357609425125,-0.002323938756091566,0.500516224134429,0.11711932995151057
-0.06164770251687042,-0.23981058309260994,-0.04782363600260785,0.005968924662918526,-0.0032266995978338926,-0.0018551544080746564,-0.003141228859890438,-0.00584465890101904,4.679395296406805e-05,-0.0007037172943305952,-3.2932315685868474e-05,-0.015290617103621862,-0.0009719429479660567,-0.001504988301456826,0.500516224134429,0.12467808140834828
-0.0740479407575048,-0.20242690510995967,-0.05779612576870102,-0.00023860602602735997,-0.044352563024317865,-0.006984363517385476,-0.0015362041857153992,-0.005225768978757593,0.0003897781295691246,-0.001300669931230343,-5.778761184849397e-05,0.005571722779601475,-0.0010916532674842545,0.0005522717496242182,0.500516224134429,0.11197140861429535
-0.04796641723530431,-0.21422948377958284,-0.053278815831455745,0.008123241129823173,-0.020735179116194744,-0.05741594177118982,-0.003954531607425615,9.421350106226162e-07,-0.00024501200774235517,-0.0008176217378734125,4.417903519641688e-05,0.002891297153446762,-0.0008221155958002276,-0.01632131491863677,0.500516224134429,0.09578944998670312
-0.04575571631572597,-0.23000209511243486,-0.06099502139350264,0.009719946739775854,-0.06447630116137128,-0.004780244303696967,-0.002675724273878757,-0.004637583631251502,0.0002850382739406734,-0.0010322126297640708,-2.3547595586346965e-05,0.004837889943193228,-0.0008872688918631858,0.0012846528571161977,0.500516224134429,0.10137803663938313
-0.04157587375149082,-0.26250188396893215,-0.043224005636085895,0.0144585843885545,0.013879029346387003,-0.05890875921554838,-0.0028196582283139785,-0.001022928386182141,-0.00029935457708269716,-0.0011060795724680069,-8.855304154769468e-06,0.001490471365745645,-0.0009067636588836402,-0.001606554102496005,0.500516224134429,0.11636359283348172
-0.054361431054598675,-0.24294581080501784,-0.023406584075622957,-0.018732957932326506,-0.0560082769801713,-0.031101023929536016,0.0024466125323931638,-0.005532090071861885,-0.00016326388147455196,-0.0013787222113930307,-5.4669127298572916e-05,-0.010792433044670506,-0.0011067852789617646,0.00019522982205688282,0.500516224134429,0.0575740180959491
-0.05598600363535339,-0.21876685281413205,-0.0759306645736892,0.024002735354519116,0.005476688624927067,-0.013719374618475279,-0.008517295319475458,0.004833258501292048,0.0001688094189566474,-0.0003660198407562808,-3.8177312385306395e-05,0.005240014296763714,-0.001069231790935369,9.924131658148849e-05,0.500516224134429,0.16594335174227026
-0.08447393652194075,-0.24226492339787065,-0.06426845607189319,0.005536975938699965,0.014279430811626494,-0.005962197166285583,-0.0019062444577158633,-0.003299258651909994,0.00038690151928134334,-0.000536910139711002,-4.679886811747572e-05,0.004581383454248849,-0.0010454561566791694,-0.0006094962269642645,0.500516224134429,0.12088723819920119
-0.06001261238367253,-0.2588309115876001,0.024465394786876718,0.008450077916450022,-0.06010411728992007,0.0007208192225550644,0.004872746803059466,-0.010781833879583059,0.00013715638801385245,-0.0013597553188277522,-2.64912144706594e-05,-0.018693349387283363,-0.0007959760380346537,-0.0001578912888410206,0.500516224134429,0.12839948086315495
-0.07815115845104073,-0.2646811332658937,-0.04343780288894547,0.002049697477932337,0.010827934657976697,-0.00015452270807536934,-0.001355453726989619,-0.007011040322096806,0.0001352728168035851,-0.0006469580350453768,-4.545181150869263e-05,0.0018545784006573733,-0.0009855798972901943,-0.0005490393366162861,0.500516224134429,0.11836556704430151
-0.02863090416446515,-0.2393633215386675,-0.06834800281508005,-0.02568263371316982,-0.04622571710574603,-0.04013176901468549,-0.0009490213799596971,-0.00478964669188598,4.057070244568895e-05,-0.0026642767276146067,-2.8223826166576087e-05,0.005242415032509269,-0.000687024493603592,0.0016914129026589985,0.500516224134429,0.04999008130100231
-0.05107302035491344,-0.2600910105676194,-0.09269394343679771,-0.022791471362048607,0.0011649986021527302,0.00252549991845531,-0.0012232772008206755,-0.0037399391878842254,-0.02719894044369884,-0.0017330760391908318,-2.6953078783712556e-05,0.002709701971999742,-0.0005748639697111545,-0.0006249430251336222,0.500516224134429,0.04514498596043839
-0.032086362148120835,-0.3052021339089274,-0.0355252623063419,0.009355756386460218,0.0033220626952501857,0.011562074701804493,-0.0021667759439650746,-0.005420893441510456,0.0001306835543447717,-0.000839782207137247,-2.890601761037607e-05,-0.013727362474287703,-0.000840814157717811,-0.00122598588361534,0.500516224134429,0.1278225229830588
-0.0349890104513287,-0.2596447389824276,-0.07586336418086133,-0.024709632776019178,-0.04210324599643097,-0.003512606635384181,-0.0007894361627962998,-0.002352425962702362,0.00038525091637154815,-0.0019938415998182186,-4.225815068395938e-05,0.004223486210191507,-0.0005493599540271615,0.0015369740251701734,0.500516224134429,0.06011201443368659
-0.02024847870505664,-0.1258296213559705,-0.04974043588025213,0.008556777836504163,-0.010117966555867124,-0.051961255960543185,-0.0012343444230335273,-0.001186118623128068,0.00043391408656049427,-0.002085416785364396,0.00019953755661522246,0.008757866071461642,-0.00043696817004992155,-0.04074299472009726,0.500516224134429,0.21488071850621157
-0.0007911774804519263,-0.25232535632306213,-0.07275091969039942,-0.022894666608137732,-0.05340255528090985,-0.007329933516893068,-0.0013755586404060468,-0.0031009636897059286,0.00041865325179731537,-0.002015977216556943,-4.326422167154661e-05,0.005703920564198204,-0.0004875442166558841,0.0029611731693923856,0.500516224134429,0.0930820542349693
-0.015686117424907945,-0.26178719232811076,-0.09365713440325454,0.002772509726041236,0.004801100702969379,-0.046453227234721096,-0.0011542270891710328,-0.0021774712525449457,3.943747151453671e-05,-0.0024522497665690943,4.2538797586553496e-05,0.0038494621084346993,-0.0006267029269421917,0.001970831297808569,0.500516224134429,0.08999778181256646
-0.03296686323259934,-0.2454026037291358,-0.08897618284194923,-0.026320240418585824,-0.04444350005671683,-0.027038969312411325,-0.0009374387656151846,-0.005208416017114434,8.745459048382413e-05,-0.0020825932993317605,-3.987554549843718e-05,-0.015558451627461273,-0.0005134327461948281,0.0005928626151877229,0.500516224134429,0.011707973747489074
-0.010681872189788432,0.41838792570667166,-0.012727050816616544,0.02275380436798989,0.021596435439573427,-0.003738753892881323,-0.0011085895270640412,0.0010476577390515732,0.00037816034225981565,0.00011788458975766586,7.972483810795393e-06,0.0025515768440043246,-0.0002646316459587994,0.0007185699765956448,0.500516224134429,0.9395553135518372
-0.02766837952890623,-0.2824425464864537,-0.11377302760643372,-0.02095309335297747,0.013283230159679752,0.0020798577545161866,-0.000907636441632332,-0.0029185202846177126,0.0005640336962786743,-0.0013173654843439565,-3.827571951123452e-05,0.0058062032432684586,-0.000542677754943188,0.0005043399290393239,0.500516224134429,0.07219236625739604
-0.06790342639454654,-0.25400048647393897,-0.0287229223542439,-0.01919737486634913,-0.05931056862464144,0.004206683957559641,0.005118810180751768,-0.009075589354626988,1.2547350891497792e-05,-0.0013769980826167894,-5.7689216744171564e-05,-0.014623671842914436,-0.0008055797812938019,8.195117000565197e-05,0.500516224134429,0.05486190980172505
-0.049161569202718934,-0.27755568553975063,-0.11655751794411444,-0.013486189065886623,0.009750719425909138,0.0017230976598566212,-0.001606136015431004,-0.005629701251482218,0.00043549019113434454,-0.0016545570957057576,-2.442695091021422e-05,0.0018447629231569307,-0.0006079422595997664,-0.0006546730408813427,0.500516224134429,0.04733189596801024
-0.02881779831498235,-0.2521734856155588,-0.07406659458179174,-0.024161202113024596,-0.04263971930665421,-0.040592082899801284,-0.0010931352414319468,-0.003931348148519235,1.1144369621543935e-05,-0.002787600602005962,-4.247930256761182e-05,0.0039868471321143914,-0.0007278693558336245,0.0016619439767427862,0.500516224134429,0.03514284413074014
-0.02972953738257173,-0.2702333426570671,-0.09684528536211535,-0.02368627659926154,-0.00226926744205953,0.0016819945775228763,-0.001838346334272332,-0.004739988173864659,-0.028401547612193385,-0.0020694620922123105,-2.837894814970471e-05,0.0031410766426060283,-0.0006735755249462972,-2.5605772077274146e-05,0.500516224134429,0.04479868145377057
-0.012345506094257636,0.38711430278034176,0.04799881908850478,0.014977498159519279,0.017268132244597965,0.011225839979676062,-7.393005085407046e-05,-0.002296577875956021,0.0006180450289470196,-7.438802672724151e-05,5.2152198087751e-06,-0.006742167102887126,-0.0002705924494933796,0.0004026938742581086,0.500516224134429,0.9583236089099109
-0.005936672844349499,-0.29067426619209236,0.03436721679361658,-0.027305686335629922,-0.04717697725427417,-0.0032073684299482185,-0.002456042455397009,-0.00936327363594864,0.00029670721859229314,-0.0018184346695126472,-0.00013768075749741248,0.002226234291276723,-0.0007918519600142432,0.0025583549041841122,0.500516224134429,0.15109648280743995
-0.010673845180308632,-0.26710947163532844,-0.03151680931561351,-0.0006750111493202981,-0.02479477521954643,-0.0668509961238106,-0.0023713505988034083,-0.0026898285821555967,-0.00029734117782875136,-0.0015465652514461573,-0.00010015840245038743,0.002611199099584207,-0.0006151626046250135,-0.025965210829308184,0.500516224134429,0.0679208971634721
-0.004529185090130303,-0.26695506259767565,-0.08268474391335628,-0.019605820399912707,-0.051271691901972824,-0.010135513554373683,-0.0016551930203027702,-0.003348347316363746,0.0003535412475905484,-0.0017893870647801146,-2.5618424700303596e-05,0.004391138032707824,-0.0005347645146182669,0.002735284520361854,0.500516224134429,0.06546086013690611
-0.02115933209043234,-0.26796998128651783,-0.08703296366011214,0.0023728938227243882,0.008446301545252215,-0.058281998065582416,-0.0010966186406943202,-0.0011062366101710422,-0.00036998240077809835,-0.0015477819574837934,2.6058179764439642e-05,0.0031897315188119373,-0.0007243317110540022,0.0006733375572639742,0.500516224134429,0.07593532033542495
-0.04481637581478693,-0.24415838750913846,-0.07623615851188004,-0.026536791491896552,-0.04403014266358847,-0.031432155524233514,0.0013515128777572998,-0.003912141234490457,-0.00011085448741854142,-0.002420591061640896,-4.213905366502125e-05,-0.013158355611078388,-0.0005843950406541473,0.000601485283102976,0.500516224134429,0.015030734290821603
-0.03632063360607809,-0.2773994302712011,-0.030042972338602293,-0.02131887240546724,0.021163190143641583,-0.0024904751717582953,-0.0005489514290775683,-0.004780770194989093,0.0005048949423522701,-0.0006371385057890267,-8.732523964259283e-05,0.004879159075075042,-0.0009200099380231182,0.00014344892002216418,0.500516224134429,0.1526603381148957
-0.04012169987958687,-0.2676355095057753,0.04158834852902893,-0.011529093324288508,-0.05651604111781864,0.003700876164551836,0.011452876278870434,-0.008593937964277447,0.00013390245230028938,-0.0013347870986331893,-4.27659679201003e-05,-0.012821357014916277,-0.0008101401697774731,0.0014415530665168905,0.500516224134429,0.15942844858270755
-0.04627785710130952,-0.3098064477191884,-0.013265317590890537,0.0060815780285550505,0.00541514879279619,0.0018367489845319267,-0.0014987059190692327,-0.009624146504832565,0.0002994377853895389,-0.0009503526325272601,-5.088821101677429e-05,0.0010918142394152558,-0.0009675200213810902,-0.0020541935700120802,0.500516224134429,0.13074552269489362
-0.005653158426257656,-0.2792397563634509,0.027466676566252474,-0.023020719928459686,-0.04941581595599071,-0.0467176321493323,-0.0022406917821711386,-0.0064515816541811455,-3.0280781108433486e-05,-0.001979608797578889,-0.000169258065822719,0.0025912191255854588,-0.0007292627913620963,0.0027906897524324083,0.500516224134429,0.11771704288298801
-0.048699933096168026,-0.2685874479060349,-0.09888205134312629,-0.02478119625420352,-0.001041627082055995,0.003014625460647333,-0.001581927786706448,-0.003971727788778852,-0.025011228257026345,-0.0015367459860967801,-2.995319000010834e-05,0.002537960160126313,-0.000702128666852461,-0.0006025775247609793,0.500516224134429,0.03064026487339582
-0.050617580983108215,-0.25712711425081725,-0.07986650577532921,-0.024567097778392017,-0.03728486444217673,-0.0035684208447879793,-0.001327360292186005,-0.0028169844651159087,0.0003187540675012847,-0.0018275314706080157,-4.028758069258256e-05,0.003128413342132038,-0.0006313795822083743,0.0017235293111853205,0.500516224134429,0.0460117933898299
-0.038045931951524434,-0.2614216149403037,-0.023254745363415028,0.003142747406992407,-0.024869792890192668,-0.06827709037160862,-0.0018958314743294598,-0.0017007511884026905,-0.0003512403790641259,-0.0010727602815015084,0.00010413248193255259,0.0020045558814953818,-0.0009162157416659399,-0.017390961072071023,0.500516224134429,0.0665707242507744
-0.008961433019141004,-0.2643285194738678,-0.0607999364044675,-0.015871369853331235,-0.05161620157124418,-0.011238460248225555,-0.0016428275813755635,-0.005247471038267806,0.0002856644078510431,-0.001832329381029719,-4.125997424224316e-05,0.0033701147115751218,-0.000652311135743992,0.002501397338638304,0.500516224134429,0.08444128091156017
-0.01150593122504835,-0.2858502694372965,-0.02623394058353563,0.0015432281852801465,0.00826027054491096,-0.07150572921353283,0.00032507490960198603,-0.005254793915158218,-0.0002072615862111215,-0.0015316791236484393,-0.00013182755311131675,0.002151863574438899,-0.0007271304914388595,0.0012696935620463618,0.500516224134429,0.11111779178172976
-0.05006886832757388,-0.25822436617550004,-0.0027563275754912764,-0.025721707132829598,-0.053513280899614504,-0.03675368267368494,0.0008324077101338669,-0.005472192057982162,-0.00019206526177731933,-0.0012756930551071403,-8.251020184059614e-05,-0.01508405013594044,-0.0008478385440045799,-0.0002890776538299399,0.500516224134429,0.05106697214939108
-0.03223500973094912,-0.2752294040831678,-0.023409639929909267,-0.020558121904109578,0.023341049150179805,-0.002411220254248707,-0.0005173947482569264,-0.0045550579601316464,0.0005102470028077202,-0.0005552833734297873,-8.709841085231927e-05,0.005239652413275917,-0.000917647549390224,0.0003896261679448782,0.500516224134429,0.16952092092419577
-0.03040081583746173,-0.2581803716938493,-0.08002258631206226,-0.020116674216396346,-0.04207001293441821,0.0020541110176566443,0.0031608485169476483,-0.004617726919904428,0.00016033397659126657,-0.0014656939310158897,-3.4503849097463596e-05,-0.019217220603181793,-0.0004705046901786405,0.0007937029580681056,0.500516224134429,0.05008910961613032
-0.02531729636823738,0.3880598568197421,0.04584320131263902,0.018033886248880623,0.01792747739072657,0.012929275236538338,0.0015058579124145098,-0.0033736494424130834,0.0006859935353973424,-0.00010097904877037284,4.282751702826562e-06,0.001728943842018955,-0.00031048335527031454,-8.12036589540053e-06,0.500516224134429,0.9581244706039063
-0.0051416006896126965,-0.2537415966761409,-0.09293275557653094,-0.03842604152841174,-0.0361677024393444,-0.02033126288818922,-0.001004584287665713,-0.005005396554056107,0.0002371138085788973,-0.002528191238830428,-4.040477855563168e-05,0.004740104000390082,-0.00042710936361892263,0.0008500764743464135,0.500516224134429,0.05059687239679206
-0.030251156073891217,-0.2500830037959251,-0.13895923825792406,-0.016788506575896877,0.0006539742774014857,0.0006926556043201493,-0.0007745565822752308,-0.006780201125656944,-0.02542522805531737,-0.0014368296013301401,-3.892340282807933e-05,0.003712506109595295,-0.0005415277740000568,-0.0010056503461849913,0.500516224134429,0.03349053853451983
-0.009797725049333263,-0.25538237381358403,-0.12874369162713578,-0.023434899412259288,-0.04124440927111703,-0.00657400949263463,-0.000965148877099623,-0.0035872184222595876,0.0003254082769487724,-0.0023065400034637177,-5.74662362927734e-05,0.002824780626770619,-0.00046502410311352225,0.0011757358193485493,0.500516224134429,0.0322836425492081
-0.009887454298877425,0.4286501831259395,-0.04480320596249206,0.00498319688061538,-0.011340682312006297,-0.05118901164553942,-0.0008707012473602175,0.0011580033558372493,0.0007652176516321161,-0.0010851078126857274,8.421354319067312e-05,0.0021084108118654635,-0.00021891283299169034,-0.018233283986108337,0.500516224134429,0.8006370894054524
-0.007596361624573743,-0.25119261071431803,-0.124145282476873,-0.03104509580058383,-0.04796513578731511,-0.006587488820929721,-0.0009394505963287191,-0.004826241517352494,0.00035553052530952765,-0.0023611677155263963,-6.497541067777249e-05,0.004136852095737149,-0.000433515565692992,0.001142607438615804,0.500516224134429,0.028993888163923412
-0.005058356337669869,-0.27891772776759577,-0.10587245449806706,0.0014846116928169568,0.005595102028487981,-0.0477523917519863,-0.0001822976551452594,-0.0009885281793277337,0.0001181803349036169,-0.002145388904461775,9.954411701834813e-06,0.0029819628478743535,-0.000555817077443621,0.0019766279588509404,0.500516224134429,0.07120970123737125
-0.004408069185702572,-0.23525192398749337,-0.12495393890130395,-0.02350188137918776,-0.038232920952565676,-0.01823552544631891,0.0010176485990626989,-0.005389678399575872,0.00016616632377063634,-0.0030422044457858967,-5.1790559293335e-05,-0.014011549934231819,-0.0004191333446008625,0.0013462363486776473,0.500516224134429,0.03554765886988351
-0.0433212920322028,-0.2599821328485189,-0.134716120733439,-0.01973869952439931,0.01288520998661659,-0.0021945966080654045,-0.0007693621987662745,-0.0019075001434033377,0.00046693389494548854,-0.0011198927954238394,-5.14034559986551e-05,0.005486081080667454,-0.0005316379134051362,0.000442364628231688,0.500516224134429,0.055464175471271214
-0.005310233814933259,-0.24387697186505394,-0.12748713790112143,-0.027069449248656625,-0.03987354601157795,-0.0008813703471002018,0.0033813319751727976,-0.004231703110411968,0.00022952652359163608,-0.0026199772700909512,-5.2868229066976856e-05,-0.013666324609643437,-0.00041501086957653464,0.0009124826932635885,0.500516224134429,0.03955497204922751
7.832078778839575e-05,-0.2671911859927238,-0.004627567325283293,-0.030498720988893672,-0.048373210439936795,-0.04615785173898592,-0.002509951530708943,-0.0060981507275417145,-1.2877217935493656e-05,-0.0012376088752192318,-0.00017347382557280486,0.0017671433775253086,-0.0005962212813951218,0.0021763722191803286,0.500516224134429,0.0970612405747308
-0.048860135864791585,-0.26511012076013435,-0.025227026640122028,-0.019536355107169827,-0.002163736660224627,-0.002183998205732813,-0.0022601083600085822,-0.006555854317157614,-0.028006336260666616,-0.0007344478176668683,-6.273792472579913e-05,0.0013941329483696029,-0.0011359892648228553,-0.0017350240990295814,0.500516224134429,0.09833848580054877
0.009490115355337572,-0.273517571482501,0.045388151538068765,-0.01496978936802705,-0.0442766628217707,-0.0019150363916085997,-0.0029358312713883535,-0.009256855870167726,0.0003171755055277921,-0.0012871946158897053,-0.00011285527923062541,0.0053772203728782155,-0.0006267442619131609,0.0027610936061873777,0.500516224134429,0.21495143914993659
-0.003650608099009684,-0.27820686689158547,-0.02103048507916134,0.009036602965779624,-0.0655572763103685,-0.006351020885619178,-0.00151317745826577,-0.006979773642866563,0.00032325220734043687,-0.001471188220296557,-0.00010105059553163234,0.003686509433243708,-0.0007480596456553079,0.0017004314785254225,0.500516224134429,0.12965351339096226
0.0018686834533228676,-0.26250107083395524,-0.021054736767660422,0.0017291694915416017,0.015202057924002399,-0.05509750429312341,-0.0028450613132233404,-0.0031282407678969205,-0.00023831980992195447,-0.0009252080367716536,-0.00010627947205279424,0.0010249865080498525,-0.0005847421771820015,-0.0002223242642418785,0.500516224134429,0.17363763377531996
-0.0033685202566457904,-0.2629237637709781,-0.00794382070023408,-0.019009306754301857,-0.057819925121035336,-0.02964447269170529,0.0023988235862289395,-0.004708165617069605,-5.468319390616657e-05,-0.0017192945462908395,-0.00016061743122638487,-0.009998539057689718,-0.0008620652301853411,0.0017148426929860692,0.500516224134429,0.1064167160423797
0.009476264763918274,-0.28137426190517567,-0.014186626363386716,0.019354699821969915,0.0171233597217846,-0.005806864203964101,-0.0004733191028057846,-0.0068152935621343495,0.0005873386483125991,-0.0007216817839565341,-0.00010680574757051564,0.0028750123886761205,-0.0007476681797863989,0.0021707435513393784,0.500516224134429,0.24187112218165335
0.016281934944986257,-0.2592492627654261,-0.015566402399150206,-0.01002336263075467,-0.06610705053834105,-0.00713164969602343,-1.1477492228032807e-05,-0.006780019133850772,9.966225730585858e-05,-0.0014409814675056527,-8.366296249522935e-05,-0.02332379045850027,-0.0006099856173958584,0.0013937837229608403,0.500516224134429,0.12796395989801448
0.013548854115065083,-0.24031190709320313,-0.12526261309334805,-0.03683040150250247,-0.03492614656416605,-0.026855800635665852,-0.0012061160810663302,-0.005564692750255325,0.00023530345965760285,-0.0025584343521198663,-1.665985986751553e-05,0.003812177781686342,-0.00037348794105530506,0.0015297060792815085,0.500516224134429,0.04573600569687415
-0.02277518017286811,-0.26277350728907495,-0.10203189652869371,-0.024630516791513145,-0.0015265615817406772,-0.00047796603799497194,-0.0018119499287277804,-0.003685393380236051,-0.0255458038965793,-0.0016937138047298335,-2.5520709578384257e-05,0.0026467567007515034,-0.0006668908979783466,0.0005125041031502249,0.500516224134429,0.05603058391861964
0.009854840184091058,-0.25552353220190993,-0.11021170628691959,-0.024714637064018607,-0.03243557640920462,-0.00020873435892318316,-0.001042036330087264,-0.0023076694224680155,0.00041120099129023053,-0.002223821712023891,-5.5098530996355765e-05,0.00393120061144041,-0.00045440682051567404,0.0032590298385929348,0.500516224134429,0.08879527662278024
0.011681434704411162,-0.2522120665633108,-0.128788132725102,-0.035895578319047494,-0.046676132549020186,-0.0066467398218362905,-0.001346334739363387,-0.004104417971130423,0.00039287698656697315,-0.0018297416682277897,-6.0644299089942426e-05,0.004767597766968013,-0.00039125256157262664,0.0013841431858678864,0.500516224134429,0.040791235560545494
-0.01077469459026472,-0.2608518419802424,-0.12002937751689936,5.6306850643036695e-05,0.0043307116473283724,-0.051073246519126904,-0.0004627067304855723,-0.0013172446223800884,-6.28502652336997e-05,-0.002363316212740638,9.604339634933023e-06,0.002696348559157495,-0.0005495892963825035,0.0020106465324053876,0.500516224134429,0.06213497432984684
0.006159132323009556,-0.24361513779104207,-0.11849560247298196,-0.02692774094134021,-0.043482772242356194,-0.02496548732845919,-0.002691173107982781,-0.005725709629386748,0.00018054826844647265,-0.00258095056738286,-4.939669135553834e-05,-0.01667996799944989,-0.00038122599887494793,0.001099036493772571,0.500516224134429,0.02235977644904809
-0.0031585526007849294,-0.27050593930846956,-0.13179817905653224,-0.021020289328984965,0.012098563436287364,0.0023495451937518624,-0.0003151389810045908,-0.0011802336237165972,0.0006303034790955446,-0.0016496575851584045,-4.485956054285532e-05,0.005495221683831106,-0.0004547296459426944,0.002053174081782778,0.500516224134429,0.09301545231804478
-0.002962515322144456,0.4555985403056283,-0.03579847339124661,-0.0031655545620103277,-0.031950183622434576,0.010977905545626904,-0.0011010780582755965,0.00043917532609593203,0.0005223784533792933,-0.0010412742088833184,3.179870276599009e-05,-0.008868588450999991,-0.00019375852469852712,0.0021049801493321753,0.500516224134429,0.8851095764765691
-0.0020072662857042152,-0.23418923648787845,-0.1096258356620493,-0.024133138161736123,-0.03940380525900471,-0.037556838944543175,-0.0014044088624456047,-0.003361291974924058,0.00013110293519992205,-0.003239512928063691,-5.095919956963329e-05,0.004603010879579157,-0.00041298906982694707,0.002635565948873802,0.500516224134429,0.05250062106233979
-0.03045516352152856,-0.24414822325764782,-0.13186374823045086,-0.020521054311893702,-0.0014467713477733866,-0.003377801606827688,-0.0006387143892167587,-0.005695907150093594,-0.024900325770793607,-0.0014290744758142335,-3.892970440279829e-05,0.0033140345542849174,-0.0005238726802809433,-0.0007685349517509533,0.500516224134429,0.03802213729024302
-0.010263766906366911,0.43872585051910307,-0.05783221097336326,-0.006978393990441032,-0.04231121501689905,-0.004664869106641166,-5.3680038652769666e-05,0.0004180764762412689,0.0006579101292391116,-0.0013334518318275054,8.700830248368895e-06,0.002124015546039475,-0.0002098852148816226,0.002495456047228582,0.500516224134429,0.8212987606034621
0.008045965144267652,-0.252138247973383,-0.1185254096117493,-0.025635142230705905,-0.04534978537956581,-0.008800422995125021,-0.0016106249109801441,-0.0029615755613107424,0.00040173233420139645,-0.0016468737795379633,-5.283228168461446e-05,0.005224061803246476,-0.00037171810958619916,0.0018669159820487776,0.500516224134429,0.05896226656456772
-0.015978168753436803,-0.25110489067426267,-0.12433624578679243,0.002407881458024933,0.00917994794958338,-0.043551406137540306,-0.0008679555378158451,-0.0010279327400068432,-0.00012944062253919652,-0.0019082630111134534,3.202108897810017e-05,0.003022528896467958,-0.0005931290757102738,0.0013128232754783644,0.500516224134429,0.0769739944637477
0.009706537550894635,-0.23575808221176464,-0.12839996252416144,-0.02548216654747679,-0.040647926310223834,-0.02534698799671034,-0.0022369496253780083,-0.004905026121180594,0.00017481293513209385,-0.0024888385232852673,-5.1987980113005975e-05,-0.017855924966781095,-0.0003639066922282734,0.0011433384248029936,0.500516224134429,0.02800315354595855
-0.005072512988769346,-0.25222453196729894,-0.1619409763679345,-0.02306619776562285,0.01421930391365137,-0.0017883053892298756,-0.00037591634110263194,-0.0023574908526044626,0.00054166652844642,-0.00161489734649494,-5.393823735047486e-05,0.0046136055134803275,-0.00042772070605214153,0.0016878979542661265,0.500516224134429,0.0726562100818165
-0.003742173471000959,-0.21900833844322257,-0.11463056423092682,-0.022193842270439332,-0.047477753699122896,-0.031307274832114554,-0.00100710273049419,-0.002641220990274948,0.00014532925042482257,-0.002748435367687939,-6.90109968715021e-05,0.004328654943491126,-0.0004088692944099813,0.002247013366072295,0.500516224134429,0.06200263536785539
-0.051857809326965015,-0.24876557996896972,-0.10351615547072295,-0.022631443629969255,-0.0027245000729633267,-0.0007793845803664264,-0.0008257343793576002,-0.004504143734009951,-0.02700473829434838,-0.0017813642074090462,-3.590273796999555e-05,0.0013458773449838983,-0.0006502684795409772,-0.0006941176875153074,0.500516224134429,0.036090958909309176
0.00715376155385766,-0.23878893081251137,-0.14018040179867355,-0.03662017334728125,-0.04639855019484347,-0.007017297556556374,-0.0008791443799874225,-0.0041316990975708906,0.0003953265224860791,-0.001930135271855638,-7.923084570516544e-05,0.004298325877028818,-0.0003845772375313337,0.001395736864416149,0.500516224134429,0.0373492344097043
-0.010094646293482225,0.41691606227388245,-0.038053950121762777,0.01697806239582709,0.01831279476064652,-0.04848758099105663,-0.0012444083204633406,-0.0003912250203251016,0.0009437587040775943,-0.001180010576363289,5.997319395975174e-05,0.0046496245009186804,-0.00020768945300218857,0.001947753401864478,0.500516224134429,0.8606647425891528
-0.005662696652813966,-0.21917902299918732,-0.1357581315546661,-0.02358749842122005,-0.03890766595552047,-0.016770689573292315,-0.0029961532718380634,-0.004859273138370913,0.0001693968650902216,-0.0031307689201401485,-7.202273107563166e-05,-0.013824098495262291,-0.00039581799320410546,0.0014327718254473587,0.500516224134429,0.036974553118379216
-0.010208015534382164,-0.23882308008790054,-0.18075527647013856,-0.021197278585234125,0.010188770283025478,-0.003651314025426791,-0.00026598882772463123,-0.0032100593093555415,0.0005340553356320002,-0.0019183001117572221,-5.58041942912035e-05,0.002893246411025994,-0.0004558036688547847,0.0006523021280188876,0.500516224134429,0.05424367747706881
-0.0016757820621379346,-0.2050569857533483,-0.05719439210735878,-0.03624536304831913,-0.05307584402617914,-0.049095100799808104,-0.000991130166329746,-0.004669726945354729,-6.860496037561474e-05,-0.0019597658099196075,-0.00014505716347583023,0.003134563845465813,-0.000413648094957979,0.002938668066229874,0.500516224134429,0.09599805510856355
0.008007633418202858,-0.14783280963567885,-0.1784723484784066,-0.02215573960011766,-0.015190335248775262,-0.005168148928606174,-0.0007275157046989536,-0.0033461093343277425,-0.033016732570476166,-0.0014741302179395145,-2.3305460545739607e-05,0.0013273025628109157,-0.0004373040412521212,0.0016310539154953045,0.500516224134429,0.1036377348101175
0.008296428254735358,-0.20407405872814713,0.07508803472157732,-0.0027085605287412184,-0.0744271479890798,-0.011451044194350696,-0.0002900844215498456,-0.011122523207451464,0.000506881768036453,-0.0011991364210830909,-0.00011141308442359175,0.0005634546561808712,-0.00042457638728185467,0.0022819618726120723,0.500516224134429,0.2814444404454656
-0.005755644969417735,-0.20874154511859933,-0.13038739377038674,-0.032712972998261314,-0.04573370228271688,-0.030056148805185177,-0.0029222879250555256,-0.004854963240448353,-4.02849979747514e-05,-0.0028419300996236816,-9.370535898693772e-05,-0.012265935339567782,-0.00038214105670020265,0.0019485140320697966,0.500516224134429,0.025676082203578657
0.024485948700857706,0.0018332452494541757,-0.011127415303467081,-0.0010097675525327801,0.03476468198406126,0.028983774823494048,0.0017494022695417064,0.004990508226278108,0.0014028179625010424,-0.0010545516235944774,7.06111231834568e-06,0.016950206359170557,-0.0005485803297006201,0.00490493230867808,0.500516224134429,0.606848488321493
-0.06139303550744126,-0.2741379371999276,0.01645208677666093,-0.015542491331470655,-0.005403969077152676,-0.07094489464904505,-0.003692651839358409,0.008007009119313674,-0.00015849507492756186,-0.0015175906933684534,-3.4580260513116185e-07,0.00205278569553912,-0.0007632601850127538,0.0008170206417909523,0.500516224134429,0.09429045500742869
0.00731467193565294,-0.2832046489283822,-0.11522184654134122,0.06678257926232274,0.0025160958745276824,0.010624413969295804,0.00014954763506979413,-0.007696332652265456,0.0005786841548809165,-0.001093980396433914,-1.4621142076108097e-05,0.004155357330550323,-0.0006590277091435059,-0.002220487052337717,0.500516224134429,0.18252662987475335
-0.017215284193539647,-0.2488633823879685,-0.08559770340631835,-0.03757315049429823,0.004740582425842686,-0.035221177078429526,-0.0010123517113245788,-0.002520451917420084,0.0003784994726976862,-0.001966566931235657,0.00016149930297334943,0.004650187965648757,-0.0004928417347964932,0.0013453306510405126,0.500516224134429,0.08132941409730407
-0.008502260324261459,-0.25747816345453184,-0.10583448245951017,-0.02785533060466136,-0.04148976183632398,-0.019263217297068078,-0.0015705428672498068,0.00223128170342856,0.0002591694757728267,-0.0024022667590072625,-6.15975409034313e-05,0.0027460450398059445,-0.0004370493796650697,0.0019878040155687266,0.500516224134429,0.04284585184582549
-0.05016163257725315,-0.21869582214354844,-0.03143978424783834,-0.04656220132773217,-0.07808308863515191,-0.023065306214761123,0.0015114410073921358,-0.0033887063195747486,-0.0001676897031220799,-0.0019267304189331765,-3.491962423223214e-05,0.0020447627679190915,-0.0006724104968221143,-0.009953209672239375,0.500516224134429,0.03992092652853512
-0.051338516449955185,-0.27446112334331174,0.01085189363795114,-0.03495789553835871,0.01846788513123503,-0.05382160424082271,-0.0014437617423059726,-0.004297924829328593,-6.933802272492277e-05,-0.0011238778954289325,-1.0546100133465835e-05,0.0034896361737813525,-0.0010664970101552848,1.2908196989952153e-05,0.500516224134429,0.11074746210186427
-0.0159313618935802,0.4136559017082076,-0.015762198940809474,0.0032271290082236904,0.034767529025718426,0.01751741035853986,0.00034167041842734423,0.0016545973234064354,0.0007579493749038,-0.00023663728657507974,2.4668592145009604e-06,0.0025549812685590656,-0.00023927427699096121,0.001418686157322859,0.500516224134429,0.9442450732390004
-0.054222939288087114,-0.24360750271964438,-0.08705013681174047,-0.04728041042118725,0.004340477989610995,-0.01867812209414434,-0.0010590033527726923,-0.004996270980441273,-0.019760011662414576,-0.0012751094366946682,-1.8746276755975945e-05,0.0032699611008383716,-0.0006973047101611597,0.000359747144905781,0.500516224134429,0.029840852615742642
-0.07754042326288425,-0.1764708542908813,-0.051473989480063584,-0.045169966628670954,-0.048461100950183945,-0.011620841417913938,-0.00035737175442003154,-0.002993707338305496,0.0003532831282791215,-0.0009604707951312553,-1.3268323735002909e-05,0.007631037921599637,-0.0004874559810767083,0.0013885249228835115,0.500516224134429,0.09433961988392904
-0.03640261490108674,-0.23447912943032534,-0.07670710166466614,-0.047587963094427144,-0.041820897317552126,-0.011439425528535288,-0.0011555920527875356,0.007880767514354927,0.00013768506480863398,-0.001811227828346437,-3.115344852271472e-05,0.004990056167049532,-0.0005188788591029961,0.001818887409874674,0.500516224134429,0.0633896361651683
-0.05035274772476518,-0.2736714218287765,-0.07142691475042809,-0.04534518302807584,0.007996270145897943,0.00040599034205959816,-0.001456364323951528,-0.00337822274537131,0.00029722013351909764,-0.0012446387489006767,-4.10129223589578e-05,-0.016697184007656827,-0.0006313039645798996,0.00021273561345072064,0.500516224134429,0.045183446324494295
-0.05546311726963251,-0.25728551537395333,-0.10618941868470025,0.028470584209229287,-0.0034675792334994313,-0.0013146026379301512,0.003601073399441614,0.013979417090260408,0.0002293195510622486,-0.001308937459413907,1.9889975202748967e-05,0.0019149332250422888,-0.0005410598116253547,0.0010928681073504125,0.500516224134429,0.1242540792212667
-0.05126021934141247,-0.23896718558826724,0.09917194677937743,-0.025960673028123077,-0.0013800685029263355,-0.08773951168933813,-0.004600836107971005,-0.0011799971976981765,0.0001106964316715334,-0.000539605826404146,-1.6685247686890802e-06,0.004267949352160258,-0.0007722129931918173,-0.002466364440268151,0.500516224134429,0.18919847345727267
0.023270076602548068,-0.17813628066709583,0.13977461592512305,0.10043640172522741,0.023850190589182994,0.022380580107554334,-0.002339003693440373,-0.008611722664748028,0.0007472605641431054,0.0006436501370506208,3.9974485959362414e-07,0.007495405302054115,-0.0006103966065724312,-0.0011492226465524794,0.500516224134429,0.6282681785537676
-0.06643883527059828,-0.2258896033320847,0.11620187018029682,-0.02635779177268267,0.02179948322964287,-0.06636538706459301,-0.0025208105789582265,-0.0004852178119038584,0.00018889138681044937,-0.00047100944007567446,0.00012635986958768865,0.005913068677090698,-0.0010865294762683031,-0.004370600345275501,0.500516224134429,0.25076011238541995
-0.04307334063911552,-0.2354365704920993,0.09142895901788212,-0.004828604834237602,-0.0959045608004473,-0.018027687821304445,-0.005294491279404158,0.004847594515148849,0.0004710391530114658,-0.0005605100508082475,1.1829704946861324e-05,0.006330572197704401,-0.0008126631411599619,0.0003612129490966392,0.500516224134429,0.20002900261364548
-0.059673004865253725,-0.20623663118672073,0.07192236064004758,-0.07116080375908622,-0.12004189823456227,-0.02497212758289811,-0.003592825799647475,-0.006323890154341407,-3.905697398659049e-05,-0.001140999736767001,4.011664962344853e-06,0.0020425695653929336,-0.0008093971472633314,-0.00903470950256318,0.500516224134429,0.07145982106174492
-0.04089701493773939,-0.23847099694605045,0.11774126985324138,-0.022377187837788984,0.0243609363414116,-0.0754934369824896,-0.0025177598948868595,0.001478817658438473,0.00023281114543497638,-0.00037573037636762577,3.947107671521145e-06,0.006388315732918503,-0.0011725116904383963,-0.0054498267600205635,0.500516224134429,0.26396785654776667
-0.06962465682299941,-0.22405251275789487,0.12428777455245503,-0.018427167619430692,0.027335405874626295,-0.03283536552233774,-0.0008225883978535589,-0.002354111160588965,-0.022739218948294632,-0.00011145468290557419,-2.878062614219106e-05,0.0047639299373876814,-0.0013967496280795839,-0.004626724308254315,0.500516224134429,0.27988400402412045
-0.03646034569505794,-0.2398881476878443,0.09154309338779688,-0.01937543652358373,-0.11992726317708893,-0.005500414252254637,-0.0018290639790604028,-0.009449287371347006,0.00031933140700846486,-0.0007207182693315945,-3.887978018451319e-05,0.006067172058819388,-0.0010622212993665078,-0.0011872932817039272,0.500516224134429,0.1630067496712343
-0.04459717774000368,-0.2258233566872725,0.11154801117210175,-0.02932880071255372,-0.06834254829070566,-0.010224518404437624,-0.003146609059661098,0.011011217825063828,0.000397715428757467,-0.0003754234795037241,-3.63542467679709e-05,0.0057218728720434585,-0.0008155344134473839,0.00037282067593933375,0.500516224134429,0.2468775390739853
-0.06874196638073611,-0.2390068525094179,0.11453701474313814,-0.022271130615352137,0.026829076763719036,-0.004299393467110053,-0.00205830950499189,-0.0026247685614209774,0.00048671819564549327,-0.0007266991415442398,-2.812189390774673e-05,-0.030293291126540316,-0.0012189064484595608,-0.0034948339619905035,0.500516224134429,0.26760476022546287
-0.041632954120935366,-0.16969449490868774,0.1491201975632273,0.138252289995556,0.017277879603502223,0.014849336783431064,0.030151474018601025,0.026483118045954768,0.00048104076446987696,0.00044708040061185124,3.841321938235353e-05,0.007387234898666212,-0.0005244507511882904,0.0016756959032844534,0.500516224134429,0.6748280855503073
0.0010445353549643527,-0.28731672065350466,-0.008980226251797752,-0.027329399881143634,-0.001899181009808223,-0.06087528296566125,-0.003238120651722033,0.0028673383307367107,-7.451106586818218e-05,-0.001077248794822889,-0.00014651214464170975,6.366295132076576e-05,-0.0005801701594336866,0.0020504448050480905,0.500516224134429,0.11502483199809856
-0.0014577531310470426,-0.2752262222733562,-0.014259999272429111,-0.024407145904475198,0.01501010090401014,-0.06183156180819992,-0.0026286323551192223,-0.0016099875582795658,-3.9792579348296484e-05,-0.0012436303183269908,-0.00010880063117960082,-0.00035978388769025276,-0.000610404031857837,0.0012321738335850166,0.500516224134429,0.1329747851207178
0.0018272481694866136,-0.27679150911456074,-0.009452250056828036,-0.03479290287220066,-0.05221235853693121,-0.027798530579818407,-0.0031490124518097446,0.004363384897523126,0.00022432622446496385,-0.0008101565545553053,-0.00011564668398554813,0.003008030084018769,-0.0006124467769201648,0.0023777159268473435,0.500516224134429,0.10658211580916432
-0.0012040835843987925,-0.23970819114226946,-0.010823993474449888,-0.047229829132102864,-0.09351196081466649,-0.02283367152496916,-1.2317062375388658e-05,-0.006210720627580176,-0.00011625293420317325,-0.001698359815328177,-0.00011540519946237511,0.0016063201334421467,-0.0005084462692759087,-0.018129334381597962,0.500516224134429,0.060019978305194135
0.002177255781561952,-0.2898835215740877,-0.0048769591795750356,-0.025465553686206472,0.011051258670129486,-0.06399909581315735,-0.00266188130977177,-0.0028515019203813833,1.1863954779026887e-05,-0.0012650576484926669,-0.00020813491763566747,-6.395824600107224e-05,-0.0005781109423520166,0.0014448179726439677,0.500516224134429,0.1233476452758854
0.019375691421597258,-0.2845528752421101,-0.002305312150943229,-0.04859210073962036,0.0075174004974068315,-0.015881874559795218,-0.001961095649459495,-0.004019509871569754,-0.012144554436029012,-0.0007793045849582728,-0.00016284259401028007,0.003158057006962059,-0.0006354932789391724,0.0020256846806308805,0.500516224134429,0.16155809463359408
0.0050163182702426725,-0.27848341239071306,-0.013652975688451504,-0.02261613891817068,-0.07475634419875847,-0.0009507769407163184,-0.0011972291331889065,-0.008317990692398325,3.909179939197455e-06,-0.0012621726192064843,-0.0001236026347181504,0.002792911638791865,-0.0006729303088245927,0.0029862361461340144,0.500516224134429,0.10928202584439417
0.0012171362477094109,-0.27112690178185334,-0.0038535753538617716,-0.019664688082106932,-0.04334515605291965,-0.013069229565625118,-0.0019306082754130486,0.009605579184600132,0.00010122299326652296,-0.0007694298726890199,-0.00011588835883841856,0.002181273336011003,-0.0006149416937754101,0.0023787874697658606,0.500516224134429,0.16150980432870315
0.00563525704043606,-0.3001457501209556,-0.008902472343877215,-0.05024736089873729,0.0016028477864907659,-0.012391389919603544,-0.0024445938861530365,-0.006233944697936165,0.00010220841440323418,-0.0007549170579766796,-0.00010681451133793725,-0.015946706721272564,-0.0006843313237944619,0.002299856278607701,0.500516224134429,0.11229811217272558
0.00014580255721653295,-0.2846196889274145,-0.01804816351487066,-0.023046341743666758,-0.001755820802103742,-0.060091111955912366,-0.003138512803692801,0.001692989066151003,-0.0001246676583616608,-0.0010457254295829497,-9.99791452552842e-05,-0.0001102041683479019,-0.0005718143834795205,0.0020327790963772046,0.500516224134429,0.11173576432148964
0.003453455725192489,-0.27497917443674047,-0.013044097229525233,-0.018826079815710686,0.015214563860962899,-0.061461249995753205,-0.0022881884012569383,-0.0013756027294617573,5.7513765971369926e-05,-0.001134810242898485,-9.442545127031536e-05,-0.0020906469369476547,-0.0006784117158442462,0.0015384048746451388,0.500516224134429,0.14480747540579514
-0.0015745905414255084,-0.27642942553910976,-0.010067818312912636,-0.03304384137092376,-0.048798617415219084,-0.02917202249438498,-0.003003105311984364,0.006702038710602717,0.00026275718043441813,-0.0009245699037035233,-0.00010886199907092577,0.0034658701367753075,-0.0005932871222852383,0.0023124422510224824,0.500516224134429,0.1095431924022488
0.0011729888179443525,-0.24443300992358388,0.001230127254210357,-0.04552812954463854,-0.0960689899549615,-0.021979196375324743,0.00021138057945800428,-0.006574572708566062,-6.667327244543915e-05,-0.00164294217002772,-0.00013725206511010509,0.0013812563844488224,-0.000504936141187523,-0.018338759796821022,0.500516224134429,0.06923751521782705
0.0003138193640630605,-0.28418913432979903,-0.018471385899822577,-0.026234082980671744,0.011426364373539836,-0.056018403540962665,-0.002372318592696073,-0.0025350352987778013,-3.0962767608500356e-05,-0.0011524880428221535,-0.00016154098996763941,2.4818007572474994e-05,-0.0006166044402833126,0.0013027626284479307,0.500516224134429,0.12180203162464368
0.010693943144734172,-0.2817587131263805,-0.0016504283169734373,-0.04598481912623854,0.013658666742576438,-0.01829958916603309,-0.0018785806097299908,-0.004122621944795321,-0.010142392215696938,-0.0008305307377962991,-0.0001650562409163689,0.0026802704245479313,-0.0006292579918131645,0.00245020061420251,0.500516224134429,0.16453731558411935
0.003240612152006955,-0.27747108805744825,-0.014388974324610249,-0.021477649798657357,-0.07246575657212873,-0.002030075130072582,-0.001215745084439955,-0.008087268773780344,4.426095144232641e-05,-0.0012623228501381775,-0.0001236055185397107,0.003280347427645708,-0.0006731683826123968,0.002801583508948847,0.500516224134429,0.11068737368204909
0.0003703821681798393,-0.2967618120980674,0.07462755093705913,-0.025679535294098547,-0.04074666673602038,-0.018148509424100893,-0.001404438825118595,0.009973308314003093,0.00018350696669141602,-0.0019187222399163156,-0.0001044125108794867,0.0023829220166646414,-0.0004419048312157982,0.0018998452387762898,0.500516224134429,0.20474773781639058
0.009016432271602145,-0.2984653902903786,-0.011115930815007304,-0.04907406243759988,0.0028418156827745606,-0.011814945690216407,-0.002261288002037988,-0.005292977033073898,0.0001608179142117059,-0.00081141704035577,-0.00010727748683586452,-0.015293009304281761,-0.0006856159058653587,0.0021581465052919043,0.500516224134429,0.11977152250265968
-0.008573946159498733,-0.2593582701860971,-0.11278841193740226,-0.03439821680412256,-0.0009828620941931745,-0.024816610737083234,-0.0017671590999367693,0.0008588439763005424,0.0002511040019164781,-0.0019065275640020828,-6.409340662798652e-05,0.00457816157468878,-0.0003958194697965057,0.0012314711151014744,0.500516224134429,0.062383887343679716
-0.004139774123066388,-0.2609632100988707,-0.1094463325403612,-0.03333644687347197,0.005526208121116346,-0.038062821917432745,-0.0014973363183304006,-0.0012111103712958047,0.0003007471533387004,-0.0020137366431885475,-8.790382077368507e-06,0.004493131841073827,-0.00041705074582792576,0.0012167049815365412,0.500516224134429,0.0609564062175752
-0.006136004152997461,-0.2616715835156953,-0.05202847597789662,-0.03237991485438411,-0.050451721223680905,-0.024712510184367962,-0.0013397737328214457,0.0033580257677546686,0.00012423016184202385,-0.0011858498914101164,-8.964343332844078e-05,0.004461887274308583,-0.0004806556949920748,0.0024664606799368756,0.500516224134429,0.08045069535670009
-0.004166710919050635,0.3723898579146672,-0.03437164842963765,-0.019898133631110815,-0.15599782767982875,-0.026455484436458468,0.004761112657889937,-0.0011359894003675976,0.000602229546836324,-0.001231285718814829,4.555853679694258e-05,0.001936349920141792,-0.0001700092585473457,-0.015406965903269133,0.500516224134429,0.6214172773336792
-0.0015211668981534598,-0.2669267760947461,-0.0944697435722257,-0.030961317788923116,0.009189018722593676,-0.03391273539040204,-0.0013219980690347653,-0.0017065527023397446,0.00012388438084463867,-0.0024293715291269203,0.00010551154283591668,0.003225015897648394,-0.00042271845587281095,0.002268562467155564,0.500516224134429,0.0817558366446855
0.0010546489332619211,-0.2801905029548082,0.05815279582122001,-0.042728556282276516,0.001559937504713851,-0.027596877172857942,-0.0006749728764427669,-0.00776004790798287,-0.021197681548627695,-0.0009593257921490008,-0.00014972681698431636,0.00374155309651752,-0.0005609474121936945,0.001339447365123893,0.500516224134429,0.1845459680909466
0.026656581017570645,-0.24886887813409744,-0.11103543086554449,-0.048832502375522745,-0.0463793237396452,-0.0028551796603978846,-0.0027557674355007315,-0.006116536785495822,0.0002977430098927052,-0.001420406722508883,-5.8085460088530795e-05,0.006813137228911954,-0.0003634598822625086,0.0018988708165619316,0.500516224134429,0.06749698514630557
-0.0030956246856676025,-0.2553449534674922,-0.1191450381395336,-0.03973703757114691,-0.03686636504456284,-0.005249655246381059,-0.0016903555138435013,0.004201537785299991,0.0002444325390758833,-0.001628715964288935,-5.0912319959915973e-05,0.003916248955538574,-0.000378829957696454,0.001272826247891136,0.500516224134429,0.046963781751666024
0.0050893968462973425,-0.2648795569452123,-0.12144598242426849,-0.045064691400441725,0.0027501536195187167,0.0021278934698898072,-0.001912641433232058,-0.004352505886334323,0.0003079925348057137,-0.0011317614565241239,-3.335632584304735e-05,-0.01990251147759623,-0.00043346639848450833,0.0015909269164734478,0.500516224134429,0.05322611377348021
-0.005512997645007012,-0.25706920117853604,-0.11359349035452647,-0.03235028491272044,-0.0030475769054498637,-0.027979484760217627,-0.0021014579743705197,-0.0038629414815614226,0.0002973970171850458,-0.0019776879120627297,-3.270221196066526e-05,0.004354084429337713,-0.0003897135369277337,0.0015839905538092907,0.500516224134429,0.058834157261424595
-0.0005308437849810411,-0.24501634056834068,-0.1126780458614194,-0.030528072215381095,0.004634901456084994,-0.0486519330295429,-0.0013836718399147417,-0.0009100418073168455,0.00010003890470578288,-0.002363913765746819,2.8890138468946503e-05,0.003404740347790503,-0.0004419096223458067,0.0014184375034678996,0.500516224134429,0.06759845998996111
-0.006625830861845696,-0.2422769917652808,-0.1360677454237585,-0.02849803028127298,-0.037635061632890744,-0.013254598091070897,-0.0015735133726656526,0.002643409397571731,0.0002686386706422369,-0.0023113622866742347,-6.245562328840382e-05,0.0034655318560393874,-0.0003747191255785707,0.0011193150584114927,0.500516224134429,0.03933281065277075
-0.0011426854642198,-0.25624811694195304,-0.11594982149950649,-0.028662866514893467,0.006046885804302151,-0.02736339851001845,-0.001210064528343795,-0.0016170032317612264,0.00041277876509466274,-0.002140968240713621,9.843072235195941e-05,0.004407634323847106,-0.0004012882282751586,0.0018387491890222475,0.500516224134429,0.07858448977936557
0.004232664233462748,0.4228146396291072,-0.03666447797722101,-0.013089097614805392,0.02662298703015143,-0.02379829411832817,2.478301948765808e-06,-0.0005946640522349435,-0.025806835046309665,-0.0004192766327014745,2.6549986157453925e-05,0.0008036711161968355,-0.00021580435428990164,0.002695368814866769,0.500516224134429,0.8571261334504342
0.004283099163839351,-0.2580771492467097,-0.0898770045139794,-0.038779646168887155,-0.04653231140099884,0.002095989401084889,-0.0006784281810487385,-0.0042831360662930395,0.00020471187474442143,-0.0017770113672016226,-4.8350692697138896e-05,0.004717232914354916,-0.000454039407172004,0.0023806236800988996,0.500516224134429,0.07369080412356804
0.014256199202310624,-0.2443441239384437,-0.11222208681805114,-0.048663144438337386,-0.03648214555668661,-0.014829571229850156,-0.0028809037533710645,0.0037381055194143117,0.00016339860928813178,-0.0017423492601735837,-4.895414294186858e-05,0.004508583957405342,-0.00036300385724919625,0.0026380901385095576,0.500516224134429,0.06424431856625604
0.006387143470173994,-0.27105659087065787,-0.11013361612205942,-0.04411409250594614,0.0036424716877037954,0.0037255881867662077,-0.001961657679160671,-0.0036362794499402743,0.0003562036657287327,-0.0012097284821213086,-4.867735512384786e-05,-0.019654729424670104,-0.00042393907601150923,0.0008846312531669096,0.500516224134429,0.06327295143228075
-0.005833149986656183,-0.24575138582960862,-0.11612424041556367,-0.028922674256134186,-0.003729577181766424,-0.028148717575532722,-0.0019269390213916388,-0.0024548448396373257,0.0003328137647497118,-0.002104902729894613,7.864359093807208e-05,0.00408923846945674,-0.00038019415575422797,0.002061195522585194,0.500516224134429,0.07170148949022263
-0.002198462140443528,-0.22412492104313772,-0.12711259991391327,-0.027471069839636753,0.0061034994664059304,-0.037729726754020955,-0.001357873291373071,-0.000612006823292587,6.533883279317672e-05,-0.0024762943642320494,-1.215990619449849e-05,0.0034817695101928368,-0.0003872590585934205,0.0022349994535437244,0.500516224134429,0.08891945826253045
-0.010756973822858238,-0.23243254230407695,-0.13348496219138495,-0.025314183611267874,-0.045080334717840835,-0.019957721561555064,-0.0013073050727810522,0.0010910618694018393,0.0002469003748289117,-0.001966636236141015,-8.574254211548557e-05,0.0037197431945117303,-0.00036766694324572523,0.002227632293699204,0.500516224134429,0.0370474928636064
-0.0014012845701289643,-0.24660900302120758,-0.11057448654988945,-0.028118805890892058,0.009494230118597288,-0.031986805274026704,-0.001103694895722202,-0.001547992854464062,0.00012097944029191608,-0.002422888388316179,9.816790456719233e-05,0.002972299171663008,-0.00044584409494565494,0.0020949882910459234,0.500516224134429,0.09108608352100438
0.0038720628880002097,-0.25068235388791665,-0.09665729045226107,-0.03471458473570795,-0.047398278612886764,0.001091312785162282,-0.0007324820895752585,-0.0036885550508202287,0.00030182120547448803,-0.002087372678209965,-4.929685095022178e-05,0.004812553189085449,-0.00041430435754894867,0.002469168285584494,0.500516224134429,0.07663862377186254
-0.011479953417820977,-0.23743106463816482,-0.12101392578163904,-0.039793859785657526,-0.03888118451283022,-0.012795103714184493,-0.0018102269048057428,0.0004412349572779723,0.00016770618697593045,-0.0018772528737232715,-5.3054767079432455e-05,0.0025607546419846605,-0.00037533503599630123,0.0022195291906390727,0.500516224134429,0.040394487679408425
0.009765869652589819,0.4528796740743558,-0.04839460242858522,-0.01667830706458377,0.017887573165050054,0.013219165580340458,-0.0001030378087186224,-0.0005636819842841557,0.0006946075004057406,-0.00015445980894706433,1.88864947852978e-05,-0.010345412947381885,-0.00014809626233178145,0.0024685760003666907,0.500516224134429,0.921062978297496
0.015925049640119485,-0.23159304654774251,-0.12159536755393979,-0.041365056835393106,-0.005273130755782961,-0.03209196494134095,-0.0028693145878297475,0.0028292385550620575,4.688480889996489e-05,-0.0024314931282222473,8.730278456625769e-05,0.003302175408464637,-0.0003762569681022846,0.002718806649831683,0.500516224134429,0.08783005066302298
-0.0025470950465027896,-0.2204279424396674,-0.13407266549480246,-0.034163718926599675,0.005266486123479114,-0.04348175712688573,-0.0012319073159955112,-0.0011043339255000196,6.067122359311535e-05,-0.0024407418964470964,-3.254528527287689e-05,0.0017468923526169637,-0.0004367687960807654,0.0019271463480651546,0.500516224134429,0.06957794392843245
0.020220937651338866,-0.22730163769209966,-0.12691360543297242,-0.037399969663936036,-0.03974330296217102,-0.02250489113943298,-0.00280270476278997,0.004350070728617882,0.00023315925412532583,-0.002064130756231681,-8.472555607889548e-05,0.0037469401435402997,-0.00035986471174272806,0.002660348804067994,0.500516224134429,0.072552848038667
-0.005249264768311095,0.41312553401512087,-0.03487831999419743,-0.00889460440320275,0.024198807079367758,-0.04358844639055336,-0.0018660970281029286,-0.0012872996872807798,0.0006278025744635157,-0.0012513140255370383,0.00016022138027554063,0.005226905180676373,-0.00013987942447765627,0.0032381627680798577,0.500516224134429,0.8499384314107544
0.005294692116698596,-0.24584646544693792,-0.10010461706466524,-0.03424938173024771,-0.04715208477852144,-0.0009883418760583953,-0.0006172397603398674,-0.004069227391062803,0.0002974343102609454,-0.002176982371763499,-6.780617310469751e-05,0.004790582719934656,-0.000411121290841759,0.0023502597096856726,0.500516224134429,0.0775659251074688
-0.0019629157774000493,-0.2278264596536454,-0.13571930045526195,-0.03228012509163966,-0.03838240233399974,-0.007524990683041068,-0.0012335685066400212,0.0014144624816248477,0.0002702763196343906,-0.0021209572021359552,-5.618296110075108e-05,0.004646835184675575,-0.00034869785449572437,0.0024745479336225167,0.500516224134429,0.06186674553462941
-0.0005134197299988043,-0.21431525985365754,-0.1477570022457999,-0.03340220348316829,0.0008591948661237707,-0.025749649612611843,-0.0015034106895555153,0.0002908637097784875,0.00036771224400792554,-0.0019632380683268637,0.0001023038883429083,0.0030351470066294095,-0.00036583881639585115,0.002121419217771271,0.500516224134429,0.08172284256757172
0.006693920058721937,-0.18697835065218654,-0.007433908027268797,-0.03524861650869997,0.019924319910133072,-0.046959530813604766,7.333244724247696e-05,-0.005261384386289323,0.00021537102218638148,-0.001110260236996495,-0.00010487689567457002,0.0009291745519024304,-0.00040753062926880825,0.002344624165702455,0.500516224134429,0.24719250814033164
0.01956372697071723,0.22952739048660048,0.08522534293757755,-0.001884792975813711,-0.0404206780069028,-0.008821018837247462,-0.001465156252349904,0.009955234437951606,0.0006691969992497305,-0.00014793780428436654,-1.416752792007228e-06,0.007791084230326378,-0.0002587145785012041,0.0032702768019155426,0.500516224134429,0.8035187617908793
0.004824634042070344,-0.21838365273105642,-0.139298147016571,-0.04340918670062412,-0.047385369461236344,-0.005756440288201282,-0.0012728191320116418,-0.0038695286029323487,0.0002742267242159157,-0.0016326155604094149,-7.134015298499e-05,0.0033880877893697455,-0.0003561769557762837,0.0012943686840817738,0.500516224134429,0.04886226477236662
0.02083640248774819,-0.2107105129178007,-0.13606323421530248,-0.04477236936129066,-0.03928148312217065,-0.009617712470750795,-0.002801666299779334,0.003556813666671046,0.00029546092481154765,-0.001989905310161059,-4.974567677305045e-05,0.0045606178543790895,-0.00032041490748754815,0.002881734117274201,0.500516224134429,0.08704020890380068
0.07208015726612008,0.07303147922795857,0.18596081268408957,0.012240281768929004,0.009303757533389795,-0.018296752980827634,0.0008716417123989598,0.010021904787612954,0.0007159933109766035,-0.0003553302692586343,0.0001757811020296827,0.004758228821556942,-0.0002332919801440306,0.0060666943720675435,0.500516224134429,0.8568575814913308
0.00730131342907495,0.0304710739620794,0.09702938325490988,-0.003997831839290186,0.02789650306154373,-0.024866959473681872,0.001922608742613318,0.002733624471488676,0.0005412430393223031,-0.00016021748265623525,2.9953546323018494e-05,0.003971411961656698,-0.00048318170663961787,0.004772895911083078,0.500516224134429,0.64767804501226
0.06393578824528459,0.07205843789958703,0.19681132174012578,0.001298964156338182,-0.018107951949339344,0.005230074192414278,0.0020881144994261253,-0.005522025018454736,0.000677453621917241,-0.0005338447165066892,-1.2937595658517251e-05,0.0030314500719467964,-0.0002676484891056531,0.006796315924974784,0.500516224134429,0.8279997367173827
0.065370582303003,0.07586695709522466,0.18769264915590805,0.0014541727090186592,-0.01908284238145785,0.009147963571025255,0.0012434845731294749,0.0109030787595635,0.0007343512462466816,-0.00027693317171807253,-2.559431533763448e-05,0.005195922430469235,-0.00021006547754930766,0.006031185422515705,0.500516224134429,0.8445611360544731
-0.010513540631124705,-0.26304100813277853,-0.12703051385232816,0.008087974974934138,0.007083004770559673,-0.02391857427597616,-0.0012102451333541341,-0.0037339465844980434,3.5527701022611875e-05,-0.002050126224424208,-2.345546529566335e-05,0.0029622183673827275,-0.000587937107226988,0.0015198272881413288,0.500516224134429,0.08809542982946734
-0.02790363466413566,-0.16548990061667904,-0.0802800365594197,0.015206134236001503,0.0021436387318500005,-0.01833728432914594,-0.008291018740448974,-0.004966061049244865,0.000308588480649373,-0.002226120551726577,6.828156950147798e-06,0.008893230591284383,-0.0004946224018216886,0.0034338763368866416,0.500516224134429,0.2225198417554332
-0.00968671531560195,-0.28248712030493206,0.043257553692580275,-0.0010422529320912631,-0.09757520179513918,-0.05116963467653796,-0.0026121865821278475,-0.00509735682725693,-0.00025162483838811966,-0.001352970977369994,-0.00010965696755139855,-0.01670213693536118,-0.0005369196808674383,-0.0007196671069375293,0.500516224134429,0.07443033288685091
-0.07671875077166118,-0.2644761549811576,-0.03249754749218453,-0.018642821312846575,0.009583616106836407,-0.005019522436988631,-0.0028926137321637437,-0.0062288694396853625,0.0001271077058023829,-0.0006907633940050173,-4.9180418439704476e-05,-0.014580779601998137,-0.0011157228561839642,-0.0013734398328878329,0.500516224134429,0.08594078167686843
0.02389254033977,-0.167082751507174,-0.010367741424083208,0.011647408313185696,-0.045467538524004814,-0.06480571988861303,-0.0014752588402694234,-0.0045265374940777064,0.00021244194936937593,-0.001195225858441465,-6.982828113346568e-05,0.008803883348185673,-0.0006590802109756947,0.004784367800677891,0.500516224134429,0.254207183856849
0.014964428419861267,-0.21813593389425612,-0.06510540088685687,-0.02248778313666225,-0.012633956957897003,0.0029032060207894324,-0.0025256363581025554,-0.002003445940722102,0.0004123006241504397,-0.0009189252417335219,-2.766866910937936e-05,0.006753976855933814,-0.0005894113696344309,0.002759770422588328,0.500516224134429,0.20388174402278206
0.0001439479398669797,-0.17073583388340668,-0.07872499151214943,0.021821745840121157,-0.014825196713840347,-0.004632681800600606,-0.001559103504522967,-0.0009638405550461501,0.000776194019170911,-0.0018077606138395576,1.1945882308168841e-06,0.007387578894202207,-0.0007813002586215569,0.002537351455282493,0.500516224134429,0.2591535280292802
-0.025532234062098452,0.4437300255713125,-0.028153500641454266,-0.000808124500234064,-0.005542651857145901,0.03297299427123966,-0.0002347751262999539,-0.00042692260981569625,0.0006204813297037157,-0.0009675855180670081,2.9907477259432305e-05,0.002921045362858499,-0.0002491120551122535,0.002674025639649048,0.500516224134429,0.921549797416228
-0.038708721457928245,-0.23945700401117742,0.01155484353616724,-0.001407553694542367,0.004235289891080371,0.0019785687009371143,-0.003424442197034337,-0.007005386239034938,0.0005183690632787292,-0.0011521499146721007,-3.652294425296136e-05,-0.025420620988789302,-0.0008707586513903836,0.0006717404191860746,0.500516224134429,0.20199187564626045
-0.009236785173707136,-0.15026597373077108,-0.0825596336673239,0.01535964528055291,-0.012291266431183799,-0.007639628587484514,-0.0022027410506302667,-0.0039526438564581904,0.0007977394878157,-0.0014266250436787743,9.744621127764377e-06,0.006345354531722044,-0.0008313682303727879,0.0035527857723148576,0.500516224134429,0.2561748280563557
-0.014707662274759961,-0.11478086598493335,-0.04637924465216936,0.011661361294155808,-0.09101357857202401,-0.06782576499901949,-0.0013435880815642622,-0.0031029705818910558,-1.8232993598045035e-05,-0.002225623216493981,1.617163640607307e-05,-0.04100017499667786,-0.00046214169184821794,0.002832352059669614,0.500516224134429,0.13216626107968435
0.0019826346543172784,-0.27548209632979304,-0.10880204668058505,0.038197757120604116,0.004101008695279162,-0.013066492139938017,-0.003014682847765748,-0.004808005584181513,0.00022128927038769254,-0.0016433466761431959,-2.2497379759090363e-05,-0.0208203412167459,-0.0005076440767735282,0.001389963594047029,0.500516224134429,0.1182417245373828
-0.016345302694972627,-0.1525310623764944,-0.09057873619035701,0.009917756025615072,-0.03100070204559175,-0.01523230366298624,-0.00987656290520663,-0.003007902043019023,-0.0473611400600636,-0.002190147265087644,-8.756188220139006e-06,0.004037286841082736,-0.0007864139397295386,0.0016186154667092534,0.500516224134429,0.14717085309611141
-0.00766747501055471,-0.27559090729623703,-0.13561093055140408,0.013039150009660938,0.009768784274239656,-0.016438554138689936,-0.0009695489934388193,-0.004568313491704483,0.0006950004733171379,-0.0018337251777172394,-1.1476370721535093e-05,0.0033929460518513314,-0.0005077601594280307,0.00023091102619161624,0.500516224134429,0.08444432477979902
-0.005504810653697409,-0.2829776716348114,-0.12517747621322076,0.017147716241513816,0.009750024386128972,-0.015526574729719082,-0.00534751873859254,-0.004502367581486895,0.0002140320478859661,-0.002365514904061659,-1.4271606008853307e-05,0.0032488800348231734,-0.00047422579481261134,0.0008649838835732941,0.500516224134429,0.08985142887194723
-0.015467539862785823,-0.24509051631093273,-0.08478934346507759,0.01306890480111613,-0.07238707023836455,-0.034845491696170496,-0.001545490227216657,-0.004185338791014559,0.0001563129248222058,-0.0020552449674335147,-2.0486362613091263e-05,-0.01947509235903376,-0.0004450877746154611,0.0010020534741831473,0.500516224134429,0.034436793279295615
-0.00435982954187753,-0.276901822337845,-0.10226043155597557,-0.019780645252567713,0.016630057670821975,0.0021412530722778635,-0.0019110483378483143,-0.004022912545797661,0.0004864054330250231,-0.0019782736306211486,-3.340869737394729e-05,-0.015151978023329732,-0.0006037479253101119,0.0011920509025308012,0.500516224134429,0.09396189336454194
-0.010242151503764419,-0.24209669848497264,-0.08605831481734645,-0.0071773808973580105,-0.046725715270369866,-0.039326392896976176,-0.0013922977549257177,-0.005302757702631977,0.00023417389600345414,-0.0022893960465531346,-2.312694782911693e-05,0.005337064508410306,-0.0004414819854733,0.0016717738204750185,0.500516224134429,0.0666835220511201
0.0055263597938325785,-0.25822731602466675,-0.12117832209511592,-0.02660023163657249,-0.0025429634913936134,0.002393483616261452,-0.0016506939482348682,-0.0041846511476127364,0.0005756063919085144,-0.0014649487682098182,-2.197035117251406e-05,0.007160227919814126,-0.00046097482544014496,0.0008567023269534254,0.500516224134429,0.10069653189478445
0.0019533937483803008,-0.20622053785827757,-0.10625960108322324,0.0012310115583211128,-0.006122971917606347,-0.005998954181062135,-0.000770176915955261,-0.00021159051316991962,0.0004692708416793281,-0.001714122717064652,-1.7683250663010026e-05,0.007501491430665397,-0.0004708353168368559,0.0020022427521831374,0.500516224134429,0.18588716071180367
-0.025656655766501047,-0.26502321470027884,-0.09521057130129608,-0.0071576867421333885,0.007839161625092073,0.000693267248084619,-0.002535856787374743,-0.004718574011162127,0.000533068684218843,-0.001679909767438834,-3.0717591512980874e-05,-0.016209926633741212,-0.0007483550445214855,0.00041349775954550313,0.500516224134429,0.0910237511054129
-0.0058313314449005395,-0.2699272019634796,-0.11508647658971999,0.005288371521347742,0.005826703242475065,-0.00447026913074981,-0.002148237298187949,0.003555445261148851,0.0005003512443289453,-0.0019866958700399096,-1.2803133955455499e-05,0.0037726268254357842,-0.0006098625212247817,0.002929045004757716,0.500516224134429,0.12231588928166857
-0.014030106823686599,-0.23056673269926525,-0.07951857127244374,0.004830663419959508,-0.08364167026212153,-0.062263118521544335,-0.0012912794039759395,-0.0012869781558356975,-0.0001827275653273387,-0.0025206446294852468,-1.9136649539581576e-05,-0.017801586054105457,-0.00045060035184028006,0.00041489699243195535,0.500516224134429,0.012188632157652337
-0.004620984503554312,0.4277994182331868,-0.03343115033614939,0.03993302176453495,0.030490185363667717,-0.005157638236152267,-0.0004698962334370405,-0.0007713222789848095,0.0009980765268842594,-0.0005551247104887715,1.6396714745355715e-05,-0.009345787979595203,-0.00020779975068340204,0.0028984442876370704,0.500516224134429,0.9480920629960436
-0.011147662354040713,-0.26937209312958627,-0.12513586468517127,-0.004490688537273234,-0.0020715014929286036,-0.008726508408527038,-0.004659103795247316,-0.004733872562522343,-0.03065316287494447,-0.0019713031281515256,-1.3050708434959523e-05,0.0019712270100218257,-0.0004497379467558973,0.00044695292403816844,0.500516224134429,0.039509854444910286
-0.0057869691533693375,-0.2829226304218844,-0.12115135432023046,0.006993490707478469,0.012420127106044657,-0.01798302330729248,8.2004970095785e-05,-0.0009693726845382897,0.0005447064597396934,-0.002015428585003166,-1.7435988845244706e-05,0.0044747821671760404,-0.0005084930890715489,0.0010593493116287016,0.500516224134429,0.09473597730636171
0.011429596704326708,-0.2969212794511394,0.01988334441125996,-0.011132288124129664,0.004663380398999354,-0.03449345829896414,0.0017959793998563948,-0.007160209906395532,-0.00011510253418431287,-0.001666329639728275,-0.00013186887917030063,0.002494528897706083,-0.0005363064132787627,-0.00020499803187602191,0.500516224134429,0.18842121266771425
0.027438639909421823,-0.2399467096655802,-0.07312886821063067,0.013978266725280795,-0.06503426194884378,-0.04941457977309085,-0.0013254755165607547,-0.00415357592505191,-0.00019017619569612105,-0.0022936477603177716,-3.7732932990634055e-05,-0.017824326384700922,-0.0004439564741048704,0.0016105592090218577,0.500516224134429,0.08975037919058884
0.004113193892698408,-0.28214068248343127,-0.11215926005567523,-0.012083471980934993,0.012692538942850091,0.0015568863468109183,-0.0012033836520188974,-0.0039075788760999704,0.0005481824970421619,-0.001822313082217774,-3.879753104783749e-05,-0.016626859558876404,-0.0005902659501057824,0.0016133837947358033,0.500516224134429,0.09046779643816226
0.028979311266574822,-0.27967127958380916,-0.00022590051867806725,0.011086649485049132,-0.0476377652709145,-0.06046749229263918,-0.0018267456909889074,-0.00682190873288561,-5.809478601187271e-05,-0.001500838624116095,-0.00013028631067739762,0.0041639121659554365,-0.0005277958994907084,0.002508765650848186,0.500516224134429,0.1483867549926502
-0.0011732495606699368,-0.2809810621978282,-0.11752121406156803,-0.024553588880493946,-0.008083255389615978,0.008486087066444431,-0.001814948471282868,-0.0024089926943972207,0.0005486101066868901,-0.0016176280811247884,-2.3384046664392458e-05,0.0053266232864221386,-0.00045390646871774654,0.0010257590910701607,0.500516224134429,0.07727207383269356
-0.008701889253709714,-0.29338189583317226,-0.1175213212558565,0.021296081444073123,0.0058062223249351575,0.000958770677746164,-0.0017556338998695276,-0.0016199108241717762,0.0003387788467140584,-0.002130136701189069,-1.986568969512511e-05,0.003271818736871316,-0.0006392984800102084,0.001085689772496782,0.500516224134429,0.10750363399959592
-0.00430348379087085,-0.2990474794359999,-0.01627696469300582,-0.003705193824941889,0.0061341687873972825,-0.0002204988935234597,-0.0007982085959860545,-0.00941135670454448,0.00045140294988060175,-0.0011877719197327045,-0.00017166827769754463,-0.022176076524527903,-0.0007314461403751137,0.0016150157411000334,0.500516224134429,0.15068666281160448
-0.005169301833467144,0.3815347250981795,0.017639864246578235,0.015830258968010855,0.029679929392507624,0.0037376453586531445,-6.883141488695992e-05,0.002797747452942827,0.0008678610809957073,-0.00018279124394253646,8.155940840512534e-06,0.001863716429036008,-0.00026289848556310233,0.0024263504652146674,0.500516224134429,0.9512186555895303
-0.010454152977983031,-0.26820521300331635,0.041389778961662994,-0.001923745946132448,-0.10653750873753373,-0.06399485963534918,-0.002828339512074796,-0.003582581622640174,-0.0001530399457281178,-0.0013608778967550165,-9.448722052802403e-05,-0.02019460422674424,-0.0005015395257389968,-0.0012039035494252432,0.500516224134429,0.06087114929614667
0.0013945156375696145,-0.26958384032996235,-0.11801020410209062,-0.00711311669665438,0.0006268030201372961,-0.006063604983098259,-0.004037305831041064,-0.004176285622090501,-0.027883797937707146,-0.0017959190288338285,-1.2560752198099255e-05,0.0028499273904807818,-0.0005098498304514673,-0.00017824589864931433,0.500516224134429,0.06602273916984436
0.02354770402066499,-0.2734612760367443,-0.12512426901903007,0.017769292007766096,0.004004101952622305,-0.017744990005105158,-0.0019378108613264276,-0.003326685557634291,0.0005659973745478665,-0.0017990356875140746,-2.2521371254692265e-05,0.005185632926116411,-0.00046055578465423424,0.0019184021558937485,0.500516224134429,0.12963021024878205
0.006904617560815811,-0.28567326589371095,-0.12550170919559867,0.02143260810905941,0.009515743659677523,-0.015590049055762906,-0.004435179378000228,-0.004186440830807175,0.00021295722985785654,-0.0025547736162264806,-1.4242822875929943e-05,0.002579010023816087,-0.00046827111591897806,0.001301811413910793,0.500516224134429,0.1040390402226693
-0.014700371821087138,-0.24680148700707735,-0.08100742695964512,0.0012281446187189864,-0.07728829258220019,-0.04716505387062562,-0.0016149625954730953,-0.0029801781282579026,-0.00017751759326819813,-0.00241194635703882,-3.1519590403958654e-05,-0.017090540178354555,-0.00046489575832853696,0.0009575765340035699,0.500516224134429,0.010967752845394252
0.008161930817266813,0.4431941102275532,-0.06531984220177146,-0.014748032556391098,0.018380678951394135,0.007132621435261461,0.0005148010489557416,-0.0020495327363213413,0.0008732574404320818,-0.00023338913946487864,2.295071078190439e-05,-0.004131554588111902,-0.0001689532452052076,0.0016986148781345685,0.500516224134429,0.8938438851769474
-0.012040488681495199,-0.2630509725085059,-0.08759005723965178,-0.022052021206901962,-0.04473210452533302,-0.03828670408523708,-0.0016290082093578409,-0.004216520955421041,0.0001626357477817053,-0.002322837667691688,-3.5508106800391847e-05,0.004340491211380173,-0.0004285223642570856,0.0015796481114998414,0.500516224134429,0.030214253654441928
-0.025922413774409944,-0.2747208303766717,-0.0985738130854846,-0.020946803235123577,-0.008868294861330553,0.005573678457343581,-0.0010697151377129348,-0.003072517212131219,0.0004491277689114301,-0.0014915812526652143,-1.849870573782384e-05,0.005660384834448353,-0.0005534410398623013,0.001388097804753727,0.500516224134429,0.07834960431876041
0.0013015820861262439,-0.27870596389408137,-0.13848903360843337,0.018546026025633922,0.011125127639702153,-0.00262174665136341,-0.0010080499836095898,-0.003413624105882483,0.0003783968989052535,-0.0015279384978762868,-2.4827456848737064e-05,0.004674579502118262,-0.0004682460697403196,0.0016591947445657607,0.500516224134429,0.1119417007636493
-0.018755510811325402,-0.2807125554330624,-0.09665675572032706,-0.011904092543351638,0.006737161886717839,0.002071923587475281,-0.0029078460964055753,-0.0037387598404263742,0.0004808588513909793,-0.0017575967306667415,-2.9631863741417797e-05,-0.015036029591408076,-0.0006852312495087491,0.0013143252815798283,0.500516224134429,0.07893648386137299
-0.015051644098712291,-0.22732094410728593,-0.08758908948841454,0.004593374070307832,-0.08427037637415374,-0.056111239401096934,-0.0018540770316378538,-0.0027415935330894372,-6.760504592176055e-05,-0.002338435397816968,-2.3412063614654352e-05,-0.020101010172907052,-0.00043827972398161573,0.0006890108026338305,0.500516224134429,0.007890902568741092
-0.009927292686389606,-0.25172493504196874,-0.1318780909466723,-0.01973291589472012,0.019882783235187485,-0.007863815438835575,-0.0011994267438670658,-0.003971809297185266,-0.02430900754908939,-0.0015483982169709764,-3.435644497986288e-05,0.0015614162960974922,-0.0004326024075660299,0.00011656826319980288,0.500516224134429,0.06945434126067297
-0.0017710371618476879,-0.29031467016873674,-0.029741370929334123,0.008640215997376176,0.012478296805889166,-0.0259258995645867,-0.002743546783793871,-0.003262381674363058,-0.00019644435604709422,-0.0008644588683254871,-0.0001381113634425303,0.0019083641086317694,-0.0006079035562291284,0.0009378738107860361,0.500516224134429,0.16891515043040933
-0.01040177958917895,-0.2852061837520245,-0.030122874017384095,-0.004596717440065855,0.005694057625047608,-0.038758812019066266,0.0017034956788994301,-0.006223384226449844,-0.00014031069319013663,-0.0014345842046777082,-0.00014143233366638948,0.0019821026273163754,-0.0007113191113971297,0.00026116719124449873,0.500516224134429,0.1324196498698385
-0.009596741636066974,-0.26494629660037766,-0.013821262539423198,-0.003392115403872614,-0.09581328148584126,-0.04863628304700497,-0.0026285318499488196,-0.0035274474315031908,-0.0002903386113273317,-0.0012730870783710516,-0.00011517064641308542,-0.01666321569603045,-0.0005725071262898478,0.00017800943261139294,0.500516224134429,0.03941795441457376
-0.005797861885219526,-0.27597214885703314,-0.021230971818039353,-0.001808965221897514,-0.06044381058371785,-0.05372832443159197,-0.0013418103813418098,-0.0025473785705133027,-0.00026792493769603145,-0.0013691133197356346,-0.00012062243751084346,0.0019673141557373,-0.0006027452911945607,0.001200557642460829,0.500516224134429,0.0784524181971404
-0.04406603603425913,-0.26221337018841406,-0.03688753858001486,0.0021559853230346186,-0.010764840763991571,0.0006825629029468581,-0.0029628636028381605,-0.00693953153785599,0.0002714782560569462,-0.0005625090477067848,-2.7446572234683576e-05,0.001430526281320099,-0.0010203788635496664,-0.00026944503681527863,0.500516224134429,0.13934281667011145
0.008111574860650526,-0.27891925549228386,-0.029667454842659195,-0.005977362084679302,0.01351074511115627,0.0011696573192565803,-0.002688806088156373,-0.006701893794290593,8.490480879221797e-05,-0.0006313144634774743,-0.00014501314511074025,0.0038748256832862845,-0.0006578593881468785,0.001251963358476764,0.500516224134429,0.2031309359772473
-0.08272925143203899,-0.27539929673405744,-0.02752475331101253,0.0092027442536045,0.0075448413931036296,0.002788348088178628,-0.0021626472215265213,-0.006910225458396924,0.0003603372339185647,-0.000749371567510274,-4.316427105175568e-05,-0.01502114401618333,-0.0010790626503567266,-0.0015944268189503027,0.500516224134429,0.10719915162215311
-0.007517080265346926,-0.24169115108836517,-0.017271675239992665,-0.004406621397923844,-0.1039569605947888,-0.06893324477119118,-0.0025512807344352465,-0.005187220061234927,-0.0003753619757782659,-0.0011276883928563216,-9.928487645575074e-05,-0.01671269110990439,-0.0005646088250815127,-0.00013220655369604447,0.500516224134429,0.029989148247381605
-0.04712748760192005,-0.2598588421855975,-0.034094318245249465,0.012946492493279364,0.007303559685556287,-0.012272142127999748,0.0011495091729375937,-0.004257796084695159,-0.02057977178970985,-0.0013519101688775547,-4.0273790095766887e-05,0.0022690879036285343,-0.000947060711638203,-0.0027315595927304135,0.500516224134429,0.14092371109132082
-0.006793561607019564,-0.26680459956530805,-0.13262990882660186,0.006486848257634533,0.009416819874576923,-0.022714064284203157,-0.0003416753487111722,-0.0040847364937284655,0.00010522786144233431,-0.0020576464836565187,-2.9587841426012944e-05,0.0025318809713881776,-0.0004953260155573877,0.001761928365912354,0.500516224134429,0.08486782299917577
-0.010096034330269368,-0.28007852494504015,-0.1266185081116873,0.018511444643315007,0.004917700080996046,-0.016549790305414088,-0.00814456719448912,-0.005372774673819673,0.00023124254386995547,-0.0025650852436887753,-1.2759637946429394e-05,0.0026975206139366954,-0.00048805498128172057,0.0012422787280221912,0.500516224134429,0.07819031132093675
-0.011535104588988961,-0.2417398248121233,-0.08940475878486431,0.010757543111291385,-0.07678640765524712,-0.03486740289514022,-0.0013388367863840817,-0.004060791150022572,0.00012605953634259271,-0.002137260690259448,-2.743494045613411e-05,-0.017889400450509144,-0.00044669615687118993,0.0008322593304247492,0.500516224134429,0.03199816720162472
-0.011986744116165805,-0.2626321268610879,-0.08662093074029309,-0.009475356868125508,-0.04284734906423815,-0.04743584685564853,-0.0009877768368629206,-0.002399718098193527,7.986765892467348e-05,-0.0026593664639199986,-3.710017035132436e-05,0.004137464473209436,-0.0004876774347480401,0.001954705348333364,0.500516224134429,0.039118268105266016
-0.0022452901069606223,0.4387587317210848,-0.03832390548832838,-0.0010271499246311284,-0.0034332325994995755,0.015389844414383524,-0.0005858000418861418,0.0011934768543003218,0.000824485723384893,-0.0007923422965466255,5.11947786839166e-05,0.0040605912722961116,-0.00016139089275690822,0.002659381072737397,0.500516224134429,0.9168848186206964
-0.0009184435321020548,-0.26679873932436526,-0.1515969924074184,0.018304629919864597,0.009030575134019982,-0.001796631729819529,-5.1933219728921214e-05,-0.002760186171275118,0.0005841668023912615,-0.00160329454797613,-2.221224014221944e-05,0.003358596669032526,-0.0004918549349722952,1.6006143798871806e-05,0.500516224134429,0.10576991069574086
0.005482118578817966,-0.2710906731865705,-0.13735350721469997,-0.018744471782260887,0.006007957268838488,-0.001213811211001723,-0.00120225026144132,-0.002770581710196778,0.0005386120812302451,-0.001370088021787385,-5.473051085513099e-05,-0.020275984860494,-0.00046509637606257726,0.00013155185236493933,0.500516224134429,0.05813526878031392
-0.012690086214394736,-0.22964194260387272,-0.08528465418294938,0.004883726784793004,-0.08507659589605217,-0.05391923481888401,-0.0016095747437993087,-0.002443956862445961,-6.299138750977254e-05,-0.002320690142531888,-1.6181187329999613e-05,-0.020416392744932822,-0.0004397840576217695,0.000712762769212664,0.500516224134429,0.012190628846113353
-0.012523388755918527,-0.274940521721819,-0.11633691584109877,-0.005829527805202919,-0.008425606470907093,-0.01086978875241286,-0.007275314473187852,-0.0046826425110019065,-0.029747281672575798,-0.0021636868406570945,-1.8226422030741596e-05,0.001857445509924032,-0.0005151324274976023,0.0004382976486807299,0.500516224134429,0.029483933598727946
-0.008767423494532526,-0.2640802281208523,-0.13213857645338659,0.00984766813647944,0.01057521333569939,-0.023138735984605596,-5.887159935808049e-05,-0.001991411179031548,0.0002609029686344164,-0.00198897826687396,-2.145278963879944e-05,0.003391736872164026,-0.0004911068714804958,0.001389970230344081,0.500516224134429,0.09330493091799534
0.009392483256794619,0.3544565757796532,0.02590621525660446,0.01211723173840156,0.026408752937956286,-0.019721719310670675,-0.00042774083624097536,-0.0012002371840309006,0.0005349289304872869,-0.00027499172247560336,-4.515856378620012e-06,0.0016552997293322609,-0.00023376315417436246,0.0024596889686666714,0.500516224134429,0.9115844326683578
-0.015166907070846116,-0.2318403563610981,-0.08685267075528018,0.002912349664669806,-0.07819045502976954,-0.05066398641789013,-0.0010624757905678445,-0.0023526058383387246,-0.00021418795110853786,-0.0024228247782504997,-4.411822108740292e-05,-0.01606327035250902,-0.0004580906508341056,0.0009935478604641281,0.500516224134429,0.019090172441985923
-0.013931616161164891,-0.25122812689077473,-0.09808044968439228,-0.02133278856625733,-0.04457203638506054,-0.03895323068282541,-0.0014918745483579864,-0.003402152235737317,0.0002202543426952641,-0.0022812428572629283,-3.434636351598207e-05,0.004393949044951001,-0.00041326406858736695,0.0014703269730520921,0.500516224134429,0.03087962605119449
0.002403199107619018,-0.2636717966863902,-0.15233361216197602,0.01768628043236044,0.011558872548590155,-0.003360541863324506,-0.0007423492889499212,-0.0024376653658090284,0.00033808809649307786,-0.0014182297999837759,-3.0751903114816686e-05,0.003961935541215218,-0.0004771065476676236,0.0011897883768801677,0.500516224134429,0.11318233462037595
-0.004260068824183879,-0.2746811824341357,-0.11817906468507505,-0.010551518406890545,0.007262742093884891,-0.0009231992534718417,-0.0018366648474165822,-0.004228390489675868,0.0005483971911188341,-0.0019372141959681586,-4.9799984940233264e-05,-0.015647456630287028,-0.000591877963425913,0.0015314759933360716,0.500516224134429,0.07697240169730127
-0.014682469614685162,-0.22139001362341648,-0.08000427126786398,0.00565861924190427,-0.08331773318309807,-0.0667555037278462,-0.001134910941574731,-0.0010758653400592193,-0.00018779140860840504,-0.0021715774108739864,-2.3658953183867773e-05,-0.01901003050931907,-0.00046891250549133947,0.00037330718871159146,0.500516224134429,0.016325412079027712
0.003752595093967675,-0.2459808341320374,-0.1449559783608927,-0.018704602198913328,0.011522793791845369,-0.010843280328466176,0.0008667238487793183,-0.00456461434899138,-0.028399147473005544,-0.0012567559253786906,-3.8644642530302176e-05,0.0019592871717612234,-0.0004265008683293958,-0.0003873319240260334,0.500516224134429,0.06305993383821576
0.01784533454724595,-0.24881675589028793,-0.13602005293528227,0.013127602168389464,0.00492699641223902,-0.020042782293621372,-0.0017228510755808368,-0.004602049741226727,9.531201924385763e-05,-0.0018856149896862404,-2.932609361754086e-05,0.0038859137877493583,-0.0004820764183202872,0.0018952971334855917,0.500516224134429,0.1286911707651634
0.025037146085777482,-0.2237038947912134,-0.08355536407077466,0.01139570064211237,-0.06826789265869163,-0.05016750691107347,-0.000704740378319414,-0.004486917745769429,-0.000160340407442388,-0.002377480675368277,-4.281662095780232e-05,-0.01890073267434007,-0.0004145508759568847,0.0014090558499613365,0.500516224134429,0.08557588890237669
0.015966807610109005,-0.23641096243277335,-0.09744586532756726,0.007256343716280266,-0.043007202911261866,-0.051426084823438516,-0.001991247615415501,-0.006104760332511146,0.00012063182613132188,-0.0022465705968838473,-3.296115179234695e-05,0.004935044007505035,-0.0004402812499808453,0.001777223168699928,0.500516224134429,0.09146633802153367
0.0006458158088662728,-0.25757188347721754,-0.05583372907206551,0.013524697094920995,0.0036477592942163128,0.004075772305275378,-0.0020377126873921936,-0.0024690291295389345,0.00018118557870759367,-0.0009628665652296631,-4.305046626390047e-05,0.004020093681737292,-0.0006470034940669417,0.0007168504294827656,0.500516224134429,0.20776312343586528
-0.022364771380041587,0.3796829383353449,0.04851993302291092,0.020866277298574903,0.029238103028323872,0.00855514717899651,-9.166599158126409e-05,-0.001260979947690888,0.0006345705371529413,-0.00024799506219361206,1.3802177520846927e-05,-0.010464761930860822,-0.0003184954006530644,0.0013029664747443636,0.500516224134429,0.9545812924749807
-0.004389655973565426,-0.22232406720548548,-0.0021601778590408733,0.007490126688675049,-0.11760680349218616,-0.07182207107296874,-0.0009692189845973576,-0.002696975687352178,-0.0003995835876742321,-0.0012547325864328293,-0.00012814549193832886,-0.01727980840826288,-0.00045401601263678654,-8.645396886752961e-05,0.500516224134429,0.06643464049209888
0.008501611440644341,-0.2534801594510504,-0.02324877948196039,-0.0023015436831595815,-0.01028334365096082,-0.008416274795273107,-0.012596933520878874,-0.008780154514516332,-0.02633584970117465,-0.0010132083764446472,-0.00011179125270957648,0.00280418751780041,-0.0005109128612186713,0.001011326019312868,0.500516224134429,0.16575439782284396
-0.0062302537790810105,-0.24790126124909212,-0.16395310829787318,0.015304100760270587,0.013012996239255625,-0.01456015843601934,-0.0014353194556951934,-0.00460003427461427,0.0005746145221849912,-0.0016486027420367095,-3.2356555842297096e-05,0.002830682516018756,-0.00046426322188860024,0.0014227353391941197,0.500516224134429,0.09283599549921431
-0.012979566064166375,-0.1992349321202983,-0.11019772014415204,0.005682020716101579,-0.07936219164907117,-0.05237685390032897,-7.456941484757071e-05,-0.002011162772732888,-0.00020874224411947037,-0.00252227443958433,-7.148741065812312e-05,-0.015594358324281476,-0.0004351891815895443,0.0011430523732450385,0.500516224134429,0.03227224955794919
-0.010605003733555175,-0.22527286828790524,-0.12224645026360301,-0.022979983898498754,-0.04630161614927974,-0.03970164175109486,-0.0017602233941290306,-0.00403213246950341,0.0001826053816548368,-0.0023235556404169553,-7.440106486737493e-05,0.003852129392884046,-0.0003920556006487093,0.0015722692025867868,0.500516224134429,0.03043329585805654
-0.0008260043226032153,0.41400370004986636,-0.06532468786915989,0.026624425542168064,0.025667792908282944,0.006363035478793845,0.0008126907593248968,0.0016007082457129367,0.0010572411365213886,-0.00034164308046801895,2.045408453103689e-05,0.0036975536123122097,-0.00019412860796846483,0.0009441949917881269,0.500516224134429,0.9146215570635349
-0.012010805264431898,-0.20135918373808334,-0.08472882937970654,0.005911374458471003,-0.09143824860711822,-0.06686115232075232,-0.0006914124743726699,-0.0009078211484389467,-0.0003747527061555354,-0.0020698820303370943,-6.206895237785406e-05,-0.01671575248839792,-0.0004564110330292124,0.0002708693054711923,0.500516224134429,0.029022147755173155
-0.0012527724725254277,-0.24242530748342353,-0.15266128133951012,-0.002925213245286227,-0.006838292325636911,-0.011483003805074065,-0.010176857334854605,-0.005216256242632082,-0.031428431417480834,-0.0017257764438344282,-1.8266072526855646e-05,0.0014706754411998551,-0.0004552332931048599,-9.354513545022913e-05,0.500516224134429,0.035286662964293926
-0.009764991775380798,-0.2335599752182585,-0.1723203952188062,0.012499600625869588,0.009402901368514767,-0.01546768066402979,-0.00011937114000950672,-0.00407389884612364,0.00046805703316796465,-0.001973113081275334,-3.4838482271424836e-05,0.0018740095075290776,-0.0004581547773068931,0.0010249809934250779,0.500516224134429,0.08801335445947668
-0.0007321610811531719,-0.19192507164428105,0.029232633907666714,0.005928406815381455,-0.11525131429741206,-0.06487396416936342,-0.0002158256678836009,-0.005834961616857113,-0.000372770705635336,-0.00147582619774653,-0.00015080126103569116,-0.021309674746867117,-0.0004203555236722033,0.0008721005993374345,0.500516224134429,0.1339866385449115
0.01527861531569484,-0.0894205252486566,0.05037749215985605,0.0022206849183702116,-0.06936454056561944,-0.05820656713644937,0.0006966212648904674,-0.002992816620264317,0.00013368235895685828,-0.001134811417055209,-0.00010902809563304535,0.0018738355964153907,-0.00036209778489307824,0.0035812678238541624,0.500516224134429,0.35308803670389977
-0.010125010202395172,-0.1008401470844331,-0.15637978472598382,0.0041482754366244075,-0.08914825172272096,-0.06503862185386611,7.614672255345686e-05,-0.0006416524778901068,-0.00021166322051757372,-0.0022618164745006656,-1.9868706979848697e-05,-0.015711890221820495,-0.0003515701042919297,0.0015290048645248992,0.500516224134429,0.06553937436273559
-0.005757467062602314,-0.1388428967370637,-0.0017675367774951517,-0.0003109958822740836,-0.007375577516594034,-0.0068837808886447515,-0.012294338956862591,-0.004986175470160057,-0.030800073185376645,-0.0010649711398048592,-0.00010189854983301956,0.0012562557929434951,-0.0008038266962196802,0.0005091482698678961,0.500516224134429,0.29129208933431316
-0.05916277487401002,-0.19485563965159033,-0.07817780304956108,0.008322408071321532,-0.06879796239653631,0.00809705624423001,-0.005328319287745055,-0.0065283757768774976,-1.0048337397632806e-05,0.015260451031019903,-3.393897983802959e-05,0.004304165915711215,-0.0011487902684807765,0.0007786075770032494,0.500516224134429,0.12323526035168189
-0.0038701464846365103,-0.27363370004214427,-0.007115262961840937,-0.025541462968837067,-0.006819949442473452,-0.02016047186242828,-0.0036823228284705457,-0.003228352320253737,3.706105181101264e-05,-0.001002175582546742,-0.0001469938059563831,-0.007461371093269303,-0.0008409706806264277,0.0019547852043946255,0.500516224134429,0.14900489031715497
-0.017589130169620396,-0.2620354439376916,-0.03781592353929924,0.002005496714977692,-0.06350345453861227,-0.008526694508022547,-0.003075637229213869,0.004085808913064407,4.895653331410562e-05,-0.0010723526719786383,-3.22874319466474e-05,0.003910449758206366,-0.0006913039324494813,0.000590815624980254,0.500516224134429,0.11681552372014066
0.015395909252270223,-0.26419409543854344,-0.03752369820969377,-0.001506130984929651,-0.05840391026853126,-0.058366237144254735,0.01490132711574959,0.00652486056478955,-0.0002231359559918037,-0.0013410608408209194,-6.919156964487344e-05,0.0037847957048580813,-0.0005451930400616023,0.0004550588551031052,0.500516224134429,0.1194055221747314
-0.0017561921011663342,-0.276224587338664,-0.016004074724724468,-0.005186713586735644,-0.005070373471161742,-0.015560241386628593,-0.005112897942585915,-0.0036664534441512497,0.0003134023054008217,-0.0011054771387302815,-0.00013293435894695088,-0.014326362577329683,-0.0007881354848343452,0.0019569688430618993,0.500516224134429,0.15785215172723616
-0.033101529952896655,-0.21086416405379202,-0.05735921607180026,-0.02051428055435749,0.005641857748037447,-0.005014720684810864,-0.0024566214650447163,-0.0067509209553865655,0.0002600757411398821,-0.0009534295676528794,-5.647572386233154e-05,0.004759342009326983,-0.0009908106710080592,-0.01337624691767862,0.500516224134429,0.15973908301464684
-0.0641527560065429,-0.20911484961566604,-0.04586435698734662,-0.06632518014596103,0.008054631386277506,-0.0030094123737909677,-0.0022935507363173267,-0.0031742197744552936,0.0001630088843638917,-0.0005123233696775398,-5.5377893198564314e-05,0.005687738321657401,-0.0009767563963231233,-0.014199621935752946,0.500516224134429,0.10474319749169853
-0.006678944128904702,-0.2740027117159072,-0.036362578356669444,0.000708409799824636,-0.0747309512557003,-0.0017079879006826032,-0.003663918106543446,-0.007376585641511395,-5.527225577145683e-05,-0.0009502333165742721,-9.253319923552726e-05,0.00343793243882186,-0.0006506675454694829,0.0010065051525558442,0.500516224134429,0.09939668810266598
-0.0028403824686650003,-0.281041810041211,-0.02215098169295628,0.007181574255781308,-0.0019889516088226387,-0.017654751645661566,0.004071111894511571,-0.007081494904037734,0.0003211679646364168,-0.0011635975251055323,-0.00013184531389476043,-0.011466003048597156,-0.0007526651692759623,0.0011750267625147393,0.500516224134429,0.1669926215936481
-0.005114292298739666,-0.2716341329377521,-0.028858574758226008,0.00035682967379188,-0.058036042288253986,-0.04913679090497699,-0.0031779652947732445,-0.0030971749457972446,-0.00024286154745642544,-0.001135752396963771,-0.00010546647943792656,0.0012914806915648163,-0.0006047261628382018,0.001007932204632498,0.500516224134429,0.08202868668920668
-0.03746531478935659,-0.27135438620587504,-0.05159485995382568,0.0010586206499681684,0.005654150296792174,-0.012142680474806036,-0.002649327059972316,-0.006889397152623359,7.754539179604453e-05,-0.0007498884505437709,-3.1163495838032796e-05,0.0023160636099269077,-0.0009397539899896491,-0.0020261784434456712,0.500516224134429,0.12377965406664021
-0.025009125010241263,-0.18061370906395946,-0.05763496660696804,-0.011589354645697816,-0.10041644790800859,-0.05377152149542976,-0.001568570172155081,-0.0014913706469028094,-7.088448631871607e-05,-0.0009280069482770453,5.701548079634488e-05,0.004623157479651784,-0.0009816597292459728,0.0015850056062083724,0.500516224134429,0.07270578598788506
-0.003963537143795499,-0.24752371991220357,-0.11474967931042139,-0.02810488398584667,-0.044313894911552285,0.004332911128652873,-0.002085351214278353,-0.005406030423978369,0.00028543308406396556,0.03341059522353008,-4.0569404779233546e-05,0.004552276170638381,-0.0004100207563439876,-0.0002764951723606141,0.500516224134429,0.09622325750575811
-0.04745114908878571,-0.2511123030353839,-0.1010891938152245,-0.02208757490491803,-0.006708954446680493,-0.020240958038819843,-0.0014008102059799776,-0.0030536597006918607,0.00023861484777225274,-0.0014332083011966406,-3.3483992113848226e-05,-0.015015338658083237,-0.0007200902565212073,0.0007824553579005072,0.500516224134429,0.031190569895705372
-0.012760083303221516,-0.22730185479072865,-0.11579705096920483,-0.0024435039895461643,-0.039654253633246324,-0.019777610947787343,-0.0017858441165849042,0.006809412830203536,0.0004167520344369974,-0.0016983347662137503,-3.683921714328643e-05,0.00549519788130231,-0.00046199040719566153,0.0005633673893406406,0.500516224134429,0.09208358812884368
-0.009075706287417057,-0.2403389564183644,-0.1065117538492772,-0.03483561555843117,-0.03625801227567255,-0.03372112054075591,0.006881118771131501,0.008610702364875962,0.00014047260031104932,-0.002261899213109441,-4.577820663021513e-05,0.00481574067286606,-0.00036558006589847234,0.0007498641346263216,0.500516224134429,0.05829970026268728
-0.005685561657979661,-0.2502584422153804,-0.13094642758092398,-0.03577988088679865,-0.006561865409540007,-0.010962566944001897,-0.0014677780648841504,-0.00359356021368213,0.0002801730116422785,-0.002174861940107431,-6.231336721928505e-05,-0.015018087628493342,-0.0004698562368924052,0.0007328588085776565,0.500516224134429,0.03854805380874886
-0.01728003367022668,-0.16560399332139847,-0.13320056382837497,-0.05444674831153621,0.006052173693406669,-0.012516349191290363,-0.0013006821806440833,-0.004754542287742891,0.0006917375203791185,-0.0013907912144620839,-1.2911639391220033e-05,0.005005487305370315,-0.0005555055174249338,-0.0038796740961972403,0.500516224134429,0.11732382739489909
0.010223184068937801,0.45160466317636516,-0.06488430138956272,-0.024823949395936903,0.01687281112105544,0.014336222251242469,-0.0009463204586847888,-0.00031704937404945576,0.0007213736538972043,-0.00033469304363152423,2.466374869014701e-05,0.007200392991008172,-0.00013972308995784702,-0.004881392926218573,0.500516224134429,0.9051721054675878
-0.006375354451741157,-0.2577799802376199,-0.12358313441549848,-0.02420953427187755,-0.05078159592693169,0.004649885793363571,-0.0018891160996839533,-0.004747350964120034,0.0003624058855420202,-0.001704426656769923,-5.898146301917761e-05,0.0033413662939206106,-0.00043828137442588185,-0.00024479039304719857,0.500516224134429,0.03705733585252495
-0.00792957985399217,-0.25165678672804703,-0.14065582466388904,-0.026722728082162524,0.00585398713020887,-0.009777343517156908,-0.0015881795814265494,-0.004537297858532922,0.0005409523054674434,-0.00201583364029507,-5.433534308810357e-05,-0.01579137415309181,-0.0004683354389846536,0.001471453072807824,0.500516224134429,0.04718499778224958
-0.010527325898871821,-0.2381096700044825,-0.09820464372075405,0.005025858915187322,-0.04645339132323165,-0.03625204527534262,-0.0017254483368551302,-0.007739558445221944,0.0003005745836370226,-0.0023544334261011136,8.378601885726904e-06,0.0030864681251203526,-0.00048583975112848033,0.0005413376120871878,0.500516224134429,0.06762648579036143
-0.008768993358202738,-0.2823787122662303,-0.1439330549891729,0.01562877136851813,0.005487091581346113,-0.004611967457662253,-0.00037877289354432966,-0.003613602308629046,0.0005595817832177311,-0.0018049887474936796,-1.404717255552744e-05,0.0021175102777018337,-0.000530313830003768,0.001333021738358277,0.500516224134429,0.07960774786008191
-0.011448855228818347,-0.21174373892891268,-0.08575317701534076,-0.034445176426895215,-0.08627919917449903,-0.043471757423383724,-0.0014748298519890973,-0.003611338660234066,0.0001858510980782045,-0.0025506623458073645,-2.1476771176036287e-05,0.004725953924493751,-0.00040387741881062726,0.0005009554002499935,0.500516224134429,0.024724895311387253
-0.021903978221128637,0.4125564734164632,-0.0034819455949098355,0.02814363635112257,-0.054253429619462556,0.025374432880707048,-0.0009356820192436444,-8.341021833249483e-05,0.0004903545487354515,0.022880292180195806,3.130347882745263e-05,0.0034417866095664148,-0.00029429924684890117,0.0024771862584379843,0.500516224134429,0.9149589449385651
-0.002010191755535171,-0.28440629804264417,-0.016556370655597737,-0.029107118155040686,-0.00773175122422036,-0.031718086428478565,-0.00036656801795428205,-0.007958249737300754,3.533931224633905e-05,-0.001590888247884116,-0.00015882087967864856,-0.014710102095230172,-0.0005939243920070093,0.0022777612540655187,0.500516224134429,0.10592095506917343
-0.05996461310712653,-0.2664291561861149,0.052091146615355334,0.009578651896781597,-0.04780594784251502,0.0008462757020506422,-0.0021903044753130074,0.015685868015478863,0.00020909689699407763,-0.0011884397253779466,-1.9416520168436376e-06,0.0022285056639678256,-0.0006964152223750582,0.0006696393245342228,0.500516224134429,0.20354859003875628
-0.0029476984755032443,-0.2871704429442074,0.05472289819535785,-0.002279935471415944,-0.051139061071122004,-0.07075263569327678,0.0023900483270816544,0.011049453859422687,-0.00011452368827793213,-0.0016379324159791768,-7.852332322157214e-05,0.002515619741530521,-0.0004843626419823214,-3.088753815501221e-05,0.500516224134429,0.15455824099468488
0.009402972026863193,-0.2779432115441461,-0.07735602518116239,-0.025590471964185475,-0.00879649236022143,-0.020683000414267565,-0.0019102059175821866,-0.002328832988907722,0.0001418660105058282,-0.0015982601387070586,-6.368733128516884e-05,-0.013933793556920872,-0.0005233674034404482,0.0017946796301290427,0.500516224134429,0.08112839300110455
-0.03996945710085759,-0.27169488962159055,-0.11144270388057109,-0.02094232311202802,0.016418107163463536,0.0036331718666241125,-0.001776377466523072,-0.004631506022834106,0.00032657149964563997,-0.001222635226443064,-2.5022471848758483e-05,0.0036265476711393177,-0.0007192208321537516,-0.0063867629965933806,0.500516224134429,0.06570972360386186
-0.01381950006454736,-0.27243213775738595,-0.08951071260800368,0.010941021548467158,-0.04527232840154364,0.007050063969857545,-0.0008401280472036102,-0.004294759866214519,0.00022517312352924148,-0.00201233253439701,-1.9991483617748176e-05,0.004864177389620577,-0.0004675294609814463,0.00194648352288166,0.500516224134429,0.09687372346489527
0.007866846928869208,-0.28519303318463807,-0.047270877953984033,0.0086481055235061,0.003402575646007729,-0.016986857093351435,-0.001965131451035741,-0.0057035371651477105,0.0005953110204690862,-0.0014300888841888117,-9.036876237427313e-05,-0.01895346578518569,-0.0006495830213263929,0.0011246111944921812,0.500516224134429,0.14391073114654396
-0.006124589206176549,-0.2623676046455042,-0.030804293854375324,0.0034044229403761175,-0.05036366912233378,-0.06374705188960414,-0.000736892710872548,-0.002208148843562484,-0.0002247399249571108,-0.0017436565065320835,-2.6537635865883764e-05,0.00278718973245087,-0.0005474576120392277,0.0022452586079117734,0.500516224134429,0.09005845346334843
-0.02297123158453348,-0.29386580507391935,-0.1116462191034505,0.01597510191932195,0.005727757561459638,-0.0029068257762561935,-0.00162811927195595,-0.002897462666015739,0.00041777572662399313,-0.001549412026016118,3.0002321000179165e-06,0.0023184109576157544,-0.0007466252883004071,-0.00021398921505429868,0.500516224134429,0.08653258052605299
-0.010124484692230566,-0.22587774414406991,-0.07956352359592649,-0.02809582330610761,-0.0844468782425291,-0.052685191938857553,-0.0014838957679924436,-0.001147491154990899,2.414029055872904e-05,-0.002894131909640327,-3.825159765070723e-05,0.004145353909645425,-0.00040750187035100877,0.0014935325926532907,0.500516224134429,0.01941433270694295
-0.004241050639071082,-0.2588104990108655,-0.1220308971057377,-0.022901633367310922,-0.006113899633629124,-0.0160441406125628,-0.0011525914956227014,-0.003245548678405435,0.0003406089519117199,-0.0022891972663094265,-4.779352865218924e-05,-0.01570399575558825,-0.0004756678013015249,0.0017740531659747886,0.500516224134429,0.04957397135726186
0.00959947139662959,0.4112184731879084,-0.034977614084673536,0.019066705267525203,-0.0336087598143511,0.01293691458532042,-0.0001471200280661053,-0.0030383343005749353,0.0005421912009201403,-0.000598262350707887,1.8861589454259063e-05,0.0029749176797325807,-0.00023745816586015343,0.003863365486986122,0.500516224134429,0.8881295757846766
-0.00957466465854426,-0.2576911971073436,-0.09111991750341562,0.0056238467125933455,-0.03458629942067843,-0.04353176187122853,0.009448060029131294,0.011527341429743598,0.00010396239864360179,-0.0021377753668853842,-2.7120206981112796e-05,0.004300009761060851,-0.0004070706661615094,0.0019668781515196497,0.500516224134429,0.09441051581588736
-0.0027692352205219233,-0.27220554643788225,-0.11885560222212659,-0.026887011851498093,-0.005095111716024243,-0.01624376414101554,-0.001484720553287336,-0.0020771638149684746,0.000337369605274687,-0.0017858496870832863,-5.1572405715069356e-05,-0.016379577393551177,-0.0004353481229824096,0.0016117465940231595,0.500516224134429,0.03819483676707346
-0.003155916939547038,-0.2707582323276534,-0.133812158540138,-0.018736663541177357,0.012025256142875557,-0.0014176329071793527,-0.0014401896059811176,-0.0047820998039899,0.0005616376862085635,-0.0012946352694963442,-2.7408471632719484e-05,0.0036047239377286168,-0.0004381507711402232,-0.00808689528538624,0.500516224134429,0.07275785843792419
-0.011413079660852992,-0.27114531159979804,-0.11466683274885968,0.009445287717578072,-0.04777834210163476,-0.000560873059415057,-0.0016924375185686702,-0.004499303653699099,0.0003130453005294265,-0.0017492496610828408,-1.9930564202094113e-05,0.004408261394088939,-0.0004550411884256669,0.0008258552515866924,0.500516224134429,0.06152827204167898
-0.0033872067342791733,-0.2755418945507255,-0.09755811661618405,0.007065682162562713,0.00778147223270176,-0.016353487553532952,0.0005457161770327282,-0.0036953736138768253,0.0004231268022858828,-0.0015977773288123923,-2.685521441730146e-05,-0.014773193045641746,-0.0006115617026031264,0.0003416733290108585,0.500516224134429,0.10312842847795238
-0.016244991526076,-0.2637975279843638,-0.09374321904387757,0.011461464429878268,-0.042782814969658106,-0.04078279859742599,-0.0017754264568218808,-0.004112765410290289,0.00023005355157617333,-0.0023324014497385416,-1.4073586174667405e-05,0.004258916456369973,-0.0004494925695900908,0.0020239811161923255,0.500516224134429,0.05245512809443343
-0.005188016920463282,-0.2968906213153689,-0.11922909454840465,0.016553261082444592,0.008067985225433536,0.001656615124221733,-0.00023823781308885612,-0.002271155642724448,0.000610645270576784,-0.0017618326040721578,-4.241928104775079e-06,0.0018055087810395954,-0.0005023521759207111,0.0009496404582503523,0.500516224134429,0.10407432712825349
-0.011584921077141947,-0.22442171380598025,-0.07870480926707427,-0.0254262691722315,-0.0856895706377649,-0.05244584387508798,-0.001593968327226524,-0.0021831381162360614,-2.000851735703252e-05,-0.0024957829004243256,-4.505643011684983e-05,0.00463652568529898,-0.0003859876067205025,0.0013554694704229799,0.500516224134429,0.021511149556792078
-0.006317052461124338,-0.2576390941881781,-0.11757971911565622,-0.026901793870253467,-0.006159452996190468,-0.01564743068047552,-0.0011745471743750272,-0.0031170157097386384,0.00032260962917763655,-0.002315679256532176,-5.0719586513851944e-05,-0.016867548274472056,-0.00048746607912515037,0.0014223245976415452,0.500516224134429,0.04800363896861628
-0.006375645671588117,-0.2501970034487751,-0.10135734839868672,0.0036125175539075227,-0.03600074793972082,-0.050320417154985565,0.010135950817805115,0.008738596368978942,-0.00012552742902842228,-0.0020311229460688077,-3.197770474932955e-05,0.00333083222858495,-0.0004448467000741967,0.001700571250496172,0.500516224134429,0.08115005496052902
-0.0024524830094883854,-0.2701255939532541,-0.10231946962905344,-0.02534984568039838,-0.005583050525088745,-0.01806573085787335,-0.0011937961626437836,-0.0023682624650245457,0.0002810142872078631,-0.0020247028103586046,-4.583490944866324e-05,-0.012607270515757645,-0.00047908376990498145,0.002166389414855339,0.500516224134429,0.06034850354820074
-0.01427344747784178,-0.25168289383328735,-0.14595938673493342,-0.019612355723243716,0.016806235718685683,-0.00219259884444003,-0.0008391949573976383,-0.005330793648402569,0.0004874236445595178,-0.001839686244715764,-3.419031653349312e-05,0.0030230726015841865,-0.00046957393100536583,-0.0073052662802728175,0.500516224134429,0.0712935681071878
-0.006648172674623506,-0.2727425122864167,-0.1044035634935217,0.016705112070003393,-0.04465133516136041,0.004397840007747088,-0.0017998419786760702,-0.005281132212775657,0.00031555672453068234,-0.0017512636343283462,-2.610235957655727e-05,0.004721886165338835,-0.00041286599700642734,0.0018557380532837648,0.500516224134429,0.0907955673570526
-0.028663601433543327,-0.27409660969456384,-0.1076968690361401,0.0005612293273629547,0.00283922384384161,-0.015517460687721968,-0.003690991972280572,-0.0037121803138961173,0.000547294571992919,-0.0015663295235138497,-1.866572561894798e-05,-0.0160387951761298,-0.0007289389013168574,0.00044361446505249505,0.500516224134429,0.0531771438779574
-0.012395544397833132,-0.2607270389029071,-0.09559687244291915,0.00012141795493039007,-0.04370907667602803,-0.055062507404963275,-0.0016907654683167993,-0.0020448491223716584,-0.00012554574223869102,-0.0025510686132971267,-2.5662528722884816e-05,0.002736806337118999,-0.0004574801775141712,0.0022151577255726243,0.500516224134429,0.03120319467494392
-0.006859546679282554,0.4202620966741611,-0.034629961535297564,0.026605472456949688,0.02384346785839145,0.007876804989700503,0.0005809297852567409,-0.00019010207910020806,0.0014128961301481024,-0.0006805080254392417,2.3160578342547703e-05,0.0015954589624255445,-0.00020214864334815042,0.0024403982274825704,0.500516224134429,0.9425946428348233
-0.011563272229455494,-0.22401463403701488,-0.08832128892958363,-0.025957824670028922,-0.08635684497484437,-0.0471241667615769,-0.0013197521599893232,-0.0021542785886097325,0.0001236204247765352,-0.0025749371702000375,-3.50104159462988e-05,0.004616766094780934,-0.0003841200576120685,0.0009427902179713124,0.500516224134429,0.016393270877099374
0.005535261243523311,-0.2580111331294317,0.027752814854577732,-0.027994024847978267,-0.0029695760130505266,-0.02905146690917317,-0.0021191983882425398,-0.0037465310970475458,5.397649384766921e-05,-0.0011109094497791197,-0.00019247357839834227,-0.009989519289789191,-0.0004833796387868955,0.0024590040100445497,0.500516224134429,0.20064906839474778
-0.009478511476707594,-0.24764931125266548,-0.09942749811891402,0.002921696799893917,-0.04006507013658884,-0.054095682257371644,0.006090805398361029,0.009361823366529541,-0.0001296601593541407,-0.0021457340543638835,-3.49006828654438e-05,0.0032575984419113612,-0.0004554291449346426,0.0016983545423149451,0.500516224134429,0.07036470539967835
-0.0032808049334967834,-0.2493014654181538,-0.1460837233522244,-0.02490636104275679,-0.005886609396675978,-0.013252951321116964,-0.001573265162593756,-0.0027535842961109104,0.0003256535894415183,-0.0017076604150411921,-5.270076320548348e-05,-0.016666654234760044,-0.0004172366646588342,0.0006325320911572531,0.500516224134429,0.0355913928142358
-0.0004905444018273572,0.42708826929516,-0.043442342147477324,-0.00594589002541893,0.024724984012229962,0.014713648362577008,-0.0006809057497647584,-0.00013231812049677706,0.001075498650942914,-0.0004990685210448106,2.3220977809464248e-05,0.003616599026047073,-0.0001457539714361973,-0.01034095998136051,0.500516224134429,0.9100806615403727
-0.005316051486189521,-0.2572373993847163,-0.12370219259172653,0.007607004829331561,-0.04991979315448308,0.0022645176894786185,-0.0012582215025363987,-0.005425038484608654,0.00034444165981976937,-0.0017077799876887034,-3.241162132431331e-05,0.004502002445365075,-0.0004042625834005191,0.0011368975566061659,0.500516224134429,0.07136793751836092
-0.0019205641000540538,-0.26596684985056357,-0.12005168560188781,0.010054096476906344,0.007911427826253797,-0.0174752048508997,-0.0014485438530097122,-0.0026229429644406767,0.0006120127148868291,-0.001806454751732136,-3.3390859333346225e-05,-0.0144621559321969,-0.0005782261587035555,0.0007515999544451087,0.500516224134429,0.09347934218410342
-0.008167876514606046,-0.2469782954637356,-0.06909903087838867,0.0018154784443959184,-0.04910658541255843,-0.06351811775470532,-0.00037797863822720877,-0.002102111478381826,-0.0002859654102172038,-0.0018091223384434345,-8.923634065357333e-06,0.0023749954648383956,-0.0005196952577436662,0.0020703083957763777,0.500516224134429,0.06480330365837025
-0.010675204292480383,-0.21237686545050685,-0.09987578208781764,-0.03191066738743203,-0.08199603297601904,-0.042298945180142426,-0.0012256644443836722,-0.003120210122814772,0.00011460045322670075,-0.0025432079600710236,-4.163838221253661e-05,0.004037238587311716,-0.00037427872769893266,0.0006642425657280072,0.500516224134429,0.018893808729119287
-0.0020492286040072775,-0.23614407155913017,-0.14881058833998984,-0.02917927091507839,-0.0038007942859968006,-0.013340841587877182,-0.001047442504260436,-0.003015059897922423,0.0002906602014225325,-0.0017987234988576088,-4.49438178077565e-05,-0.013413313896532858,-0.0004216500429880872,0.0008145006964813252,0.500516224134429,0.048555456081887154
0.030907602776488536,-0.22775165408537992,-0.10213083796567035,-0.01749115055728669,-0.029766120982413612,-0.02349324429257096,0.00634039976681646,0.01713375745566873,0.00028751761903160646,-0.0017698994307353963,-4.4722151158398816e-05,0.006878045951891598,-0.00035071376289352174,0.0017748440425950337,0.500516224134429,0.16104004851881545
-0.006110092720389292,-0.23701446202504187,-0.15947624459708473,-0.02600556585477661,-0.0048741513233425725,-0.013222759310113802,-0.0020367264729095674,-0.0024384668457600126,0.0003212063601338479,-0.00166345400339107,-0.00010001837858244735,-0.01586232961890443,-0.0004007504134832367,0.0007623381592513726,0.500516224134429,0.032394747090037916
-0.013880310954585738,-0.25415202583861396,-0.11575952769172505,0.01661193810852525,-0.04361135510410478,0.0009037034728467775,-0.0007583554893127841,-0.004591744197485424,0.0003284488806370398,-0.0017803005202221887,-3.0886792524061014e-05,0.004530616807027274,-0.0004052638078466461,0.0015491519056822457,0.500516224134429,0.08947031291273147
-0.0029643504600987596,-0.25106556913528083,-0.13384467509777734,-0.0051160029125025715,0.006060760828641006,-0.016749357424817975,-0.004595149448583108,-0.002406433253273958,0.000564014003088971,-0.0018146657617646768,-4.926893938650987e-05,-0.015375727142810441,-0.0004968937844209858,0.0008630717712793887,0.500516224134429,0.07352597737672434
-0.01549195514791833,-0.23663406689681857,-0.11933590145317581,0.0013715035393862575,-0.04999278954251038,-0.03158583712030949,-0.0013542426957811617,-0.0035660724337481086,0.0002479821724264981,-0.0022309295068717234,-2.319927044485796e-05,0.0027156796823248736,-0.000445499211724815,0.0003195280145396007,0.500516224134429,0.04451042426380673
-0.025899320623887067,0.3441445885888223,-0.07338985625867143,-0.027099569453970275,-0.1773640727334064,-0.06607321614061276,-0.0033733185649708446,-0.0014366762325077513,0.0004170583320241167,-0.0014228455408566386,4.596537917271162e-05,0.00447616364223781,-0.0001778458724833321,0.0007978269039048048,0.500516224134429,0.4741611055592289
0.020361740180786285,-0.1322778734527632,0.17049026657951133,0.020886314207532678,0.01620365609027333,0.0005283252112277454,2.3876830258622293e-05,-0.0003053593284013248,0.0005152905678796913,-0.00022564612322386593,-5.02226351128871e-05,-0.007299960411157155,-0.00048212392191263,0.0035736898977687575,0.500516224134429,0.5924581978271004
-0.0020529734753391643,-0.18726734985135093,0.09269410315072216,-0.011456392339033906,-0.09484420280418061,-0.06372915518681882,0.004832645538248103,0.007868709454507404,-8.809431020859965e-05,-0.0006694078945654673,-2.6492888945427255e-05,0.005360918971270738,-0.00045547327732243034,0.0006031619781948883,0.500516224134429,0.2512862211996102
0.00769629589657362,-0.1552732198304944,0.15394739247377948,0.0072905024519324116,0.006866526200475811,-0.013529896515027213,-0.0022941716312135122,-0.0010045974836437913,0.000659012995231062,-0.000451949843556401,-4.347947362956976e-05,-0.015635704178721063,-0.0004537164192937413,0.0031404925657101596,0.500516224134429,0.491429711342555
-0.019326984213466365,-0.21010308920354692,0.07991645887292027,-0.01577507294249452,-0.11425126012332468,-0.011948921270583961,-0.0031458649360613477,-0.013208228446003771,0.00013443964770430052,-0.000407123071505319,-3.9455553000467474e-05,0.0029212488651027563,-0.0005425167632217909,0.002261372987118219,0.500516224134429,0.19700122798406836
0.005132502425384231,-0.18571492961012853,0.14460627437207504,0.009435677113187586,0.00476353163737882,-0.024121680352933272,0.0024166383533885424,-0.00523108810663421,0.0005468857898731135,-0.0004746640884977244,-8.970357122191095e-05,-0.025277828897128166,-0.0005470259084459144,0.002476067982853329,0.500516224134429,0.4284368812735827
0.008432520605755408,-0.1834291248106722,0.08680406622553292,-0.017994738149907256,-0.08412560454228499,-0.048578957006082474,-0.0020941830312898855,-0.006703657057453475,-9.814406673852545e-05,-0.00033166310691091903,-3.192176276249056e-05,0.005944280937995599,-0.0004762404628071637,0.001094537516066374,0.500516224134429,0.25892739542287285
0.07047588710764521,-0.06113406892256539,-0.00804927222134194,0.06015934925336496,1.2508277238896016e-05,-0.01802576936256512,0.019488902619219657,0.02338710803372641,0.0006615750015902985,-0.001474009367758321,3.862449669750274e-05,0.01569904930452686,-0.0003449071761548165,0.005349814924484278,0.500516224134429,0.6067610161025409
0.04553544908467532,0.04128894956672766,0.163354022038791,-0.014748931190109834,-0.002277904014325593,-0.001705517879306584,-5.241831408781945e-05,-0.0019008286275644113,0.0007962921633259826,-0.00018945892735088905,-0.00011161119912075561,-0.014101593393898415,-0.00024793444465907096,0.004722480822987537,0.500516224134429,0.7208772198205167
0.04147292523077649,-0.11580980767869775,-0.17317192268838744,0.019201254562536442,-0.014908106290342234,0.0066696512883035715,-0.0009333548800248625,-0.004377866868639271,0.00021343278636796643,-0.0016800229260705182,-4.206440799217534e-05,0.0052771031928754005,-0.00036463989966334566,0.0033456874632768127,0.500516224134429,0.26540849301875125
-0.0016294538907999196,-0.09455265569355441,-0.20214343154904216,0.01105353465455053,-0.03258205386410409,-0.04438068754836948,-0.0008784026031933568,-0.00014533766828429007,-8.153307875099915e-05,-0.0019401764955356367,-4.2776995288173646e-05,0.0020494887026635787,-0.00035480625715012665,0.0028144099983474584,0.500516224134429,0.13770234184592114
0.044673415879456994,0.08000084176711236,0.18655335157484154,-0.009419627755919764,1.8255923922178385e-06,0.00348405899051526,-0.0008347128921874019,-0.0023738425735511616,0.0009125080879254047,0.00011462483363291096,-5.719286702382376e-05,-0.005352821431788591,-0.00023159926503100946,0.00549434881762291,0.500516224134429,0.8034814028924305
0.05538472238841348,0.08630369379884445,0.10353498465121375,0.03671566205089402,-0.01980168571543179,0.0019862846261395886,0.001095577417937704,-0.005559079861305596,0.0004526224767606251,6.752113758396263e-05,-4.285260955494588e-05,0.008956085280894047,-0.00028620254989452363,0.004303322058260409,0.500516224134429,0.7736268792851883
0.06415872483446801,0.1458878132337143,0.16673091328263365,0.030362107065752895,-0.01825304427137114,-0.02036036583638478,-0.0002740982376503723,0.001840989876530968,0.00044299476419374035,0.00017280799132287335,-9.317085790151993e-07,0.007637084343652155,-0.00018739611272397216,0.0031900182948215246,0.500516224134429,0.8818638416548137
-0.06467184661222884,-0.2038472421479904,-0.05503289005587905,0.003216096487830395,-0.07893627270575418,-0.01484432549266198,-0.003227832391443162,-0.004597299526838541,0.00016103820144414558,-0.001297088223917122,-3.0517369566793064e-05,-0.02506908172972447,-0.0010496999520661636,0.0010519880344041002,0.500516224134429,0.052341250650040576
-0.08179585700369335,-0.19540925194994602,-0.03531314837867464,-0.04573615019519653,-0.04490814437626799,-0.03702553013689648,-0.002815765988967812,-0.0038842963605650537,-4.4849451755820635e-05,-0.00113227332008669,2.135415151212726e-05,0.002600612118720473,-0.0015213133524248565,0.0015415300514253823,0.500516224134429,0.05509313994161562
-0.0770406806132242,-0.20033018864526314,-0.046459669507888296,-0.05763126468055865,-0.02278241454173176,-0.0051056671752823775,-0.0028844581771364105,-0.005409797454208513,-1.1289295107992347e-05,-0.000633432654458959,-4.745805187008478e-05,0.004641693085561601,-0.0011647306300779084,-0.015158160018385944,0.500516224134429,0.07049870577480041
-0.04118928440288949,-0.18925020250049573,-0.027732767923001653,-0.025499035579007054,-0.09955914523217135,-0.051745546450759745,0.002667517806395961,-0.004685376183337734,-0.0001508363678731814,-0.0010971966497776598,-4.277923446279066e-05,-0.01817617251068728,-0.0008563856038837407,0.0007065790724784251,0.500516224134429,0.04390559237496034
-0.05793650585398152,-0.18728586826446547,-0.03903432894930279,-0.02361193506488084,-0.05910045870352223,-0.025544920489356217,-0.0019560560978709608,-0.004686918199910796,4.035723123716854e-05,-0.0007703242430390524,-7.170305052424782e-05,0.0021330541081883256,-0.001626165751459318,0.0016314148445501487,0.500516224134429,0.10269586565009524
-0.028390218720237545,-0.2106247206764613,-0.07420113252064388,0.014607039880560207,0.015254064255867695,0.00958658726250428,-0.0015517251440066667,-0.0044221500993357095,4.0098897205227594e-05,-0.00045372651104228976,-4.44589620741664e-05,0.002615522177924227,-0.0010263223581477607,0.001087754189316349,0.500516224134429,0.22299283580586182
-0.05362790766697639,-0.2174147916527287,-0.0533925144434499,-0.07393942989487233,0.009461684423860726,-0.011031786379266403,-0.002354218061189627,-0.007049485637299434,0.00015917674228084475,-0.0005464257580159927,-4.952162398621685e-05,0.0025217354694587395,-0.0015154292242309248,-0.00243350724215324,0.500516224134429,0.08930380318586419
-0.07395426617073587,-0.18596486175394938,-0.03682322693740775,-0.026759359593946087,-0.09566609481371562,-3.749482825778223e-05,-0.0017609544221895642,-0.0073549861447919935,3.691000700432254e-05,-0.0010734292203809358,-5.005625463630185e-05,-0.02426296257590025,-0.0010260568134154336,0.0007300384570432775,0.500516224134429,0.04654942306915359
-0.07015368621134342,-0.21820999578648212,-0.04206800038763142,-0.0738375989597588,0.0030451849681671396,-0.009275894140992677,-0.003210432917006381,-0.006175196120548668,0.0002381646731622569,-0.0006755762247091898,-4.955762111306445e-05,-0.02231039673725019,-0.0012282306868444484,-0.0016922779134684442,0.500516224134429,0.05491273006861345
-0.038437773800658485,-0.2037786840880596,-0.057248543857446675,-0.014057136970162098,0.002948877346755607,-0.023788333984315475,-0.002799345501519604,-0.004143251622185883,0.00020540379948489314,-0.0009257441645322123,-8.488767133498062e-05,0.0033622535367055233,-0.0009850258006129115,-0.02142043898130115,0.500516224134429,0.1393635923752495
-0.04432036752588016,-0.22686573288760323,-0.047300948372292324,-0.06523442956328614,0.01560341213501609,-0.003454924146197108,-0.0024882501483994572,-0.005659437113232545,7.484728644332724e-05,-0.0005751904713142766,-3.943386073667605e-05,-0.015532132963353333,-0.0012511147104843654,-0.0030823149131232962,0.500516224134429,0.1003902068799899
-0.04488544834717758,-0.20585731602743304,-0.04320970586019824,-0.024929125005144805,0.01324977034067846,-0.05707395146945294,-0.0022227610985643886,0.0006515401418210361,-0.00010530140544326726,-0.0009812503286191223,-8.426099811556551e-05,0.0028708588708652796,-0.0012893098344606345,-0.015210107337195522,0.500516224134429,0.12143985577599194
-0.04540754675207202,-0.20197098763584093,-0.06183472373362459,-0.02743143173687378,0.009904670792003729,-0.009124744137036964,0.016181971991109417,0.011270521968189895,0.0005071572874725749,-0.00022504037476781457,-5.635724123810793e-05,0.004976494845624473,-0.001222919153107699,0.00015364581271420168,0.500516224134429,0.1962369360669844
-0.056683461783307854,-0.18801267351967196,0.04493363864280871,0.01768128054310549,-0.1212953996061991,-0.01276178315779545,-0.00500494648183646,-0.0018661839484737455,0.0001225307827553274,-0.0011186458487217172,-3.8062228937038865e-06,-0.031019317020384934,-0.00111961929415346,-0.00024143318249034455,0.500516224134429,0.1441264040371732
-0.07497506748247448,-0.19018638767214638,0.051121072756301414,-0.0577491821040283,-0.061882562311253,-0.04280007341575906,-0.0030006119331239876,-0.0037683157470854638,8.578722765776292e-05,-0.0006871525601119014,0.0004022372872824876,0.004646752074298834,-0.001541026854289195,0.0004985634073366928,0.500516224134429,0.12068025680703819
-0.06774558165004277,-0.19161329121624404,0.059241877641309386,-0.09202117087397202,-0.040284499828506695,-0.0026395836603237037,-0.0030092135008503327,-0.005030544427715579,0.00021000383670298294,-0.00031500245719767294,6.381423663922206e-06,0.0057907066619433045,-0.0011622605512120892,-0.014932968264307477,0.500516224134429,0.14701107726768006
-0.04353449251993788,-0.16950815014624113,0.04926767077944542,-0.018457738211886125,-0.13104219384628785,-0.06557906282162924,0.007066661597854569,-0.0028442998003248856,-3.85407084085363e-05,-0.0008241611499942793,-1.1241335655505426e-05,-0.018700923135829373,-0.0009764244098883915,-0.0010744328327335687,0.500516224134429,0.10425889559291615
-0.07892374231186283,-0.18455300640020947,0.056636320672817125,-0.03503513834972992,-0.09773470715193576,-0.02992023657404613,-0.0027143919742362295,-0.005688154304825215,0.00017141235517064375,-0.0006246904700432814,-4.139978828838384e-05,0.006016477991012893,-0.001790629783378995,-0.0005417225407675903,0.500516224134429,0.12577261550410984
0.023741532170455833,-0.14430009185996376,0.12482914260952145,0.049784049135165716,0.05343943310171177,0.017883050072907837,-0.001538122149013238,-0.0013339008434573123,0.0006432273839557011,0.0002610092468357712,-8.162524177064118e-07,0.007122520218550257,-0.0007805735394497834,0.008993961589270088,0.500516224134429,0.6392606450185057
-0.06035420552895313,-0.19064536344268676,0.07978524180018214,-0.11813477618831723,0.023643184499815673,-0.009313980105845754,-0.0033797897212126194,-0.005064173564395438,0.0005233723785128254,-0.00015232871402173616,4.5478817389571866e-07,0.005066416616431963,-0.0015594653682912687,-0.0041696519885835665,0.500516224134429,0.21676115959524192
-0.05770413280978389,-0.17243235595825,0.040848274296051035,0.01878390778392691,-0.1442257332719834,-0.0023176095916349294,-0.002536326061483732,-0.008417899762133389,0.00023623421865362143,-0.0007666271365658103,-1.6540648110995453e-06,-0.03282347343904631,-0.0010726076608005793,-9.582081955430098e-05,0.500516224134429,0.1379903998570174
-0.05569595843513832,-0.19453647993145542,0.07208285184483411,-0.10769047809250724,0.009977018848204382,-0.005522370671191172,-0.003951137296051427,-0.004419665642721929,0.0002492856096921727,-0.00010847689013217528,2.5338394433236402e-05,-0.027352270366840684,-0.0011458592916368821,-0.00305538808950311,0.500516224134429,0.17937263412441762
-0.05292637859716412,-0.18193100985880314,0.09807502389931294,-0.031140650063107574,0.0004652362497046561,-0.02145518139071045,-0.004549288465035856,0.0009258005656733858,0.0004697181322975813,-0.0003213372026122098,-3.7626584722635112e-06,0.006871251838799874,-0.0012921288982312002,-0.007307049335328511,0.500516224134429,0.3063964683507553
-0.029952064639775358,-0.1750603353578375,0.11704705708657298,-0.015214172501454458,0.032860249699297,0.007614128899982476,-0.0011161123243179423,-0.00408175265231922,0.00039568310378796073,-8.59124987062102e-05,-1.0292024869656089e-05,-0.04001640115095606,-0.0011359086694821014,-0.005803542445214898,0.500516224134429,0.38595684865914026
-0.012868385174342615,-0.1864474386722152,0.10157800194607591,-0.0019498106812447591,0.029411114731474286,-0.06492215962883566,-0.0010490652482831597,0.004335998563386961,0.0003021972818630144,-0.00030214813638137345,2.549483402777905e-05,0.008354861549454267,-0.0010834757240789183,0.002086451052426218,0.500516224134429,0.377987860827759
-0.01997770789318613,-0.1385184274711705,0.11877264219719709,0.037124448120852936,0.032463156723488935,0.008407283751392486,0.02747801507417318,0.01630419393496172,0.0009355038545439027,0.00041371615538030146,6.066229977819835e-06,0.011798321322847121,-0.00124691920376557,0.001049887580077052,0.500516224134429,0.5955264045112034
-0.002839272842966065,-0.2840971068313964,-0.012628925568683051,-0.005377890744838421,-0.09042538580326016,-0.017331527240526175,-0.0026207761262819463,-0.005081508022736854,0.00011921819772447565,-0.0013034203292325041,-0.00011844455945795007,-0.01749035229920339,-0.0006516170389985551,0.0009728975770412,0.500516224134429,0.061642112501617496
0.008194790982608297,-0.26915314416909064,-0.00373019587908259,-0.02360131394067252,-0.03708772583668293,-0.044896473373631875,-0.0028841964027054713,-0.004547030970112501,-4.3214026765574766e-05,-0.0013306734754441095,-0.0002456416305545849,0.0014276237602349603,-0.0005684149944728729,0.002556826592801136,0.500516224134429,0.12460744077086228
0.014027641093025216,-0.26960146547563074,-0.010305265596479016,-0.05296223235241746,-0.018331975043086566,-0.012194972141955996,-0.004090020313617049,-0.009672305540323148,3.6334842471221753e-05,-0.0009191536653073576,-0.00011305745614856052,0.002801020951725698,-0.0006186973750950358,-0.024747869213581054,0.500516224134429,0.11382420684801342
-0.006378652271298984,-0.2470919537856368,-0.0025767102909583363,-0.030360267669856743,-0.11335912513107328,-0.05194526166046939,0.001804366866375397,-0.004025771203578235,-0.00017524940922292566,-0.0017542014251500319,-0.00012704888727939974,-0.012633383680137587,-0.0005548487947288332,0.0009963866212091604,0.500516224134429,0.03233450341262669
0.00018213153683879334,-0.27358442152843826,-0.01350513572328038,-0.026549781122057567,-0.05422468321293579,-0.02829229942716624,-0.002357925189808789,-0.006783618797031987,2.3373477684586827e-05,-0.0010283342012158182,-0.0001561765677395918,-0.0003470913927371024,-0.0006656738133243023,0.0023678208595932335,0.500516224134429,0.0955944090328137
-0.03910735887727434,-0.26448874721794324,-0.03247229895103294,-0.0595744039128041,0.009107022625492508,-0.01055790831151203,-0.0024196286678970333,-0.00665443724046435,0.00011924196409680471,-0.0008765745406781062,-4.131772484642671e-05,0.0035113697365113266,-0.0009895983318033302,-0.00013779613916407908,0.500516224134429,0.09593378854511317
0.009329575329024656,-0.2551102688225198,-0.009304080299736178,-0.02651993851608168,-0.10787102039871936,-0.0017555693225523277,-0.002782546834923941,-0.00772357114628591,3.416767111628576e-05,-0.0010082107199155305,-0.0001051867587720961,-0.01594158296333414,-0.0006408119799902791,0.0019823746476810185,0.500516224134429,0.08309955401942322
-0.004916777109473777,-0.2770809436761903,-0.019984511919510256,-0.027922054822879478,0.0005466440441121771,-0.02189158797460742,-0.0035252595975941653,-0.003711576566329824,0.00018679773353434475,-0.0013584293674829798,-0.00023224368897220224,-0.00042142330190991816,-0.0007193582445704772,-0.030652835075941628,0.500516224134429,0.10883266456661662
-0.06966010056261551,-0.2703438964937055,-0.0262307277149323,-0.048860812658248085,0.011346685500877885,-0.002053313858244385,-0.00206336605667321,-0.006623501040948316,3.6607265377369436e-05,-0.000673169499785222,-4.092563728493182e-05,-0.014163626275366421,-0.0010974127821222449,-0.0006360207572915349,0.500516224134429,0.06945264356347032
-0.009700646911317775,-0.27428823915488426,-0.018108754814232887,-0.026627289814567825,0.01220366274491846,-0.053282053259899834,-0.0024452680251134075,-0.0022826094797519457,-9.997373201198302e-05,-0.0015557080182826075,-0.0001817030306078732,-0.00023797436071651507,-0.0005503013767038524,-0.02126684769423551,0.500516224134429,0.10209251720702435
-0.025698119429038734,-0.25324354414541644,-0.07339402302898428,-0.02102834272208409,-0.049618367647533516,-0.01463112264132519,-0.0015725246189292781,-0.004438563473345863,0.00014262434763648123,-0.0018347452578742502,-5.2402668580176116e-05,-0.016035198492002672,-0.0005948438544424866,0.0012794301068193663,0.500516224134429,0.03979648060933122
-0.07077704867497128,-0.24596397518508606,-0.014677290727342463,-0.037243430913116,-0.0443577292394667,-0.04143357118156045,-0.00172241339120356,-0.006043539542531494,-0.00019139748820390343,-0.0014559262545906098,-0.00014291595204278385,0.003395756453240729,-0.0010339037376446895,0.0005982179770734149,0.500516224134429,0.03946705627698685
-0.04951859213314628,-0.2627487637103114,0.02450205259616725,-0.05969439685517499,-0.02428117242591537,0.0031645861677299667,-0.003268362201964064,-0.010118871796870783,-1.6287083491845177e-05,-0.000740877540174027,-5.016965996144497e-05,0.0015781136092970825,-0.00081542977080306,-0.013270104482824133,0.500516224134429,0.10523794884699025
-0.0038649129263607055,-0.25256792549695617,0.01375436899296849,-0.024910940523043535,-0.10826592821160301,-0.046683834100293774,-0.004107659773332888,-0.005789303652398397,-0.00018072706891040851,-0.00214448735704758,-0.0001288318439446212,-0.013718295125628941,-0.000533784483102483,0.001603598140463547,0.500516224134429,0.05297756070524206
-0.047971545375565416,-0.27826231094055526,0.04330695501442502,-0.021698121661992947,-0.04934216612276096,-0.029037598631366162,-0.0017139380768745743,-0.0065711267759746735,0.00016021191228866117,-0.001620151351178488,-0.00010042939251835369,0.0005147497389284895,-0.0007745629045936375,0.00047105342251751645,0.500516224134429,0.10787724298921299
-0.02460902685123603,0.41169535369750065,0.03385947490810357,-0.05981982991713942,0.01943963139703675,0.0028394405650386018,-0.00039128700039153157,-0.0034177240886314997,0.0008284726879277185,-4.2339535362562566e-05,1.5930559110793774e-05,0.002523851208800515,-0.0003701953022131203,-5.055717134834904e-05,0.500516224134429,0.8830174192916282
-0.004881184316888563,-0.25798177652868687,0.006767743665344228,-0.02994742289897083,-0.11264923663009188,0.003148610832177011,-0.001577037124804454,-0.011649281345446294,8.218682988894382e-05,-0.0014887680890836867,-0.00011179907538687875,-0.016865434922974546,-0.0007166396301431443,0.0019163494557629182,0.500516224134429,0.07456253435512916
-0.008025613576198194,-0.27778752712137694,-0.019437444976204966,-0.02693814804143131,0.0007217919557817836,-0.019640003453535594,-0.002220579441361127,-0.00755006109120892,0.0002368981654037553,-0.00205087207600324,-0.00021401371103892136,0.0031154523726299047,-0.0007661624310327426,-0.02330348532431597,0.500516224134429,0.11665645538454031
-0.05127461420877357,-0.304280996736526,0.010682608905391642,-0.04916563129471792,0.005526311363969811,-0.0008241958776428964,-0.00223246342886483,-0.008319157060963764,0.000175451462510944,-0.0005400313523888156,-2.502990924390345e-05,-0.016952322444542516,-0.001001951182948711,-0.001487580276545108,0.500516224134429,0.08079662209314703
-0.0040311720901072086,-0.29024462492886527,0.060721485731857074,-0.030160488445099942,0.014715695232505276,-0.04759860778537427,-0.0019802716165613064,-0.0037768873444271292,0.00015690445680253666,-0.001710282714748283,-0.00013507888421675408,0.0016937399742440126,-0.0006227035109617037,-0.016033362638372628,0.500516224134429,0.18151056957110687
0.013898739379878471,-0.28177041159305943,-0.01761115680415006,-0.0015178537253993298,-0.0901221936873376,-0.01876552970947092,-0.0018663559050402423,-0.004994990694245854,0.00013327224165859283,-0.0011790247668936697,-0.0001171447101074118,-0.018915596728982423,-0.0006559427457011893,0.0011760134632070823,0.500516224134429,0.07820804814878905
0.022440389951439446,-0.26933289444162317,0.0007859833736972364,-0.02848296688610832,-0.034246293504385066,-0.0473507282690708,-0.002993659371947252,-0.004979274833687085,-8.175452620038804e-06,-0.0012276000064215462,-0.0002477376605445088,0.0028492327921737786,-0.0005516701119946951,0.002711046258701627,0.500516224134429,0.13988187597204324
0.004752347534973676,-0.26634418167472385,-0.011295351460918512,-0.048931720956589625,-0.01983399246264849,-0.006293324242218825,-0.004252303302251043,-0.008454757315730426,3.2553106529265645e-05,-0.0006811101825713536,-0.00016234949494790766,0.0022658731410340033,-0.0006217168555704184,-0.028019989071238413,0.500516224134429,0.11267620089756095
-0.0032405140541350345,-0.24626536902432947,0.001786160992501991,-0.028104483180179548,-0.11294239179957319,-0.05211018166221719,0.0009414453875412202,-0.004869799342945468,-0.0001945216183651433,-0.0015380879371878367,-0.0001251841379780052,-0.012456379575876043,-0.0005504541407193755,0.0009407029739749595,0.500516224134429,0.04178716701494444
0.005351158755091151,-0.2726700960686536,-0.00430589181381198,-0.02954268140914756,-0.05518632054139189,-0.02841285982804436,-0.0021279946653562165,-0.006756327550758958,6.561481155672667e-05,-0.0009503116294703262,-0.00016267063374321303,-0.00014111179850874784,-0.0006722556341733253,0.0025062727566189697,0.500516224134429,0.10751074888463986
0.00883303279220511,-0.2548632147310629,-0.010977030385840495,-0.02514246368429287,-0.10926203226601336,-0.003460841826004901,-0.0024220393490488865,-0.007909442045618187,3.8853920767460496e-05,-0.0009797686186678728,-0.00010563974538888928,-0.016807314777070256,-0.0006411818449909044,0.0019826861686454865,0.500516224134429,0.07879982774205097
-0.005845190730672662,-0.28150906488765415,-0.0069397361194639875,-0.030449140377197828,-0.0005300602493703625,-0.019367396869640723,-0.003676039386593722,-0.0048281363613283295,0.00022993592558489043,-0.0013124433276168945,-0.00023346119142960087,0.00032593775419610676,-0.0007114643180247559,-0.025468076580253757,0.500516224134429,0.1202018874149667
-0.0026887868341629487,-0.2844996768078824,-0.016605885104982468,-0.05472457574497488,0.0022702752336997783,-0.0031503868296818643,-0.003216863217800089,-0.007018308913467342,0.00010046296924024514,-0.0007971974114675388,-0.0001089586019453239,-0.01906450966151217,-0.0009788893972376078,0.0018585227851467272,0.500516224134429,0.11189144659740492
0.0047247797245590995,-0.2731007827058365,-0.018028759739169457,-0.027627245463240135,0.010179572901093236,-0.058382143111852906,-0.001805084449433934,-0.0019353320428799753,-3.11325563551159e-05,-0.0011343147151481445,-0.00017689096150613008,-0.0009314453836858065,-0.0005628548757803309,-0.021681154581901337,0.500516224134429,0.11002343617329487
0.013275929166203564,-0.2824390101475642,-0.011760302495741799,-0.017458446608747416,-0.0738111830980875,-0.017513773951353888,-0.002141512718650378,-0.0076576700415640925,0.00015073313831200983,-0.0014049792758151262,-0.0001557342476715012,-0.021610110507014984,-0.0005772359202071396,0.0016799635262825427,0.500516224134429,0.07909289095281422
0.035350502172975654,-0.29364434095889586,0.06508096298100738,-0.024479515358363308,-0.030888631447070134,-0.04916991715718479,-0.002394730294027984,-0.004961662437909138,0.0001621534544718452,-0.0013863716431676265,-0.0002129281328266865,0.0016424849420069321,-0.0004530061250275188,0.001409673583132215,0.500516224134429,0.19657089771355418
0.01299640287950456,-0.26316324430426535,-0.08113043453729935,-0.04661635348572038,-0.018894850110790735,0.003138565713127215,-0.0040317705488450055,-0.006173163144893462,0.0003193993182240108,-0.0014717481611761488,-7.149107540999461e-05,0.00507231736667433,-0.0003741060958885926,-0.022826426060608456,0.500516224134429,0.07728932188706587
0.008923379142362504,-0.22077675501859143,-0.08056116176688448,-0.036143119393444535,-0.08463647679719437,-0.04358889695759806,0.0007806011893976138,-0.0054208752312197295,-6.927777725275557e-05,-0.0028296509644712272,-5.38741846603117e-05,-0.019451539313322868,-0.0003922638893157951,0.0012915454143838617,0.500516224134429,0.017587858586621305
-0.00036773216952393586,-0.25942183096522264,-0.06867173186758388,-0.04251431692318557,-0.04586458092749066,-0.024447581853513763,-0.0017635167539707015,-0.005207073333655219,2.3039389082770245e-07,-0.001589574543597249,-7.842024194322676e-05,0.002352187755967411,-0.0004967347990650239,0.002135913660283017,0.500516224134429,0.054581461565823025
-0.005373908093444887,-0.23977186364412256,-0.08533274769174422,-0.02383462342884157,-0.08602066338503683,0.005690865368291565,-0.0010601628721016278,-0.004968327977845141,0.00018701385781249755,-0.002246217222790293,-5.002733506682271e-05,-0.02012080681632228,-0.00044956902836084414,0.0012902787526233447,0.500516224134429,0.0384554646174827
-0.010710264954874782,-0.2651631166528773,-0.10149693808904209,-0.04037496518039513,0.0006665456686709593,-0.018094389764046388,-0.0019728710995367033,-0.0022157675946208838,0.0002530924167598841,-0.0021047840008947484,-9.366194203461023e-05,0.0029811849747489343,-0.0004931496222691916,-0.020999369743997697,0.500516224134429,0.040697768550022634
-0.031528720805735516,0.4287317869979107,0.02969121560308891,-0.02513071057972965,0.02494685087653903,0.009281310872707027,0.00045827968157232486,-0.002870717276926005,0.0007291276704548343,-0.00013973860257161658,3.675966885312417e-05,-0.010889925519189485,-0.00043581700520514563,0.0010896975780737546,0.500516224134429,0.9244856232942753
0.0017107066856743831,-0.2681571819126867,-0.016265080052194264,-0.0461551730561185,0.01069968697909262,-0.04778953314060565,-0.00047902081437175615,-0.0051941134920163645,-5.814959339087788e-06,-0.001232011688202949,-0.000184058030589818,0.0032736890416829004,-0.0004349608066405941,-0.02814113634242921,0.500516224134429,0.10216222254568823
-0.005007278842688812,-0.24087508867605142,-0.10820509840327323,-0.028529274208662588,-0.05170818642752549,-0.008890656217024812,-0.0014844184930232897,-0.005118613710267593,0.0002572972792611854,-0.0022619062743791107,-6.516013533461722e-05,-0.01873620426654464,-0.0004321971074644784,0.0010438871240263155,0.500516224134429,0.030503325775480105
-0.00732557177436716,-0.23467456126460265,-0.10492746825068398,-0.03504903151070909,-0.03086339326822543,-0.029689841922115115,-0.001564741206361335,-0.004344427208341798,0.0002630706156131774,-0.00281030805815139,-1.9838661728552754e-05,0.005107433854011293,-0.0003730678381555501,2.1560531536831656e-05,0.500516224134429,0.054266038172152
-0.0069267270368028756,-0.254424556254413,-0.08975113170001944,-0.04722570245058701,-0.016393171617698918,-0.0016028839915209732,-0.002046856650488291,-0.004521193578887681,0.00024095605632460442,-0.0017155672531708676,-3.060824462304029e-05,0.004082018109263878,-0.0003963153496121303,-0.018628785945620733,0.500516224134429,0.06117569822657682
0.006087778288447912,-0.21246358508928906,-0.10031527595594333,-0.031663426894087666,-0.08002697185527904,-0.026656714216244288,-0.003548480623034413,-0.00478202009911255,0.00010554847170456564,-0.0025788219905430692,1.0625873129259146e-05,-0.016045495357709234,-0.00035872095573579653,0.0005177543243847843,0.500516224134429,0.028798418055120997
0.00135326707106649,-0.24823614366834293,-0.09920387335587057,-0.03480282111213676,-0.04030179921868669,-0.014002960576803265,-0.0009338111593311083,-0.005545585664334803,0.00031902909899984367,-0.001958431542240395,-3.663947376004415e-05,0.004639511941730168,-0.00040059675179815945,0.0019104172827212839,0.500516224134429,0.06331578700564623
-0.009017524596783608,0.3955434692653143,-0.05040137143182973,-0.017641903921716055,-0.16870918168838736,0.010558846146874919,-0.0004996709173687977,-0.0016498713097576675,0.00046560315178019554,-0.0012959632685511275,3.491160250273285e-05,-0.015491642272604305,-0.0002090277339425606,0.00026606012207435083,0.500516224134429,0.6424689572820383
-0.005601763957279122,-0.24491102541854914,-0.11601857521580326,-0.04366188191641018,0.006398667018319732,-0.012079261201434039,-0.0007685271332491941,-0.0022087638682419457,0.0003789087708733589,-0.0022882528868909693,-1.5730433144403472e-05,0.004506516631001814,-0.0004177219945030724,-0.014138341534637314,0.500516224134429,0.06969047099448426
-0.008611666565721265,-0.2406903127691878,-0.11929507122659075,-0.04236802153056088,0.002722688093778482,-0.026578099032536922,-0.0007290579591210841,-0.0036064631629538608,0.00035118182019556874,-0.0023733872244852657,-2.4716903521312633e-05,0.003915522462529051,-0.00040733917874213275,-0.011966405786492863,0.500516224134429,0.05085507517102109
-0.044368859484305544,-0.23665806762013464,0.04370369870621732,-0.01217730745432614,-0.08602890049941814,-0.018695630019399154,-0.003907064889465425,-0.007970332821108074,0.00024163912075606317,-0.0014304284651576744,-8.286696662430014e-05,-0.015090071685144648,-0.0006327604289860482,0.00011774199660670607,0.500516224134429,0.11753701362394278
-0.005047737871260904,-0.2291030739730094,-0.09608530903330247,-0.02519747144111625,-0.034787112328705724,-0.03897209179028314,-0.0013887057156323824,-0.0026126813256045975,0.00013028918777652617,-0.002775843570525188,-8.784710854781616e-05,0.0039697957065714055,-0.0003910251654203437,0.001715352497405364,0.500516224134429,0.06988276220277746
-0.02354666263684446,0.4395550654014247,-0.028450863470178597,-0.05142815445550214,-0.016265861836355946,0.005314682703879832,-0.0020016285370712946,-0.002744657297330588,0.0005008733497763452,-0.0009587902637582793,5.5102346753332924e-05,0.00366459567388029,-0.00020271206458377788,-0.02213743518184465,0.500516224134429,0.8018697778666793
-0.006247176124286094,-0.21191596874154192,-0.0902438953148221,-0.021501016441169217,-0.08485507130784431,-0.03889494222938421,-0.0028213287071179724,-0.003726913414364574,1.6777397977668766e-06,-0.002939246165643662,-4.0324859049263394e-05,-0.017855931714965332,-0.0003644699648192172,0.0010540263091358153,0.500516224134429,0.02016564319835817
0.016072708371860388,-0.23736866229127948,-0.11383135857596945,-0.029382088898764605,-0.04046209876103243,-0.016486833544723394,-0.0003671190080933544,-0.004352397270038615,0.0002917814181757554,-0.0022080184320440203,-3.356219652963664e-05,0.003660165202040307,-0.0003931927840832782,0.002679714674013367,0.500516224134429,0.0783352620379642
-0.01042374650234801,-0.2455945264656422,-0.09278322710799357,-0.043411464633004736,-0.0017234367953121853,-0.021864043661051512,-0.0022683957757405324,-0.003873019449238312,5.12883927944965e-05,-0.0017169634368315876,-6.475300201018157e-05,0.002018410643384129,-0.00043369141410030173,-0.019686436583792755,0.500516224134429,0.05874221834354535
-0.0030183162655715687,-0.23016730406929717,-0.12225586138179612,-0.030833230901932455,0.0022496299171072256,-0.026483970876064487,-0.0005580871506113385,-0.0017929721160417963,5.3052197357049295e-05,-0.002519446468778198,7.798485409588442e-06,0.003000761167621847,-0.00041879892449680724,-0.020451433863731175,0.500516224134429,0.0673280438836064
-0.01645221723633534,-0.19351619875600898,0.09908649861373538,-0.0013653614007361156,-0.14312180819031953,-0.01400631752578918,-0.0033815963060419016,-0.005158344209392491,0.0002329385525521087,-0.001113898296755297,-2.0395373210494546e-05,-0.026135800156399946,-0.0006804052197734564,-0.0004921367623079416,0.500516224134429,0.19439118186764945
0.05091484668686582,-0.13455610684112415,0.15413501269430907,-0.013396421463103936,-0.03537455830176712,-0.012688928287345079,-0.00010222417138259775,-0.00516350919368412,0.0002751332524818724,-6.013844385782272e-05,0.00035162188142362656,0.006232865151594116,-0.00040058577513047973,0.004486120901277716,0.500516224134429,0.5151693522249902
0.013604497378842553,-0.17569072819372022,0.09978950402782938,-0.022529040528327042,-0.16727983771737553,-0.06186147027469808,-0.008386472379796504,-0.003895191692975291,5.2578299744670135e-05,-0.0008581443407805764,-6.806491839004349e-05,-0.025662771563733467,-0.00045603631292889053,0.0004632715971786521,0.500516224134429,0.1477383175153019
-0.005457608464556512,-0.1617305879794522,0.1306445850266617,-0.028254604194184674,-0.09912246633281895,-0.014799172383630687,-0.0013938178708695992,-0.00929746566945443,0.00038680005527030984,-0.00069333574055351,-9.693515687660884e-05,0.0022915655758974627,-0.000724729522737229,0.001076376306091482,0.500516224134429,0.31334482778321937
-0.018905661907241432,-0.15097668294149555,0.15351588088686277,-0.025911285217091937,0.014031017519775387,-0.010769634571259516,-0.002087462397531861,-0.005413976264651361,0.0007610807127349959,-0.00037372481254125236,-6.391608415860648e-05,0.0010990549378839315,-0.0007174124946109667,-0.031211487591334575,0.500516224134429,0.42349201390977226
0.003751736075071308,-0.11268563367436076,0.18328282584250125,0.015393881171347271,0.03958261063180387,-0.027447883948514072,0.001510738281207374,0.0027311377764646172,0.000535002339138216,0.00018869769200455626,2.6607626674725165e-05,0.007693609969469745,-0.0005734177927067294,0.004443024659561757,0.500516224134429,0.6189491607840956
0.03940739100381827,0.03786312690186981,0.12328609504608687,-0.015390016639480083,-0.07243694643631572,-0.010181752607317612,-0.00014771672950642385,-0.005903159214172625,0.0005985916746290368,-0.000498096099270255,-7.71893035365247e-05,-0.031461975522068704,-0.0003178294755505865,0.0035558056732919196,0.500516224134429,0.5688125524069096
0.003945192298517003,0.0389780042768106,0.045899274600697496,-0.037324428595521306,-0.12841200567327996,-0.04329216056856289,-0.0176864386797736,-0.0038683977702249663,0.00011696213709825183,-0.0008841864125182055,-9.410426831057153e-05,-0.031549593142485725,-0.0003299310450602332,0.0030890066445524666,0.500516224134429,0.3291034179363711
0.015042860116315145,-0.1417205258075831,0.11321441897259557,-0.02979731019612549,-0.056758974934180986,-0.028236065258713163,-0.0005905436704673173,-0.009433238732774706,0.0004502151178585201,-0.0013385763023164468,-0.0001169743614209707,-0.006063042173862827,-0.00032884110536275446,0.0032146159130582797,0.500516224134429,0.3580542417114524
0.0024768657977661734,-0.1320126822815754,0.056500261581393686,-0.03350502305124084,0.004893729801090402,-0.006934394799648732,-0.0012662694209326678,-0.0062400248662297505,0.0004335110292150394,-0.0019128538967087111,-0.00012379833940211099,-0.0027098346082127392,-0.0005971676857128377,-0.037263169122472885,0.500516224134429,0.342255374271761
-0.07471196509993219,-0.24740788213888967,-0.025978062022041164,-0.04669800123178024,-0.042722700441868586,-0.015829169021967952,-0.0031902973728838895,0.009728332677377173,-5.102819888662522e-05,-0.0007674926442990092,-6.559718113324544e-05,0.0024035938734524886,-0.0008410228220684771,0.0013374788034134439,0.500516224134429,0.055722411312925005
-0.06269153988130362,-0.22532113786390642,-0.06295341799388515,-0.059687919158327406,0.0006960870268777974,-0.018803470573806696,-0.0055882898513706395,0.006875390369832041,0.0002848028186966206,-0.0005294351428760805,-5.3901602910657656e-05,0.004440552299658844,-0.001267742331210865,-0.0002796581786127441,0.500516224134429,0.07563654407128828
-0.043076676785917714,-0.24120304828658762,-0.02475819480175354,0.041101901189540886,-0.0018904758664400655,-0.009158453963781083,-0.0017938187319232407,-0.009901764773172615,0.0001822991616760299,-0.0005776288470402894,-2.5574359756060533e-05,-0.018202430018969026,-0.0008079813577961355,-0.0025438969620520013,0.500516224134429,0.18786047973046063
-0.045657111395140705,-0.25348229543899836,-0.009615462082744768,-0.015381187085066765,0.0076510297553112104,-0.04372363166872404,-0.0029257106769314013,-0.001050228766744759,-0.00020317198059381983,-0.0008930188394509583,-4.747849209014093e-05,-0.006390390786248925,-0.0011499590156550685,0.00019792645608996103,0.500516224134429,0.12784553411744418
-0.08558308658065344,-0.26118092566196605,-0.0318875862228532,-0.040406583433066565,-0.006430834113668361,0.009080128549150501,-0.001648211412617386,-0.006918828914564788,4.816682636614531e-05,-0.000428387832431127,-5.033214129622196e-05,0.0028008758184143332,-0.0010496743671123989,-0.0008689927280500051,0.500516224134429,0.0759919519200839
-0.07799383745898116,-0.25673548272475566,-0.027445206537036127,-0.012569034444392778,0.014676225521302589,0.004034918338359903,-0.0015247077278740934,-0.003763452043697223,0.0003318597612188373,-0.00047941808668815504,-8.758663865002232e-05,0.003045919577152265,-0.0010273557645929868,-0.0007840806175299868,0.500516224134429,0.1401949852882676
-0.07729815381611406,-0.2387838410943851,-0.037784058944745694,-0.016942499658452015,0.00918559899596342,-0.008183523597507224,-0.0018510897148877508,-0.003739934162312437,0.0003179339398189896,-0.0005110806928412609,-7.35115956989517e-05,-0.019035910967161014,-0.0010854026959777907,-0.0006364880558234052,0.500516224134429,0.10409426207430768
-0.049826344765717095,-0.21740964345062658,-0.07317213344998275,0.011252577893544821,-0.01726837272644573,-0.0026731421756119515,0.009942891057206669,-0.00887300345716041,0.0002286330568870999,-0.001412141087942136,-1.1741600871228844e-05,0.00419213462285611,-0.0010424998180282692,-0.00040394930603911887,0.500516224134429,0.15403948892650215
-0.04925145353583405,-0.25070326092684075,-0.03492212459715513,-0.013894075443750745,-0.05847747836242385,-0.0033875389947321134,-0.0044810128440657725,-0.00491885673316793,8.01742477672405e-05,0.012606540641284542,-5.166619391671334e-05,0.00230089933525765,-0.0010402315687878915,0.0008288359941628448,0.500516224134429,0.09520497515223049
-0.0643546123536532,-0.2077133474112779,-0.03741434251655428,-0.021511081423389946,-0.06360152422235633,-0.06069040956390897,-0.004012991915557675,0.005003391231343643,-9.619474958577872e-05,-0.0010608077399214637,-4.364608690651692e-05,0.003393201088895873,-0.0007568920767301338,0.0009422826453373456,0.500516224134429,0.04859924904016744
-0.07786018672562227,-0.24337160188448234,-0.0255923036714596,-0.04072860152925959,-0.03917046951500102,-0.01906301046400213,-0.002651837920632355,0.010816672651089817,-0.00010972346696443281,-0.0007715439097764612,-6.487689334594782e-05,0.0017816215896142664,-0.0008999573604407705,0.0009453867623132215,0.500516224134429,0.06377579179646321
-0.047760245712888005,-0.2574096120209417,-0.036734593674745825,-0.023416565237105117,0.01546196975969905,-0.020640892907138123,-0.00335685019045104,-0.0011848649810109967,0.0003741920389500055,-0.0005432895276784803,-7.615696773630603e-05,0.002379840945478001,-0.0010072019621549342,-0.009227114366913392,0.500516224134429,0.11737483932979592
-0.05355810606931168,-0.23325024676804157,-0.08091214702022509,-0.04475017746177973,-0.035905633876880075,-0.017034204997687576,-0.0014919016259053888,0.006314345231760586,-8.425791354380466e-06,-0.0015899933343981336,-2.5541588322441306e-05,0.003971669566298729,-0.0005470091496495605,0.0012316733646157423,0.500516224134429,0.04296052461355243
-0.058944196567148804,-0.26455384760756606,-0.08449152890237967,-0.04674068724447199,0.0057231032636755,-0.006666850922603604,-0.0015945286181466604,0.005037641042938855,0.000323585848508147,-0.0012725144126276649,-2.5362836713675835e-05,0.0033017833692140113,-0.0007705177532739912,0.0007322665113242907,0.500516224134429,0.05057456930516015
0.001112807162071465,0.39297968476682466,-0.0004182864922432723,0.03143417222620269,0.011065114417189222,0.008055023145615013,0.0002866284994573745,-0.0019965400337059883,0.0009380354524334448,0.00022359745268845578,9.540224053102918e-06,-0.012567134479863816,-0.0002683623624361026,0.0006239412178827214,0.500516224134429,0.9319944453306016
-0.050491588927569823,-0.2543629115215376,-0.07170545391510859,-0.034563320791913876,0.004034500136588461,-0.03260654735645051,-0.001481228269394938,-0.003371526982149336,-8.943178356299112e-05,-0.001981655941735688,1.5069869244426061e-05,-0.011351093492125893,-0.0007294556406019344,0.0008273204685217193,0.500516224134429,0.042658899986635246
-0.07264249120815904,-0.27280736046404824,-0.002907509043736411,-0.047705280760116146,-0.005457719986064194,0.014641441437549758,-0.002672959680953507,-0.00795225226085967,6.085241742756987e-05,-0.0007570227112767741,-3.9649027453882666e-05,0.003065795033705384,-0.0009004088824621339,0.0007584862234249724,0.500516224134429,0.10520014522141048
-0.05326917090539905,-0.2679170501436636,-0.0846950246294772,-0.04866532517111399,0.007506709670691579,0.0001858904373216456,-0.001543296281086552,-0.0035870477454795205,0.0002562764001675803,-0.0012828046903824513,-2.0522178467530174e-05,0.0033936634794337625,-0.0007147655625075524,1.232124803709364e-05,0.500516224134429,0.0501760780625061
-0.0730797194894363,-0.2806139477478735,0.001307839353442673,-0.007282322149399097,0.00914184779522975,-0.005898647000590362,-0.001309491415641033,-0.007057458945215197,0.000289695430843921,-0.00079706581152405,-6.5165946890058e-05,-0.01906642992259364,-0.000984662205143129,-0.001233379875660135,0.500516224134429,0.11386731620398088
-0.018934767836533573,-0.2782637602459403,-0.04825462153960111,0.014843117096681091,-0.020385636464990423,0.00770624504943457,0.0006409711513333523,-0.007128463194328033,0.00018782868351930666,-0.0009307231508857519,-1.8112789121488604e-05,0.002461634359434269,-0.0006478526631184562,0.00033479148657122697,0.500516224134429,0.15212687407688835
-0.06457148365342677,-0.25468776667603304,-0.04451514830527728,-0.04470282516734778,-0.04849081168861342,-0.004490253880029185,-0.0033700478797368625,-0.004888125822968814,-0.00012437857301773203,0.020519940805279076,-2.6519974276456994e-05,0.003359445679447248,-0.0007516704759231981,0.0010241844776255444,0.500516224134429,0.05480076300013504
-0.04496402491257174,-0.24484811545297336,-0.006178935734540258,-0.021851604917697394,-0.07328107181010972,-0.07898900562208241,-0.0017457036162551046,0.004685664802002156,-0.00017287711907382588,-0.001465536060869939,3.772359577502217e-05,0.003419274379314284,-0.0007133581635401509,0.0005592834741549443,0.500516224134429,0.03500793697596469
-0.0719996285609552,-0.24526066147778008,-0.031979287059345184,-0.04286099095754437,-0.043889214664024255,-0.02567994952720428,-0.0020133821017107915,0.009875491360950268,-0.00014427312532848356,-0.000968698025847783,-6.89375259145811e-05,0.0032188546422864906,-0.0006872627258665017,0.0010547249525212387,0.500516224134429,0.04911300933866938
-0.026110050008713172,-0.26233817004586535,-0.11040555955038157,-0.022568072115444114,0.012096018649745246,-0.01948910468695594,-0.0012726188190535109,-0.00344133791959776,0.00029706939477041293,-0.001760513924266743,-3.679963492243772e-05,0.004303514835349185,-0.000700652006547119,-0.01499046294722031,0.500516224134429,0.05409948535532941
-0.05707902082928286,-0.2448234088351057,-0.08313922831853814,-0.040065354684467244,-0.0376533109212918,-0.013154186496094407,-0.0013900737852468184,0.005221036707964345,0.0002517134805726305,-0.0012493011193874803,-3.5123472866989443e-05,0.004181071527205479,-0.0004511201836754209,0.0011193411386819145,0.500516224134429,0.03224925834290024
-0.05803606304435388,-0.2629410877367479,-0.07861385218180846,-0.05197074611327388,0.003957662036399306,-0.009508377280510199,-0.0015630146397771457,0.004958962902811586,0.0001496310843750786,-0.0010636234229821882,-1.9189424603663287e-05,0.003109201250127297,-0.000827160477565831,0.0009568591646275835,0.500516224134429,0.049105426251149886
-0.04913300999074399,-0.2537947360448898,-0.07806610868072122,-0.03679378713879161,0.004992280604916925,-0.027014619032387676,-0.001559643261391905,-0.0025101985378675365,0.00010840791442848227,-0.0015226136220694987,-4.989223204364588e-06,-0.015719712552369272,-0.0006821922737662694,0.00032099587935990247,0.500516224134429,0.03913629817493438
-0.043842982402626546,-0.283689626627918,0.003899436185859637,-0.050432142649803495,-0.0015777324424722263,0.022120791434924788,-0.0025685864894013106,-0.009506808357530235,4.572430542083804e-05,-0.0008836757717540733,-4.4464721888938336e-05,0.002826536905142331,-0.0008866493031382816,0.0012163078506338806,0.500516224134429,0.13719235204988153
-0.04118988560929911,-0.2620829755163492,-0.10975962843098337,-0.04886788933822732,0.007411701868421167,-0.002590884296382782,-0.0010030504859297892,-0.0036235949864148256,0.0003727150785909787,-0.0010015330895966857,-4.796904261329187e-05,0.004442673387905471,-0.0005321715216533253,-0.0007030262338878219,0.500516224134429,0.04134070591801244
-0.04604044361748412,-0.2753751172511999,-0.09155961333640003,-0.012165737635521097,0.0123739156785918,-0.002311023635804373,-0.001257588641654163,-0.002458109875770509,0.0003890438566733843,-0.0013620376590438655,-2.9377136151592886e-05,-0.01651608829122367,-0.0007280213225319812,0.00037327067784358116,0.500516224134429,0.06384929594475584
-0.01855066934140149,0.3935444651303799,0.029497045532114814,0.019315523363387314,-0.022498021643745945,0.013615825472296537,-0.0020959864502107842,-0.0028963731374890872,0.00027158802055769163,-0.000534450330480948,5.2824612184092645e-05,-5.848491851597021e-05,-0.00030315497041314283,0.001392002346171662,0.500516224134429,0.9112683578192674
-0.028421106294171616,-0.2509820165015979,-0.08013303011088597,-0.04897018689731301,-0.044163107257837765,-0.012878302361652038,-0.0021297973190429176,-0.0030483691527119603,0.00022960423761654388,0.02395215870242535,-1.468845186206275e-05,0.0043923106465096826,-0.00045690055819426137,0.0010026441296971595,0.500516224134429,0.05889543694541252
-0.03033225944364173,-0.23621231450192962,-0.0826871043554174,-0.02724905695198336,-0.049958098332893525,-0.051092029814887925,-0.0015749421694594454,0.0015622690880135823,0.0001408949344564473,-0.0021468765317779696,-1.8966690016009663e-05,0.0033255932320382215,-0.00046948154354378675,0.000782051539010905,0.500516224134429,0.02458590259240074
-0.05967046664671409,-0.24171642612406838,-0.078174188143735,-0.04033159359299641,-0.03344573370627297,-0.017738979694794262,-0.0010791971135441338,0.007798607484867748,8.840152238698146e-05,-0.0013785915906579878,-3.4233683315347585e-05,0.003831078426234071,-0.0005014934648362794,0.0011622514991485326,0.500516224134429,0.03932565930613468
-0.024991617742148847,-0.26505788618046855,-0.11206148694188431,-0.022438672842369865,0.012347981294708623,-0.01818609019173444,-0.0008183500475556407,-0.0032589672434422,0.0004019408845088282,-0.0016290113519420303,-3.639145643630852e-05,0.004645074380804685,-0.0006052324626430387,-0.014590224627432887,0.500516224134429,0.05423728960639627
-0.0049184733803355985,-0.25966440680864444,-0.10063570244717758,-0.035602236290223375,-0.03672650221876461,-0.0200899830004962,-0.0018070489534314062,0.0014057260705279205,0.0002455125050328075,-0.0020747212438238464,-4.535806295555225e-05,0.0042830796118809794,-0.0003993178928424143,0.00214107660652237,0.500516224134429,0.04662786862970132
-0.051541606977451006,-0.28065930572704884,0.04659497756909009,-0.04842414675619561,0.003488121131624485,-0.014359112490557005,-0.001848670447397654,0.01777240236600021,0.00036058742953808977,-0.0006813793898392749,-4.356452105162447e-05,0.0036522367696163894,-0.0009228048703003669,-0.0003150790310109007,0.500516224134429,0.17358887918945043
-0.002113720162509957,-0.2640397153886067,-0.09306490496593908,-0.029371156609173353,0.0026213806255941923,-0.03393141808504196,-0.0013616826035193872,-0.0016816539024392164,-2.214971533048723e-05,-0.002772903096959378,8.754126857790931e-05,-0.016708664360799198,-0.0004265536540250552,0.0019347170319419917,0.500516224134429,0.05966534051620227
-0.006904675821418534,-0.28022767851341646,-0.10576364961083479,-0.04260535664359745,0.0035350456865957786,0.00882814983499136,-0.0011032710425783702,-0.0036600693652660997,0.00038983495399142295,-0.0017438208254536975,-1.8941836400455392e-05,0.004531441836130267,-0.00044221071524788496,0.0014593014585255457,0.500516224134429,0.07679032353045351
0.001459161973862796,-0.27282545065488234,-0.12688359386567702,-0.039714000058436325,0.006464557911232127,-0.005463225695159837,-0.001406033831201717,-0.0038056121337624858,0.00043161367760039866,-0.0011269614686364184,-4.321528803128465e-05,0.00486305514093447,-0.00044394361532902404,-1.976311825348513e-05,0.500516224134429,0.06200281310869256
-0.002550140536340803,0.4603719018847252,-0.04360724939603682,-0.013906825950566528,0.02217099191166411,0.012768106849609624,0.0007655612687918426,-0.0005196164867551953,0.0008071433094438097,-0.0004785452719172661,2.7207734684359236e-05,-0.009047043244182667,-0.00018278338859571726,0.0020265966667363947,0.500516224134429,0.9291615294856933
0.005878837242195646,-0.2598411425783936,-0.09423772390750089,-0.038506535948983865,-0.041603513404335594,-0.010624341936192456,-0.003967079500944939,-0.0022113359687148827,0.00025512504240976145,0.02392542099335134,-1.4761687492558924e-05,0.004458817655268445,-0.0003790339353793641,0.0016210639197535178,0.500516224134429,0.08527002011947381
-0.009970528822189864,-0.24201417426099797,-0.09523325883482689,-0.029071379050412103,-0.051654334683734655,-0.05283332033889183,-0.0017449104841150364,0.0014542049990554145,0.00011279685337447957,-0.0025397198395330604,-4.997626984206482e-05,0.0034896783889004196,-0.0003756617991110813,0.0012391258233702212,0.500516224134429,0.021324765815478316
-0.0008381691227369164,-0.2549477332744628,-0.10910559063500558,-0.03212646335925263,-0.03382580797914912,-0.015644887584117088,-0.0016193717094279748,0.0046596448701093805,0.0003189529917603015,-0.0016198807579858932,-3.574662223176632e-05,0.004043490293206302,-0.00038161839876455346,0.0017468225391344778,0.500516224134429,0.06113986538550867
-0.01015204006399892,-0.26425172354193444,-0.13484028396393347,-0.02848514435316605,0.007639669164132349,-0.01581319458257897,-0.002150313504878483,-0.0027313211108763893,0.00048701279758611694,-0.001691617542112917,-5.7380166878282314e-05,0.004549877593494772,-0.0005181231337944464,-0.014624468923670027,0.500516224134429,0.03787717280182436
-0.007873662654877225,-0.2679405322142481,-0.018131114923160562,-0.04353815056518278,-0.043859277514636884,-0.02104666416308603,-0.0022099437936851842,0.008517132739866541,0.0001351454201575558,-0.0008054868219740234,-0.00010513812315108308,0.00218686024722021,-0.0006937061105850181,0.0022779736274384,0.500516224134429,0.10742965928452886
0.005191810347181359,-0.2848074938660023,-0.014317126112445752,-0.04869026141468337,0.002838296709818129,-0.015234799141671383,-0.002344721030212537,0.013122068684428473,0.0003844834975722092,-0.0007854461078057082,-6.333709286517388e-05,0.003506875051012244,-0.0008033718477398641,0.0020249013356214846,0.500516224134429,0.16053810314664077
0.0014352582493014272,-0.2865499740171403,-0.0006354039067298482,-0.02313251795308186,0.00917682880261009,-0.04500813302971849,-0.002648316451351434,-0.0018153003182993128,-0.00011396799645599454,-0.0013392765333649947,-0.00014933901454486278,-0.004340296638680299,-0.0006072158543563367,0.0020816195693598794,0.500516224134429,0.14687018904198007
0.009914218167193817,-0.2856007440416822,-0.0069580424242469685,-0.03397149206872845,-0.004040203669664113,0.011608950887526245,-0.0019180498415105917,-0.008297840646454422,0.0001376757539430699,-0.0005420175240551074,-0.0001555563220232757,0.0010162086254646384,-0.0006815609237218079,0.003065833451579291,0.500516224134429,0.18409360355805388
0.005816415800914038,-0.2831798832465582,-0.012228190675785148,-0.019869887040252512,0.013771214276896532,0.002513886296093761,-0.0014434215967838904,-0.005788368539624938,0.0003666517653214831,-0.0012221579120769617,-0.00014046192907129224,0.0031772589435830035,-0.0007502827922503079,0.0030187574477768503,0.500516224134429,0.20455775493261527
0.0032386122629786056,-0.26952528533463355,-0.021802691037333958,-0.018721222847072283,-0.0570439441620349,-0.0041939149654743315,-0.003690862731941899,-0.006445256025742331,0.0001137138326484621,0.012020697652692914,-7.789807682732156e-05,0.0012856178835973398,-0.0006719233320893928,0.002695349718128433,0.500516224134429,0.13769721697132906
-0.004968565487147669,-0.25600930174922154,-0.020508661001568288,-0.03105646994189196,-0.0726569817742875,-0.07561256154783942,-0.002140355273477889,0.0025324254375188424,-0.00016947276167002958,-0.0012848351394799122,-0.0001148023271431222,0.002516626755368715,-0.0005130426884180345,0.0012775008818023848,0.500516224134429,0.0418077275169763
0.02463364309284829,-0.2759219906585673,-0.012815415932421649,-0.035960549273935126,-0.03883575654867237,-0.02776017641527842,-0.0019994264296051725,0.010470265332556392,3.6434367730051295e-05,-0.0008903169213320284,-9.162300435524144e-05,0.0006639555664830301,-0.0006211647645793254,0.0027460841126354936,0.500516224134429,0.14417018665794007
0.016958753149273895,-0.277255933256596,-0.01780610191994665,-0.014184376586512077,0.017833223694069988,-0.01405140021180333,-0.002963591334094416,-0.003523740094041999,0.000409334497404565,-0.0008197013581032643,-0.00017192108152869746,0.0029491769875687724,-0.0006956928152513526,-0.020218417875105747,0.500516224134429,0.18697583592976597
-0.004271623466173714,-0.242517473863544,-0.1115445939359936,-0.038216802979484876,-0.03443535916422688,-0.01392487847963742,-0.0010809229644295878,0.003493824225130101,0.0002032336426801505,-0.002181226598313298,-5.141496299820603e-05,0.003877303342807851,-0.0004372502758298957,0.0022208416460032026,0.500516224134429,0.0616498803004222
-0.04395152822674098,0.422558023391088,0.037286028419652624,-0.025755122750723284,0.02895981794834921,-4.1579958333286394e-05,0.00040565176285143104,0.003387342538251449,0.0007914858007110053,-0.00013742738222178138,2.9123215070698805e-05,0.0026354888295906523,-0.00032870428752791654,0.0023895345479851638,0.500516224134429,0.9287443579824348
-0.030189003674999753,-0.25128205966106293,-0.08453938000052053,-0.04313553520460265,0.005756476556741034,-0.026760641638945336,-0.0010768628381934036,-0.00243992172446296,0.000130275280724323,-0.0016446417049424938,-3.20090091012628e-08,-0.018503847553287236,-0.0006795288300789676,0.0006501986324079024,0.500516224134429,0.04680171976419951
-0.019231785007535328,-0.2775490355292857,-0.08493935050332767,-0.0446220041123431,0.0022438498253037615,0.015016824464861689,-0.0027279848637897486,-0.00393193763126829,0.0001881439760119557,-0.001520445695038809,-9.582016310942493e-06,0.003784142102667203,-0.0005860981762175093,0.002603667196894758,0.500516224134429,0.08923462816505538
-0.0294926605350275,-0.2713239132071947,-0.09915109745916756,-0.044235176684937136,0.009448946168391216,-0.00019913943895588995,-0.0009393654203246471,-0.003926206340716426,0.0004651913536785979,-0.0010337671899926027,-3.828748538297962e-05,0.005717225632367565,-0.000533035489748175,-0.00020227078523531964,0.500516224134429,0.06507266725218737
-0.04080222517636634,-0.27028037169706765,-0.00048551381492033615,-0.04627027668733167,-0.0553680610277282,-0.0064994162235330385,-0.001835496395384302,-0.009131265954784133,5.5147389719706504e-05,0.020654046972618162,-5.709416065297477e-05,0.004334002489623291,-0.0008041504439104522,0.0015964758551164013,0.500516224134429,0.09562202525983227
-0.0036544614421624615,-0.25466075147624956,0.026087339220146395,-0.02833984384154107,-0.07715390701899097,-0.08514022289582696,-0.0016617431648969791,0.007333934884640414,-7.034825632062682e-05,-0.0018486990996156168,-0.00010225422167962377,0.0034380208128486434,-0.0004894847693382182,0.0015768452587397832,0.500516224134429,0.08583064812418542
-0.036945844297758296,-0.24008308854023627,-0.09487047482746427,-0.04355137205506992,-0.037846665193387426,-0.016290173177132435,-0.0009204840916543041,0.00790047308386535,0.00026956678686428234,-0.001333733295627983,-3.212257538327041e-05,0.003750286196030987,-0.00048540457955614997,0.0011158913937448496,0.500516224134429,0.04119307896166785
0.0011883331955891696,-0.26834363415017937,-0.11830644435330703,-0.024994134861229728,0.012088723802823676,-0.0189412953661077,-0.0013729189608183779,-0.0027468217480308512,0.00041887593920763607,-0.002216255400320795,-5.343873981227501e-05,0.0038157478545698805,-0.0005902461567950726,-0.021458408767659847,0.500516224134429,0.05900430642236212
-0.000618030728788984,-0.1795223942682144,0.1446105703217762,0.0013486176412559345,-0.06280501233454985,-0.014672374300003345,-0.0017312475628262216,0.019652409954858875,0.0005924451836965673,-3.268800044695345e-05,-4.8864937463853526e-05,0.007147060291086657,-0.0005522546677567909,0.002771041984256685,0.500516224134429,0.4166555027113127
-0.0068780979102083615,-0.21984213712740439,0.12307079515903739,-0.022279535628865157,0.010692388823753975,-0.07029931268075408,-0.004979524713396861,-0.0017719873550245458,0.00023186710971599705,-0.0005757455826523604,-5.4376182861695007e-05,-0.021952897965013513,-0.000850887153353283,0.001623533411333008,0.500516224134429,0.2866503063387379
0.00920784456171165,-0.19580603169749405,0.14792245952867983,0.0030161766514091716,-0.004330778429873414,0.010000432672000606,-0.0016102841875777543,-0.011290419419159146,0.0007716015806403626,0.00016908750204868935,-1.911568280918632e-05,0.007186599289374042,-0.0007645453463967011,0.0017016855128667162,0.500516224134429,0.46667093666985293
0.010825694085744039,-0.1837125522148457,0.172389166937849,0.013479196975517964,0.040734053427718325,0.009049218356391164,-0.0005251483177205156,-0.0051763568691728665,0.0010196350612952738,0.0001229415482135028,-7.595507520815406e-05,0.00960064238850458,-0.0007930516013932201,0.0030925703636689693,0.500516224134429,0.5705462792009947
-0.003187144018345456,-0.22000922584630966,0.08127166909346892,-0.02834417111179982,-0.08907217942168273,-0.006881774009014445,-0.00361384449455436,-0.011239803298403898,0.0004330894552294123,-0.0023533421747731695,-4.924509044726011e-05,0.005839961048127741,-0.0007434631425160402,0.0024924734190462706,0.500516224134429,0.2250592245424579
-0.016281356196321532,-0.20339867911172554,0.0849970256438103,-0.02835139591732377,-0.10540748661801369,-0.09803326452500455,-0.0033445097774184624,-0.0028271475933349163,0.00018299637882293599,-0.0010681549075522792,0.00011002506279814152,0.0047605859170907925,-0.0005542211640375388,0.0011492978932384887,0.500516224134429,0.13244993921946085
0.0046284579503787565,-0.17022067012747605,0.148538435345633,0.006643376990919845,-0.051111459350375525,-0.013175156187589701,-0.0010432035048797295,0.024537915821135292,0.0004919041589733143,-6.413856220679223e-06,-4.7070243573680704e-05,0.006226120871888266,-0.0005635816078566194,0.0030746803353273655,0.500516224134429,0.4584895607307156
-0.018097060414203503,-0.2048743813245244,0.15229971511824536,0.024542041899367616,0.03291457046532222,-0.0030564468045880793,-0.0026462960531574153,-0.005474434505254332,0.000936019352072079,-0.0002508750319647957,-7.761555760147225e-05,0.007328930151658628,-0.0006934902262175957,-0.024596207612827336,0.500516224134429,0.45877069359075867
-0.005438643973972464,-0.21602291888820296,-0.142942291547565,-0.022517740804028356,-0.03335181584596334,-0.0006659877986222507,-0.0008717335958706106,0.005350965064868767,0.00034749104257506897,-0.0022297978822383075,-7.105824028565893e-06,0.005045266815204665,-0.00034536968245974447,0.0007483073167830447,0.500516224134429,0.08761484853091289
0.013722151483403024,-0.21991872956166464,-0.15273651956800433,-0.03852170326497851,0.009681343927958106,-0.023982367355922622,-0.0005368466686715545,-0.0024338515190531484,0.00031211988000244485,-0.0020391201955104,-8.630690521485529e-07,-0.019782965969345465,-0.0003815341021890619,0.001039790887164437,0.500516224134429,0.06493712903856745
0.018112170214526036,0.4269077854176922,-0.08208859482656487,-0.01931979049350129,0.012042717192795763,0.011362175641765303,-0.00015105417861647517,-0.0013958703248220415,0.0006826648670239914,-0.00048285916225092865,3.015002254338741e-05,0.005276109270215029,-0.00017646523931487377,0.00231705535052412,0.500516224134429,0.8736324178864484
0.014015682740489482,-0.2324689759295087,-0.13070331948031005,-0.040757696036676345,-0.03972729410003496,-0.01613967241332972,-0.0031421796741544863,-0.0034281512350318264,0.00024273839659147187,0.02675458178101752,-4.518873302296493e-05,0.003793124540299663,-0.00036462543249061676,0.0014095698894552612,0.500516224134429,0.07995481844772717
-0.004513796286814847,-0.21753420343669252,-0.1134460895795948,-0.02727881760476184,-0.05434987796095569,-0.04926441017801436,-0.0012358028090959,-0.0008014596601184312,0.00020777582149527032,-0.002737434078008972,-6.636134892803688e-05,0.003532934614746315,-0.0003569341407244831,0.0015137794767786572,0.500516224134429,0.03418552696374262
-0.0200995233763145,-0.2295163461070382,-0.13719660979014844,-0.02122978087967077,0.014701668888978869,-0.016643618458891563,-0.00042006245490398,-0.00316463873424308,0.00036218018175794065,-0.001802471964122431,-3.9687681233781084e-05,0.0029796596369564923,-0.0004939726408721251,-0.016545207274558268,0.500516224134429,0.07140781348012779
-0.001376348446683941,-0.13583209318106337,0.15252562792330934,-0.011477664633362843,-0.06444254737901897,-0.01784779069485844,-0.0005549578227274391,0.01734391737294719,0.00061854168929452,-0.00047585336386107044,-8.58478404034804e-05,0.0035239078006187906,-0.0004583797748007736,0.004699326652815018,0.500516224134429,0.44667606243663677
-0.004454295486024702,-0.13151697798713735,0.15066159955413785,-0.022760106261786157,0.017891420711516837,-0.057176841588999515,-0.00058443486135078,-0.0002968706897525314,0.00036574111968121345,-0.0005615049654837459,-6.140114615340954e-05,-0.018384558478526235,-0.0005416365296945821,0.0020698808021143637,0.500516224134429,0.4351662383269743
0.0164176088179781,-0.1567502542290463,0.09817363899097793,-0.03547842461642805,-0.07755868702290333,-0.003997095338505094,-0.002221653030406555,-0.01133802060491115,0.00042942417183684215,-0.006367271019549843,-5.654010180274018e-05,0.0014263715098091164,-0.0005656798038886483,0.004092598223032772,0.500516224134429,0.3267222400806251
0.026258686431782245,-0.14355552277597167,0.11266157499937507,-0.0325884982849907,-0.12321399056197757,-0.1004277037465185,-0.0016149734627610214,-0.003063212399118392,0.00010108048487231634,-0.0006885399888850357,-3.1269238505964376e-05,0.004148411885238711,-0.000435779702943674,0.0022505081537139236,0.500516224134429,0.24031699592774292
0.019567501173950695,-0.12160051777950096,0.1736053069736922,0.040422577908262154,0.03533507042311625,0.0012780315371144397,-0.0014598459028391402,-0.0061376760197078975,0.0009610057356631963,-0.00014301196426707723,-7.239984542239422e-05,0.005053152893091954,-0.00048713327813158325,-0.019797371733383317,0.500516224134429,0.6270409142560696
0.05489358563888558,0.1117211399829515,0.1941375742796751,0.00922032078360861,0.013407256006535717,-0.01152400734899619,0.0018045977740367624,-0.0004914400145569708,0.000709995733504279,-0.0002968183621598019,0.00018760205192043972,-0.011111671207216818,-0.00021285228294917096,0.004581232314972422,0.500516224134429,0.8675427394846439
0.05814887902821888,0.09333310380367542,0.17586785543313957,0.002746041903193474,-0.017175278547752477,0.006375904315243207,0.0014322228645612712,-0.006109675097205717,0.000678094802627088,-0.0051521043937601055,-4.091606745579313e-05,0.0036421601409242443,-0.000250734384911376,0.004136793849478421,0.500516224134429,0.8181485717844089
0.054693126593083355,0.12359032451004207,0.1631020067553021,-0.018160837873962606,-0.06010116851064531,-0.08015280466260638,0.00032956411187546003,-0.006691376974528733,0.00046682235810148047,-0.000327823267050166,-1.5781733300743634e-05,0.005168133625871809,-0.0002457318681804072,0.003063990092925561,0.500516224134429,0.6852346672913595
-0.04875947550300338,-0.1942310067080758,-0.07564934628048342,0.002760338532596356,-0.01912930845846195,0.0036396792903958075,-0.007470887075004191,-0.0032118823923708503,5.7437476287246926e-05,-0.0021458445318064674,4.169881690370581e-06,0.0033949316500359347,-0.0010703534345167366,-0.00019198685945041782,0.500516224134429,0.15851268972226518
-0.005513443529221019,-0.2090546299301137,-0.033185620492672964,-0.057394727085906753,0.009488468871863658,0.0028039624268749014,-0.0018711232520524988,-0.005717055572996163,0.00039811838818900057,-0.0007759161338966689,-0.00012410264785342565,0.004932304284644715,-0.001073461040568163,-0.02567745482747313,0.500516224134429,0.17775154359325074
0.000735935218857824,-0.19378898795592625,-0.0460341906246332,-0.021761471020805726,-0.017504797972695288,-0.015812607048919576,-0.0037414275812863136,0.0038828567640377004,0.0003280073022910564,-0.0008966741863068331,-4.8422940477892e-05,0.003866810224397634,-0.0008852928230665033,0.004779298830792294,0.500516224134429,0.21363526032069158
-0.06009981658816053,-0.19348843367446553,-0.07050072796274008,0.011208634737001042,-0.06525249502159118,-0.0031590077996991707,-0.0031578883198740654,-0.006270873916729479,3.108545991059313e-05,-0.0007674341555795332,-2.576428239300285e-05,0.006373363013505504,-0.0011594327750444901,-0.00022663678932642855,0.500516224134429,0.11402079605924571
0.0034761490111511408,-0.2265391093475412,-0.036714108204231995,-0.006115579578596074,-0.04344146663266069,-0.016956012968370536,0.003979890504983565,-0.00558573542792847,0.0003155700161234915,-0.0014366333066607223,-0.00011078575641055197,-0.020510191330325164,-0.0006552473490536158,0.0016114051099884784,0.500516224134429,0.15183436887490065
-0.008178113081615547,-0.2041901616037296,-0.031145293744904115,-0.014045362127249397,-0.022388468811707484,0.010867266872498537,-0.002950550752985829,-0.013306724065797184,0.0002837975476575892,-0.0008823212164945711,-0.0001300411647190417,0.001999288567182426,-0.0007625379075719399,-0.03613081199728172,0.500516224134429,0.17955619064771522
-0.006350372516247185,-0.17867956752302902,-0.05513468316530916,0.00030045773551578116,-0.10358803656363512,-0.0660842461373802,-0.002852502486272415,0.0006895853441197014,-5.201045072161939e-05,-0.0009969509295298228,-4.400587495211467e-05,0.004990488544463875,-0.0008486157286399367,0.0013741631853094087,0.500516224134429,0.0932399275681253
-0.0020641333925559744,-0.2122606736200207,-0.04552368355253438,-0.02075539307370424,0.007274667758964287,-0.05617201183931148,-0.001755597031303846,-0.004163534616114061,5.492398113076064e-05,-0.0010076362371958959,-0.000121804742049993,0.002578087378001759,-0.0010740657220706462,0.0035174962789434024,0.500516224134429,0.16904286570461136
-0.0701944341648096,-0.20499832293704945,-0.051089752110654744,-0.024377659286193745,0.0101521123795192,-0.003364943324136698,-0.0018010058787790678,-0.0034543743432126107,0.00030700717318759207,-0.0006977447671968083,-6.523436463223878e-05,0.004624226715336975,-0.0014935861830675382,-0.0007419344048679837,0.500516224134429,0.15332057863787638
-0.07280681412247625,-0.18885535621595342,-0.06241891606979342,0.007924988615801905,0.017980902860438762,0.0010621933001848363,-0.001202284827881918,-0.0054474647018499306,0.00016345257086906057,-0.0005090186182312241,-3.913573912453143e-05,0.0028728754309047437,0.04469346878196817,-0.001593755480514175,0.500516224134429,0.24234135991877523
-0.05954299254480316,-0.1902175852367832,-0.06377679661001481,-0.019297915666602227,-0.014356741643774288,-0.042623875680472885,-0.0036498479457855145,-0.0002993030943553035,-9.053435067761499e-06,-0.0006624232012890337,-3.0464205588416674e-05,0.002609844060349615,-0.0012419988300048051,0.0017206583401305007,0.500516224134429,0.10913772844037173
-0.037447689485348004,-0.20476722157684216,-0.03936736321413843,-0.024475671409775527,0.016592528224907702,-0.0078080689140839965,-0.002070429090442481,-0.0025837903031715056,0.0002756204744818608,-0.0009528625257122799,-4.7350577240840257e-05,-0.026982129535231672,-0.0010762049791323744,0.0011135148214303026,0.500516224134429,0.17091910604413355
-0.03317911894288263,-0.1962494313358751,-0.07045467530599904,0.01548812679024833,0.009928270518117104,-0.016715966412560502,-0.004392344033074358,-0.002906860271295761,-7.922026609203616e-05,-0.0004665270468988907,-6.764504479924635e-05,0.006021266411491075,-0.0010346246059970076,-0.014406245036639584,0.500516224134429,0.192001229552175
-0.033309647476802706,-0.24561448158788224,-0.07719512503710112,0.020277697476695233,-0.01084991611061438,-0.004543194580910396,-0.003054669277408997,-0.002223141166626853,0.00021293187846312868,0.033110348186248584,3.802600093333834e-05,0.003728163923725026,-0.0005152559941396003,0.001962149606267428,0.500516224134429,0.182540109975279
0.0037365275638132065,-0.25704209248911436,-0.11280443681099094,-0.045187076129460935,-0.004400236063060903,0.0027641803588877452,-0.0017251300141638856,-0.005334202316926168,0.0006263970432590054,-0.0010347239353430497,-1.8693474486309447e-05,0.004832949903898867,-0.00043569225432070393,-0.008193298269208109,0.500516224134429,0.07630069724721675
0.0009232370900331781,-0.2312023669322088,-0.10744391290982533,-0.04495957497058837,-0.009162910869498962,-0.009239759197036563,-0.001329956377417946,0.010481246629887088,0.00040399896608757493,-0.0019448343669298805,-3.1749519732314414e-06,0.0050768248032788885,-0.0004111926661619375,0.0015827439657128191,0.500516224134429,0.11328659234779087
-0.013402825803002786,0.43134982061128263,-0.015977597880434753,0.03266078419466366,-0.057872924533463606,0.008170553604123502,-0.00039414707204005856,0.0002644544471191437,0.0007024556155689411,-0.0008346363925014329,5.248427025072055e-05,0.00470111342983761,-0.0002504962316949431,0.0022281292433252034,0.500516224134429,0.8919133916374676
0.004565067051950665,-0.25389652912357347,-0.10142493097682063,-0.03048413869268548,-0.031391884844446875,-0.02380921662144254,-0.0002357220857691973,-0.004062075058036874,0.000267862780921118,-0.0027236995448528347,-4.649263007041998e-05,-0.02264468523126127,-0.00041413067382537974,0.001976170847658584,0.500516224134429,0.036191819332177105
0.015204966980364693,-0.15070042806802605,-0.052178202664991694,-0.04578901303118834,-0.007884121757136044,-0.011887490217837892,-0.002497115302816635,-0.004607699970590117,0.0005008328722237783,-0.0018931991034982563,3.5886896126362438e-06,0.006933904017105371,-0.000608924551504905,-0.03372408081816743,0.500516224134429,0.21138924120798175
-0.010496694021861578,-0.21649794302396533,-0.08576014132736856,-0.029562005858306862,-0.08206327332710874,-0.049505424641708685,-0.0022247839303549885,0.0023977908235229134,9.528830384929882e-06,-0.00248952390819063,-4.217495151711745e-05,0.0042155518469737625,-0.0004109905759546545,0.001087603159952691,0.500516224134429,0.02917374322893007
0.0008881098771434942,-0.1381886369149019,-0.03857982940855712,-0.036964208377883466,-0.010209746415733594,-0.018517819313747408,-0.0005295735651802351,-0.002737346560906373,0.000994421792006031,-0.0023818480439633844,0.00016366264362708549,0.009249917612802671,-0.0004744518755438057,0.00550301743312273,0.500516224134429,0.26873189301671785
-0.0028999116447475408,-0.17184026491519505,-0.055379461993486104,-0.01570842882947123,-0.011381959363471533,-0.0002383091887116383,-0.0006534252791481172,-0.005295163541564217,0.0006941296055045262,-0.0011479675239378627,-2.9173776402343824e-05,0.006670934084703064,-0.001023127333449493,0.0019997992521483673,0.500516224134429,0.24428389368720396
-0.03785041343138603,-0.2734286565536204,-0.10529225603389082,0.024037941894100835,0.011288316032733857,0.0057003966105531895,-0.0008519481654619166,-0.0030327705552330073,0.00048689034989091666,-0.0018293804523306276,-5.131500067481761e-06,0.001551254129669675,0.03510533819974061,-0.0006529485779888746,0.500516224134429,0.15574285608114283
-0.0329884242274427,-0.24107640935582816,-0.07383425937867336,-0.029501358287533853,-0.0075628409595804025,-0.031877390076808745,-0.0016128077948182357,0.005105133067666993,0.0001151070352746563,-0.0020007184733810994,-1.3421663523488385e-05,0.004492453452665508,-0.0005612909823251167,0.00189248020443738,0.500516224134429,0.09109247669456083
-0.0009048216705151255,-0.17533185559405787,-0.1231080943690596,-0.03593195223651254,0.012740047119119274,-0.010944297822024156,-0.0007683002262579307,-0.0013715687450238767,0.0005580691843821105,-0.0020772999137525982,-2.607088391304701e-05,-0.038912219637900404,-0.0005576875627458453,-0.00019103570935073192,0.500516224134429,0.12368913606682003
-0.0023129092218052002,-0.13583101240319112,-0.07674972526448395,0.02669588629062264,0.0028797851457663995,-0.017126004347340445,-0.0018142949917735423,-0.0014457896191056349,0.0006680619429559241,-0.0015965032247829871,-2.3743750017883775e-06,0.00863986785526398,-0.0007031734107531724,-0.030077150452824688,0.500516224134429,0.27174088805797875
-0.03694797084769921,-0.27410850832811784,-0.025098229240325055,0.006720375986460562,-0.014594926841065895,-0.007777197080321214,-0.007179078622907283,-0.005489182868684444,2.1731312343719847e-05,0.006771935954627838,-2.8758957286006878e-05,0.0027290163210740696,-0.0006576327872022799,1.514680763679939e-05,0.500516224134429,0.1448929449429669
-0.02510144371661888,-0.2695876108284004,-0.09366670807463157,-0.04986314680094543,0.007301781483383019,0.003206291487471152,-0.0018707171498463303,-0.003457340991376005,0.0005316715927701938,-0.0015576503823067714,-1.559805431827931e-05,0.0038576962432197693,-0.0006826336954129846,-0.011542087330203944,0.500516224134429,0.05806872791721642
-0.0025744826091518495,-0.24249552998996823,-0.0927325698026773,-0.04305337007787338,-0.013775509689251862,-0.01958616283328698,-0.0020094563409659046,0.0038937085868984357,0.00015782096450801136,-0.0019121971242620044,-1.006234155186608e-05,0.0033351940483014224,-0.0004985806828352894,0.0017490817908924258,0.500516224134429,0.09100410803320784
0.0052472632321660505,-0.2620300709903911,-0.08370994307099631,-0.028160777971455064,-0.032644378881787506,-0.02466337493131018,-0.0004685639720070106,-0.003225904815000653,0.00017541456449998887,-0.002135749086337205,-6.687865720350537e-05,-0.01590186506004059,-0.0004794402565544949,0.0014111248620424079,0.500516224134429,0.05386307910005681
-0.006697718451265486,-0.27380975458517826,-0.0994625894108856,-0.036006214915306325,-0.011831001941636827,0.0016472610727720084,-0.002114164937600352,-0.005606368925768327,0.00022019651195246537,-0.0017184548574027314,-4.23057858497537e-05,0.003039667517863278,-0.0003776667384704679,-0.015287997083205022,0.500516224134429,0.0524691116044518
-0.007039048031937914,-0.25480663049382735,0.01976386199972909,-0.03449362960097568,-0.10073127492227454,-0.06854927709625717,-0.00294942628319997,0.006066517496376712,-0.00017685975519868513,-0.0014926943181239043,-8.868191988145669e-05,0.0043835868754740215,-0.0005082424518726533,0.0007020189742948518,0.500516224134429,0.060596444606757324
-0.0024469384749598783,-0.2669754783530153,-0.08467799884006222,-0.02906968161764233,0.019192587070855124,-0.02991527066778159,-0.0007939551370228454,-0.00379236664593462,0.00041224399945967113,-0.0027523812460240518,0.00014271547656381572,0.00374243914122485,-0.0005100828070891909,0.0021229740706797057,0.500516224134429,0.10519503010368289
0.0015137558967294451,-0.29716433880091603,0.055356682405322946,-0.018499548898276187,0.0010576331053736702,-0.0012039101569034857,-0.0024189084133735606,-0.010418604595007042,0.00041624413583593687,-0.0010804835919896488,-0.00012776561632259526,0.0035818977715329236,-0.0006781838806896316,0.0010809566755736891,0.500516224134429,0.23193165017132372
-0.020397480648615147,0.3945235049123896,-0.001805243468480698,0.024363683484387454,0.029921923071553377,0.013612996640324818,-3.874293130555727e-05,-0.0007981838434089081,0.0006991363542229916,-0.00010098076503219804,1.7249089543636425e-05,0.0020443507600279107,0.012287173851220436,0.0009138801878450363,0.500516224134429,0.9557594908291047
-0.0217579898605746,-0.2564460817066262,-0.09577622624305404,-0.024868186323334623,-0.007602741529948606,-0.025989545289078583,-0.001714472044397066,0.0033600557285707287,0.0003020163183799078,-0.0017795203252442538,-2.5856830020104078e-05,0.0037177133524264553,-0.0004418740760841361,0.0011982416288168413,0.500516224134429,0.0726917569342631
0.006689987814259389,-0.2570280109288713,-0.1323545508768971,-0.02429140275460695,0.006140567240752999,-0.0027260482750349002,-0.0015030986803231266,-0.002809687630484736,0.0003625235094306999,-0.0019521548463148166,-2.955111379574628e-05,-0.03027279008995848,-0.0004508206560979527,0.0005612729471508822,0.500516224134429,0.06085245979364155
-0.030424909428460212,-0.2665453694952712,-0.12411658692108994,0.027018034336878827,0.00891912896920808,-0.02696042640090347,-0.0018179445638734028,-0.0017627909810053596,-4.0686524716029635e-06,-0.001245421748905099,-8.814535111041519e-06,0.0026700601361200264,-0.0006445771790975116,-0.007237249725608602,0.500516224134429,0.0783552879448432
-0.04639105022955748,-0.21740073020517572,0.09166938880588996,0.03627129755996574,-0.022834206481531144,0.006033998673221426,-0.008591891103716892,-0.006605596564148956,0.00018217553921480792,-0.02357319470122736,4.108864757863786e-05,0.004166879163135789,-0.0008178866774984162,-0.003430728951758083,0.500516224134429,0.30923576760882476
0.0006572314187025035,-0.19414633932429076,0.16476659152479697,0.00908709646203248,0.05296509414091526,0.023141770608284956,0.0002724122478639984,-0.002360005679316166,0.0009973764537343389,0.00020031138457819384,-9.274038441917052e-06,0.008664145464142308,-0.0007309193835421932,0.01479663728117323,0.500516224134429,0.5788183526950664
-0.06822001299910609,-0.22727107691960566,0.1129628790709007,-0.029300826912852032,-0.03170282725402192,-0.021232828404144193,-0.005045708458619969,0.004097320965585655,0.00041731996555983026,-0.00017577895078336453,1.0975231787199628e-06,0.004956302721422999,-0.000831891414476404,-0.0008123765833685768,0.500516224134429,0.238357816484102
-0.008311199643682182,-0.25299382106358675,0.103187134914681,0.005087704643372431,-0.06320467261599709,-0.014418745666642207,0.007049010196315894,-0.006913921663946468,0.00031979862196275776,-0.0013372783115696452,-5.0424447268910856e-05,-0.018981936770892247,-0.000686118337694925,0.0025970571965908073,0.500516224134429,0.25185881118607534
-0.03349558363040479,-0.22121041481349757,0.1290716482626645,-0.005017714253432981,-0.030581437035284056,0.007832506972626748,-0.0020142262905896123,-0.00981153712168441,0.00033904178641182774,3.601689281367449e-05,2.005227994708233e-06,0.004075422908327526,-0.0008251613612300393,-0.015900278058635517,0.500516224134429,0.32301651362051303
0.008092387294773485,-0.24120962912529972,0.07567668628090249,-0.005110822186834294,-0.12368545516346924,-0.07619374667442425,-0.004408790171233125,-0.00257809754901582,8.463138075909797e-05,-0.0008193800800365334,0.00012447544274092777,0.005800760632879887,-0.0005094190031221793,0.0008580097397464536,0.500516224134429,0.13663783495279863
-0.0689799596797431,-0.23147358252929326,0.116379271877802,-0.026993340422993603,0.039292590709795024,-0.06453786894645605,-0.001814109641420991,-0.003004559536719607,0.00021144095875175753,-0.00022074915714489671,-4.843614427523463e-06,0.006999593162848379,-0.0011954609181022062,-0.004696808683376421,0.500516224134429,0.2604778377139527
-0.04488914430648334,-0.21974636566213787,0.1435806471804456,0.01673215386049727,0.030322232868630925,0.0015492371065521815,-0.002442395210973228,-0.004825831372274629,0.0009373157194575012,-0.00026867795445661475,5.224079248134678e-07,0.006936303304472449,-0.0010856801851438572,-0.0042438724251811465,0.500516224134429,0.42307266946576283
-0.07032762097090578,-0.23002440165824056,0.10125912225708332,0.01075402386425612,-0.022432885019756488,-0.048638400535357354,-0.006895416363037622,-0.011306801507914452,0.00011701666990643565,-0.0004382774954515804,4.5862735835157816e-05,0.004410235485831525,-0.0008463389807507134,0.0001525556099350641,0.500516224134429,0.22634489822586615
-0.031459737612281324,-0.22798580294711074,0.12763417284978834,-0.003662533728576276,0.03032524256592295,-0.0014803596230349221,-0.005990320828507844,-0.0024834176107405227,0.00046976327649289666,-0.0007509925176463671,6.209693662362353e-06,-0.028607461839815912,-0.0010085889775176403,-0.0028031404109491926,0.500516224134429,0.35271925642411794
-0.01832085090645763,-0.190993570731632,0.1479725867397462,0.06877308210542182,0.032743614370587,-0.006016911300029227,-0.0029813381382314185,0.0010922883755698667,0.00024467749900548944,0.0005755405986899864,1.2036740949205595e-06,0.009545698702400407,-0.0007147163378304746,0.007033489979105276,0.500516224134429,0.5494710187648737
-0.04456791106391939,-0.2601323773547399,-0.04073586647541965,0.008818239961207945,-0.013907727079991064,-0.00011318960353326594,-0.005134012237577729,-0.004026448994440353,-1.3556084828448516e-05,0.0007508091211959812,-3.7315313790049206e-05,0.001678312923739465,-0.0008368684448114712,-0.001354770186618991,0.500516224134429,0.14090354330090693
-0.04662129806366706,-0.2538339654136734,-0.019353688169039734,-0.018434813074109782,-0.01994396139298912,-0.02421167432115779,-0.0025169208740992315,0.0108938191276381,0.000154601239866315,-0.0006218432328656493,-5.461110195244444e-05,0.0009342715274170052,-0.0008790305742599816,0.0010374242788137923,0.500516224134429,0.1270645340903539
0.01527288938049264,-0.2833117433400438,-0.003376615425374001,-0.008640377750697809,-0.04143815991163866,-0.016658607954798628,0.002487178224864451,-0.0063942059188123925,0.0003047865225672436,-0.0013501305834631879,-0.00011177409673864371,-0.015576424448890283,-0.0006392877081094763,0.0013599270814993172,0.500516224134429,0.14244367820528947
-0.006358145518575116,-0.25896098331997125,-0.007943331919849124,-0.02058314203581225,-0.018148891707278396,0.013458759242557497,-0.0028098196724859214,-0.011372551618438212,0.00011048116287705001,-0.0011842407683473823,-0.00013909969639171722,-0.00017005940738063863,-0.0007366712075827515,-0.02929523182141317,0.500516224134429,0.15638329584634275
-0.02747869639724302,-0.23204489264599315,-0.02049872566246415,-0.02069645182213428,-0.09201239255934494,-0.060701057868547216,-0.0031148276066341593,-0.000501971080280119,-5.191470611310787e-05,-0.001023519101212715,-6.155397849937163e-05,0.002740014887656791,-0.0007051070025433821,0.0009851167949446028,0.500516224134429,0.04535024538602328
-0.009678186165748176,-0.28258759687771523,-0.026220175997036726,-0.020480315507298976,0.010913252936974961,-0.05159294251978046,-0.001888274523507943,-0.004836189016618682,-6.0608579371523156e-05,-0.0011788341642158398,-0.00014718486894953114,0.0003653881072680001,-0.000862805559580828,0.0019895973404390876,0.500516224134429,0.1142513487392899
-0.047425741747821715,-0.2698014417404763,-0.029981615344169946,-0.024115412254346352,0.002218248227291788,-0.00015627417683193606,-0.0025604465291966675,-0.00857221458254315,0.00026687391501266724,-0.0007979436531954094,-6.701438277813129e-05,0.0023546258691960927,-0.00105320100592781,-0.0012636202082137614,0.500516224134429,0.11956104652043263
-0.05600286481616667,-0.2588392329383935,-0.02185291793024769,-0.023785602523174333,-0.013031043174646947,-0.05059348634359936,-0.003430092216800308,0.001887951448107976,-4.638385301943973e-05,-0.0005320647744095105,-4.039269313623896e-05,0.00038286032670854694,-0.0008933418028177016,0.0004678214373310485,0.500516224134429,0.0742074342801684
0.0054295067556639105,-0.27083780976033206,-0.0026978931127743223,-0.0203585860642924,0.022908714132790706,-0.004580345653127202,-0.0021973811560850555,-0.0051388477148497595,0.00025006254527993433,-0.0009514000543025443,-0.00012915869850061375,-0.011809389851414344,-0.0008163004040766753,0.0022172347285428474,0.500516224134429,0.21180462982695475
-0.008419188606459065,0.394072122030032,-0.032296001462620995,0.02580409998895781,-0.01110062794733285,-8.617250207943583e-05,-0.002081512059790012,0.0010168978242931536,0.0006160961596178542,0.022454109906701127,7.413641471638634e-05,0.0036943435290086642,-0.00019645352244557318,0.002641924998383752,0.500516224134429,0.896709998885417
-0.008592641364066601,-0.259552010007004,-0.12354782111571935,-0.03775951751300856,-0.018761580133099857,-0.009042560959678881,-0.001920705767390302,0.001938823476880247,0.0003461116770393293,-0.0015596703551637593,-6.877583297778143e-05,0.004079731289314172,-0.0003984529093121372,0.0015175395623888775,0.500516224134429,0.04719469418263417
-0.0004350500414156119,-0.24934099305811458,-0.10750894222789585,-0.02549917963391996,-0.032392878486230174,-0.02143608701406521,0.0037966050484830806,-0.00340457362698383,0.00019350893915428478,-0.0023836070216973035,-6.050813563830898e-05,-0.014873716468397656,-0.00039914131036889697,0.002017710223544778,0.500516224134429,0.04878937132088659
0.004067806472435499,-0.26871117544231216,-0.007609254916237636,-0.04924701420084823,-0.024297759539047604,0.01198485471130007,-0.003361717126211618,-0.011382547497082014,6.972535982570206e-05,-0.0008335309164049266,-0.0002137008639253858,0.0013628045073572667,-0.00043266216408659034,-0.03157847488644616,0.500516224134429,0.12033357763274996
-0.010556303074729859,-0.2339878279106221,-0.04420097172983083,-0.02556701957015981,-0.08662816598216459,-0.055563979431583026,-0.0015903898140225054,-0.0021404445233649786,-0.00026752910945792576,-0.0016443138169774864,-5.65098964642408e-05,0.003665987623080585,-0.00047617324006615325,0.0015195143208358599,0.500516224134429,0.04302209797890571
-0.00015430116606193704,-0.2649880264471986,-0.09443037100205923,-0.02066033327535496,0.03113750065478208,-0.029929398216400862,-0.0008247379799837013,-0.0019437435878109017,0.00037140209570239756,-0.002088570965641267,0.00012617463458781852,0.004136633342668152,-0.0005226212641712021,0.002686665925195091,0.500516224134429,0.12343249688268534
-0.00355913624132248,-0.28006377205125244,-0.12104758570831288,-0.011788137170268349,0.008277535592358791,0.003821985526400577,-0.0009112318015292347,-0.003366810115364564,0.0006720698751004007,-0.002041045408184534,-3.623585120672641e-05,0.003789770897404007,-0.0006332444231547372,0.0017608907102087974,0.500516224134429,0.09539127796530962
0.006139830806150782,-0.25692053884619975,-0.12274907125549436,-0.030736072206320377,-0.006292071614461903,-0.028147273397762438,-0.0017613189407686624,0.0015442831438516953,0.00018202097069263103,-0.0018546086738475487,-3.935693128604982e-05,0.0031492422654374784,-0.0004228607616816273,0.0022573241166254725,0.500516224134429,0.06486575280936752
0.0058210780770610645,-0.2744219774295591,-0.1222496847516159,-0.017755370718283245,0.010929703085716084,0.0015864908847264985,-0.0009343361112025832,-0.002709633758916863,0.0003681150119892312,-0.0018832605223324606,-5.20913076776676e-05,-0.019039250414759238,-0.0004888575475078691,0.001496045224063655,0.500516224134429,0.08118319385613398
-0.008565802323500455,-0.24841797909794391,-0.12247543793160272,-0.0359644063498567,-0.018523128515297367,-0.013583295433713444,-0.001597580330627063,-0.0001819128970672506,0.0002485737104186413,-0.001879998038182003,-6.947011313886935e-05,0.0028577832153783376,-0.00043863002331978677,0.002601826923760828,0.500516224134429,0.05452676692974089
-0.006340938318227914,-0.23541870704137047,-0.12746730211643462,-0.02281217745842104,-0.03199804341252349,-0.0170738488886491,0.002656037889334561,-0.004267037531694786,0.0002447805191871371,-0.002045861819120952,-6.209179487913818e-05,-0.015913858141375786,-0.0003723723995637699,0.0013533641357358342,0.500516224134429,0.040998167756428706
-0.01164553167666532,-0.2533466994331799,-0.10491089642452206,-0.03891257251632531,-0.016831283482324315,0.002203074919722741,-0.004422846895730642,-0.005084108307671481,0.00016505092543203791,-0.0015919150175423217,-9.21533033371602e-05,0.0017083922151293312,-0.00036962977653476884,-0.022019219871238407,0.500516224134429,0.04536588548964442
-0.01199532340304371,-0.2159004090975279,-0.10293337064604888,-0.03218825810259571,-0.07954684905392503,-0.04415794817385795,-0.001925040030039719,0.0017185768845699133,0.00012149965213352525,-0.0022097878457656593,-5.391235843542806e-05,0.0039157989182868995,-0.00036453327329776083,0.001159786337619745,0.500516224134429,0.01615645394250442
0.000651757331991328,-0.2536428260352314,-0.12261592493678027,-0.02834349213159811,0.0188735024467466,-0.02360017464188705,-0.0005645157662695027,-0.0035608193363856015,0.0005867648249277251,-0.002003474585530607,2.9732548214956835e-05,0.0046946339486097985,-0.0004393445112559992,0.0017795197477262527,0.500516224134429,0.09236156303771077
-0.001324030719054921,0.44122609057104706,-0.05591520107548897,-0.011319138987167979,0.018464199668441872,0.011373936970613828,-0.0004009451109338217,-0.0005619565999047155,0.001073856310264994,-0.000533727112483563,2.4115152047305358e-05,0.0033906847279130663,-0.00017992340740630595,0.0012987054264331937,0.500516224134429,0.9071328899487544
-0.00896768461566905,-0.25272174151926463,-0.11851899219331456,-0.02754660696563089,-0.008926392464789776,-0.024532010689542957,-0.0017738844199934355,0.0017348526137624185,0.00024844845100606904,-0.0020286480361653564,-4.349158305787247e-05,0.003510315608271304,-0.0003753653722948543,0.002405239943742078,0.500516224134429,0.06298026289149038
-0.0013346406081090516,-0.2627570629445785,-0.1440103071786881,-0.018387986910955726,0.00939607910017431,0.0009002570123908667,-0.0013344546663081223,-0.0022265261498592647,0.0003409752725789205,-0.0014879678316161876,-9.800751155616537e-05,-0.020094935417526622,-0.00041501603478324116,0.0008674368326238758,0.500516224134429,0.059874067098218575
0.026618389197800258,-0.24549721826263324,-0.00931238298014458,-0.05165420723122913,-0.01445847333214145,-0.01593275704589934,-0.000787901068311258,0.012179595527493254,0.0002980979455393718,-0.0009109338212149708,-5.543303727733414e-05,0.00472294516590068,-0.0004539062550628964,0.003140584304761665,0.500516224134429,0.20841262324201384
-0.00625754238269472,-0.2290455099970196,-0.15168043874324041,-0.023110737695925598,-0.02900415802020466,-0.0131996189932514,-0.0010059617444209093,-0.004318755685248139,0.00022710247208218988,-0.002245304594878378,-6.203850130968915e-05,-0.016100165108850643,-0.000372012558676649,0.0011947382663553372,0.500516224134429,0.025535820847148703
0.008835325606127178,-0.2518604801587358,-0.11577976153561459,-0.038977036921025165,-0.01198459805613832,0.00477189707586504,-0.0036287872647872894,-0.0057013579392084885,0.00023474059633193716,-0.0018760605826355135,-6.117436982450779e-05,0.001145899826125983,-0.00036249756498738493,-0.02452316276174486,0.500516224134429,0.060749170084180786
-0.012351983452605296,-0.20881042558924431,-0.11273881091388985,-0.03066364734843422,-0.08014931382160681,-0.0370121945052488,-0.001771831773536276,0.005026651115727037,0.00015765804856886776,-0.0022827085750509314,-3.7280710237588924e-05,0.003409479139168573,-0.0003522489758254588,0.0007946691593324004,0.500516224134429,0.023734235931549788
-0.0512783663447144,-0.2255650790450222,0.0005623614960299203,-0.01610008521455723,0.027308768512753254,-0.04092473018490633,-0.0009649077385924423,-0.002625289399104342,3.955502058547391e-06,-0.0008902212890598737,-6.271734972111054e-05,0.002782460642966149,-0.0009285039206347388,0.0008203291485336504,0.500516224134429,0.1926541989504612
-0.004215620787152697,0.42404511702262526,-0.047041426255865784,-0.015046268193285497,-0.005855443611011267,-0.02513173406632845,-0.00073286186851844,-0.0034035454232629356,0.0008112195157627761,-0.0009484242872291333,5.123255787439071e-05,0.004174544808310676,-0.00017172416205111206,0.002103002387403461,0.500516224134429,0.829154291771704
-0.027445293254575367,-0.23953257971189282,-0.1487638597218957,-0.019904140724287454,0.009793392505549283,-0.004646507949537413,-0.0008640918945199751,-0.0036644392100990664,0.0002801429020090576,-0.0011080274994197195,-3.513357763413211e-05,-0.020316092365506182,-0.0004947234638501913,-0.0004263055610872401,0.500516224134429,0.043388564607685
-0.008419874835695364,-0.235576154381162,-0.14147808845388574,-0.03620999238998535,-0.01577985617280003,-0.010062160724240526,-0.0015791646329287598,0.00017602499062982624,0.0003270532842294131,-0.001680469944976622,-8.849219770815568e-05,0.004290630856373809,-0.0003648147653346101,0.0017902442163451847,0.500516224134429,0.05586110898329268
-0.003412008672428346,-0.2298677507107363,-0.13678624362864802,-0.024775914718289434,-0.03491003078614408,-0.01864848959198649,-0.0019782235653951806,-0.0033063501955264284,0.0002530097062322167,-0.0022327725708429194,-8.615204973094675e-05,-0.017216302358549252,-0.0003638571797075592,0.0017823686831767167,0.500516224134429,0.02896750649585608
0.004381947517928947,-0.250066005147631,-0.10783614310227341,-0.04501174918008103,-0.016897168792611755,0.0004260131159434144,-0.004777046950213679,-0.007339948184885425,0.00017509503430393315,-0.0021464357500166247,-0.00010898014358476686,0.0008565799754802288,-0.0003681040309534197,-0.02817241992776498,0.500516224134429,0.04363185856807211
0.018248651176163717,-0.20211139113196327,-0.09821876645826026,-0.03665652456175303,-0.08075669600488011,-0.04911734942914147,-0.0019751062402056084,0.005463117872798672,-8.576120872588522e-05,-0.0023072633699939586,-7.503536285754383e-05,0.004181775949495093,-0.0003872327729706743,0.001465314875402485,0.500516224134429,0.05818395746754043
0.0036418450754193187,0.41380035474848587,-0.04093627414557402,-0.010800139099489839,0.033782873233156326,-0.03968148386465523,-0.0010530529991058602,-0.0016676277328663543,0.0011459899868092116,-0.0008045302031913263,0.00019832330214125083,0.004208515239763329,-0.00018033208186940918,0.0031851231398779987,0.500516224134429,0.8653558087333347
-0.0016974188114608467,-0.23203672074133486,-0.164117432286422,-0.025753195630014748,0.008949017407981767,-0.004379946922389673,-0.0011903929576132267,-0.003219685657153044,0.00030635062691223197,-0.0015231032181075277,-9.604869215356741e-05,-0.018060491377567697,-0.0003939737464073745,0.0003218803297213854,0.500516224134429,0.057625062458422714
-0.0009194622343764925,-0.18895522494389758,-0.17818222650944185,-0.036200476185433386,-0.018191010819874558,-0.010410334476260328,-0.00041729143223620123,0.0006872669366512613,0.0003810761664382315,-0.001891807109777417,-3.9782688947121025e-05,0.002816664812574379,-0.00034070890785145813,0.0020812258111753334,0.500516224134429,0.07093413255317517
0.014159860706079604,-0.21767661812197564,-0.14985117568660566,-0.02608385967626001,-0.026796338893536723,-0.021183776037263125,-0.0027470494074044757,-0.0027795555967232975,0.00023349655028135944,-0.0022656004771946015,-8.06414702975774e-05,-0.01468863603894872,-0.00039503205369112465,0.0018162443294066355,0.500516224134429,0.05217754226029919
0.011378130336242019,-0.1552690226195507,-0.18274664446578998,-0.03496217735994319,-0.013820538007150763,-0.011533679654378414,-0.002026645325802786,-0.0055763713371800175,0.00022596011048885324,-0.00124203712496335,-4.243490969450025e-05,0.0023838554592058034,-0.0003109911765214525,-0.019628080876856163,0.500516224134429,0.08734554718253765
0.030877550514737537,-0.16949263703399606,0.08909316340295623,-0.03055470184607258,-0.11494466729214924,-0.06377155235366629,-0.0014053988013056082,0.0037221761660603285,0.00014720857804360982,-0.0008691504606295453,-8.379654305829497e-05,0.0026858951373364037,-0.0003691373523249905,0.0014660870318502566,0.500516224134429,0.2470172632822138
0.019826039311260035,0.3579944380120586,-0.0035800136360949787,-0.004228391901751868,0.020303250436193528,0.018145597022980412,0.000462050530487697,0.0001774465102621473,0.0005726478129223511,-0.00033549466415927584,2.2894026338959494e-05,-0.018506407337293675,-0.0002873085170861938,0.0029346960381745066,0.500516224134429,0.8940176677787264
-0.07837688406101198,-0.1952835009424651,-0.06303126633715113,0.002627369789966195,-0.04380063103502884,-0.01610672880570126,-0.005456713314351292,0.006269348598009965,0.00034028734040164973,-0.0008298275025078765,-1.9114102563479614e-05,0.005432932577995659,-0.000912174413397298,0.0018398878386191753,0.500516224134429,0.11320920976524752
-0.08141969068512842,-0.20234790140464012,-0.05689244071271023,0.01904350124969826,0.01747856666588241,0.005463834736004965,0.0021549533001194872,-0.005406322647030386,0.00029602157013472203,-0.0009853920161711012,-3.787540495154772e-05,0.0036753293669634472,-0.0010051990607516902,-0.0008944379097930842,0.500516224134429,0.19963917118205923
-0.051831886141555164,-0.2174398140450919,-0.05428877058840898,-0.027603697601100555,0.008651973655694046,-0.024586372451498882,-0.0018032812352152948,-0.0025139030890347644,-0.014696399950589207,-0.00045647699148141854,-7.916647520442864e-05,0.002294656749124163,-0.001763732704418321,0.00016193440327600685,0.500516224134429,0.11456128766892729
0.0005866932505173033,-0.28467085712901746,-0.023808984400804842,0.01272020630811553,0.010897606947581661,-0.011721084871976848,-0.004675439091040823,0.007686672424946627,0.00022917139268445715,-0.0011462789346194182,-6.679924751504378e-05,0.003190888590139389,-0.000643191231323383,0.0018378565301158585,0.500516224134429,0.2109326846722354
-0.03232705447478823,-0.25746164640206337,-0.035692392882907084,0.005403950284519968,0.014747101335991239,0.008420219905574842,-0.0023266767938585117,-0.005779250520526642,-0.00010037424839227574,-0.0006337405930446989,-5.2948965415794896e-05,0.00042030197502349753,-0.0008972800618826423,-0.014316251787226581,0.500516224134429,0.17992018090543777
0.0019134414753221162,-0.2771419345495215,-0.027566950615316353,0.011300041106804612,-0.015992562061152776,0.003403808790795891,-0.0028414510472873377,-0.0068775270747926665,9.85385284766577e-05,-0.0011473084309793654,-8.27088840017932e-05,0.0007269739772436399,-0.000685380108110489,0.002316131133549358,0.500516224134429,0.18793933637546323
-0.08711287066802782,-0.19879028762452727,-0.045681788914124104,-0.014895418068983604,0.013909180423041106,0.013066120557656777,-0.0007903356362941909,-0.006475313560414901,0.00019070968249381201,-0.0005943960804116103,-4.5291368659002025e-05,0.004743100554335923,-0.0012896160497198467,0.0001597684689150431,0.500516224134429,0.17690978584971334
0.008104954003666093,-0.27668072778513764,0.009063813325721867,0.01007776394168856,0.008798809029270504,0.004899083388823627,-0.0025758258370059536,0.016226301421354068,0.00026912283552876255,-0.0007466660762757779,-4.391428704334879e-05,0.004655414094797958,-0.0006161727199001028,0.0020424086426180576,0.500516224134429,0.28399058811253985
-0.043186071211341666,-0.21734964899278136,-0.0367154229268421,-0.01827506217343827,0.018061115902042683,-0.0023076849613731603,-0.0027577259843107435,-0.0032758265917083988,0.00036656641314794215,-0.0010055881621038338,-4.041444452922167e-05,-0.02235217182496583,-0.0010516456305913,0.0007870849170057404,0.500516224134429,0.17141372846264313
-0.01102549421840589,-0.25624333985324554,-0.03282902589569836,-0.002707020677295915,-0.07751307572004897,-0.05176751891663846,-0.0019551783071990103,-0.002515779024107866,-0.00011196900701984542,-0.0014992753448033658,-0.00011780259933671763,0.0019522298214843196,-0.0006248485082103894,-0.015028460044078654,0.500516224134429,0.048529665839828304
-0.012607700991587666,-0.27561550051179173,-0.02973595960464425,-0.0024466014739820655,-0.019220004657808445,-0.000729703869291392,-0.004153587834781838,0.00690992321850613,0.00016363054075504586,-0.0008067135468611958,-1.6220613858656256e-05,0.0019042618718127793,-0.0005825553898072046,0.0024445159155674803,0.500516224134429,0.1660240071866605
-0.009161358955779493,-0.26573473642609224,-0.03024451263780259,-0.004545645493102394,-0.07726538725797777,0.0013607354907224799,-0.00253146082651935,0.011179955706356902,-7.258744599958756e-05,-0.0007667772567850292,-4.214986338086779e-05,0.004017072104804717,-0.0006140256922258392,0.0011074118258050983,0.500516224134429,0.12720275740645615
-0.003728592524072008,-0.24173251789360276,-0.10780552907040944,-0.027202330441336197,-0.030788338344184412,-0.014599387943215896,-0.001835518195403025,0.00477106737955039,0.0004654209539220254,-0.001974900016033197,-4.450589162664672e-05,0.005320497186514737,-0.0004097568418551733,0.0016390587525782314,0.500516224134429,0.0825908912452587
-0.020635395670048188,-0.2794009143556161,-0.11174519111635028,0.012274411916281536,0.0029511445807525005,0.01630383932580338,0.0025382898482013464,-0.00448256855538362,0.00033902146728885047,-0.0022879526596358557,-2.4500849960817453e-07,0.0015119951372805451,-0.0006418456421548884,-0.0001927915604676792,0.500516224134429,0.117048021841886
-0.05235356161590335,0.37785932110781073,0.04288047571846352,-0.01360186382716828,0.026962833531977922,-0.04146148378638812,-2.7180585779274473e-05,-0.001280379800811511,-0.024539036327006495,-0.0005861879228072837,2.230427268405642e-05,0.0005436548361704794,-0.0004898661667150362,0.0011593833457933622,0.500516224134429,0.8156046369147524
-0.011522716529625138,-0.2803742504548217,-0.12707034943638001,0.006079278153148531,0.006464318373150983,-0.014840168480319558,-0.002522774177936386,-0.0016205949746503166,0.00021015945873093666,-0.0022737378622047174,-9.641274628559746e-06,0.002280665670703648,-0.0006715938004239937,0.001892085630630071,0.500516224134429,0.07653690442980643
-0.009018693054105147,-0.2688752990088766,-0.12077617668539302,-0.007831717344306386,0.006127186736460138,-0.00027065789777136375,-0.0016167298112548941,-0.006259970929037729,0.0003336080044323257,-0.0017729918353634362,-3.1729373612711326e-05,0.0027531726804756688,-0.0004774211542774672,-0.018114511905107166,0.500516224134429,0.07468429255669656
0.020211700308496432,-0.29751755116169226,0.012821793482302338,0.00660837881118893,-0.013372866085044618,-0.012573873616896384,-0.0019002114497008095,-0.007615244270400289,0.0002323117891030584,-0.0012564828547847152,-9.232128731460628e-05,0.003785706934125136,-0.0005286671847996324,0.0033582072487722734,0.500516224134429,0.21267710479778812
-0.03828652177422723,-0.2878303430340322,-0.10098693053209534,-0.019307558227650557,0.011954527153995635,0.011672898772593185,-0.0026520757079108196,-0.0053505513382095145,0.00042439224409930175,-0.001902245365801184,-3.0345351874597336e-05,0.0023363048343778125,-0.0007667441416254294,3.248678171761629e-05,0.500516224134429,0.06982351844779044
-0.010813467537548112,-0.27413419169817843,-0.12607966803083176,0.011070168586374317,0.008495014702748181,-0.0033733111678110076,-0.001976274907218446,0.003868551416854396,0.0005497389517776961,-0.00202566721021501,-1.4022055831098392e-05,0.004098436147233566,-0.0005799278461928258,0.0014268759807917887,0.500516224134429,0.11102847946638658
-0.03143704969237186,-0.2729581102799198,-0.011518744320608168,-0.023543956139497953,0.013322178078178353,-0.003528186282782921,-0.0007796013623716314,-0.006872196526291834,0.0002590565767218965,-0.0011171736188967218,-7.392778224024869e-05,-0.021058490410605726,-0.000862345876445739,0.0003963911572451061,0.500516224134429,0.14074406765454503
-0.0100379476018546,-0.23318486371023536,-0.08340246633238896,-0.027758064346406857,-0.06281412003853724,-0.040254422181472495,-0.001434176836226804,-0.003634202708261535,0.00017617672498001735,-0.0024287574066116416,-2.987314614534913e-05,0.004294934006966567,-0.00037555118446215845,-0.014890891796062468,0.500516224134429,0.024741997577713733
-0.010174045843760604,-0.27192590954815743,-0.12070002208267394,-0.02300344632739052,-0.012267625640697923,0.005786582840101699,-0.0019358370630566102,0.0019908274142408926,0.00045963575551794314,-0.0013225605081065783,-3.141124645149364e-05,0.0038967449465053088,-0.00039269479190234526,0.0008056546132749423,0.500516224134429,0.07170211665187538
-0.001891749051330412,-0.2676510625715943,-0.09660791515310811,0.010723359729163353,-0.04663524882788274,0.005950675876671052,-0.001191351384888244,0.0029167576520419763,0.00025826218608626097,-0.0016912968313643828,-1.6263513561742408e-05,0.004551200132469226,-0.00048157498024166797,0.002338931853033703,0.500516224134429,0.11108894924992681
-0.029537667654828712,-0.2554956841698078,-0.10040245390340284,-0.025512525012394205,-0.03204306134750244,-0.01845008642063849,-0.0017178913923403827,0.004763609632805853,0.00031748153732421555,-0.0012203254585982327,-3.8974927614893355e-05,0.004155676199393988,-0.0004574989121528292,0.0013533228798779911,0.500516224134429,0.046230145184553484
-0.016832369331713042,0.41810561631549653,-0.02027070611624291,0.01823602641902463,0.02629513385262402,0.02220233175727082,-0.0048875889427437815,-0.0005950943445845456,0.0009207505118206567,-0.0004220788426659308,1.2245618823129396e-05,0.00136893650713748,-0.0003019457217770924,0.000939419512336136,0.500516224134429,0.9452869013292381
-0.011472792850410495,-0.2816969130425812,-0.1405902085695709,0.010539625346688243,0.006800910766506066,-0.013650767706805265,-0.0027082445037300254,0.0013843059039501766,0.0005502396120208294,-0.0016612331269527526,-3.708184488006318e-06,0.004206257925416304,-0.0005759744795740152,0.0006763672806801508,0.500516224134429,0.07231408850558169
-0.005768157556611387,-0.2849193601401188,-0.12984742176455047,-0.011225327241928653,0.006137554484670964,0.003109296144848034,-0.0016604187582012209,-0.0057981036156745675,0.0003500564718890657,-0.0020898905261732205,-3.254451369180604e-05,0.002003982964467498,-0.000484429482516413,-0.016640703704879637,0.500516224134429,0.053650756895963825
-0.01572008694275593,-0.2732906267218961,-0.11707341848713866,0.009109360721048294,-0.019968529435608052,-0.012454047105043393,-0.0009891280604271279,-0.0014393182937924986,0.00043433412511198027,-0.0020892178190449365,7.246427646153107e-06,0.002781535208607795,-0.0004903720452243281,0.0029730276568900155,0.500516224134429,0.07230698336280655
-0.030541390512818355,-0.2833307980086356,-0.025622128234810686,-0.016721555040734908,0.006695808765138229,0.021550384676689894,-0.0019459674273053806,-0.01332805561976701,0.00048788895834868775,-0.0007411879436857576,-4.8098098813042275e-05,0.004029354430780552,-0.000960878442020388,-0.00010398440914902499,0.500516224134429,0.15993561722765043
-0.015673203770072277,-0.2820375999007913,-0.0951220367619024,0.005625827409810809,0.0127055164738976,0.0033004330530163085,-0.002065450479484716,0.0032395520909208847,0.00028603197079391613,-0.001197562414119085,-1.4892191303441103e-05,0.0036401190657447745,-0.000600475493499455,0.0005666204451183702,0.500516224134429,0.13316910363256323
-0.004473924880195042,-0.27193761803687483,-0.08354439277343916,-0.024498316799941876,0.009974952107304995,-0.002824894597100712,-0.0018310711968540009,-0.0035347099075451554,0.000320269634670987,-0.001398511235686277,-5.969601841080115e-05,-0.014565972648433553,-0.0006712034468422001,0.0011088478808945412,0.500516224134429,0.1025799822159792
-0.008891661079588303,-0.2697690285079901,-0.0041258934954812665,-0.019698756474566596,-0.07936857129837953,-0.050750049092904724,-0.002119423223132471,-0.004939885766695421,-0.00016909703366245832,-0.0014797109698239364,-0.00013748491068372906,0.0023026596135463148,-0.0005036773735943939,-0.018108634607462572,0.500516224134429,0.042757009914014855
-0.0041349813862892465,-0.2760804119021888,-0.03460836943120362,0.004710088074414553,-0.01648899206056168,0.01358230038673786,-0.0012289226558365536,0.006904511097371234,0.0003571283223029557,-0.0009148330648544564,-2.601706098459655e-05,0.004351692888258587,-0.0005594408520652569,0.0027116136957530484,0.500516224134429,0.19909159018528672
-0.016804704548184606,-0.2636743729262695,-0.09591761196382452,0.006546013319645689,-0.047788675984459794,0.007494394073837128,-0.0016404699251085393,0.0023269160747023156,0.00021480054571672714,-0.0016146629346101063,-1.8038361407697513e-05,0.0041586880377603025,-0.0005095278493066873,0.001618303851703398,0.500516224134429,0.09490727554462701
-0.00681372555019136,-0.2625082677740092,-0.12033802195516012,-0.028095250720688476,-0.028177848246275197,-0.019245905528259385,-0.002146325116861869,0.0031751772234040517,0.00037486711919362174,-0.0015877154033257983,-5.265113672806833e-05,0.003692767966608297,-0.0004035315901555373,0.0016212141889170558,0.500516224134429,0.040011007610899846
-0.01211599039094106,-0.282893898153817,-0.0951426753550966,0.0028161075570149363,0.009956081363931817,-0.018649016317032353,-0.0029341274350087533,0.0021953746560209927,0.00011608377041154675,-0.001612581097289152,-5.725301338821513e-06,0.003315920679062929,-0.000716342555914924,0.0007981672387450077,0.500516224134429,0.10564360279318168
0.002021144682710192,-0.28615842939497904,-0.11406098693842297,0.005577151264591318,0.0037711709450605133,0.008008184390251477,-0.001968770827867185,-0.005684111796452199,0.0003849534021261768,-0.001659973321161527,-2.9558113503958996e-05,0.0011321252520508822,-0.0006006368421743689,-0.016612961661883325,0.500516224134429,0.09463552517478031
-0.012824008223711844,-0.2719663610897877,-0.12443285894395537,0.0009625845405262634,-0.02059852813877935,-0.008479459482454951,-0.000625323343491808,-0.0032404303021706794,0.0004631089364897361,-0.0016211983677035847,-4.32245383381089e-05,0.00355263365681923,-0.0004889028923195842,0.0012074783737951469,0.500516224134429,0.062381734319350485
-0.003042856588869486,0.4336840499856773,-0.034405753143909285,-0.0054916320214446115,0.022735798038506803,0.025925621782037486,0.0010273956011437818,-0.0018522658970664793,0.001025275272440015,-0.0010204061156298312,4.667320756123287e-06,0.004350512845086764,-0.00017686802514489723,0.002962479361511483,0.500516224134429,0.9462422425495275
-0.008524909130830094,-0.28241983921235003,-0.1351313025745363,0.005124886884807577,0.010743105176914439,-0.0027789993826340615,-0.0021858443749306396,-0.00024036154911826908,0.0005155143475170477,-0.0015135251212021407,-1.394072915448726e-05,0.003452160793392814,-0.0004650610732129185,0.00014393045894471124,0.500516224134429,0.0872220386480404
0.01751800925468143,-0.29882368580634505,-0.0028544639879599545,-0.022930409573595035,0.01621601437296276,-0.0024073100793597473,-0.0005173621130234672,-0.006661554166496073,0.000274169225027841,-0.0010655357348164176,-0.00015239613364549588,-0.0219777877539912,-0.0005552848301456059,0.002120100614194697,0.500516224134429,0.1786987274219214
-0.011277396752776623,-0.24587401946537307,-0.08336669064450133,-0.025043303675641632,-0.05740000247122072,-0.040014883419307666,-0.0020533274042066935,-0.002148429095149847,-2.289840231146515e-05,-0.0026473634663926266,-4.38542831671285e-05,0.002810962998800644,-0.0004018944383417833,-0.01516741981696803,0.500516224134429,0.01786570379787491
-0.00859585468404699,-0.2866593453451101,0.01168932635364424,0.0017863383915384223,-0.021603846651325094,0.0077217427201271465,-0.0030316727625662606,0.011643271246300064,0.0003245445811488539,-0.0006484065990142632,-8.581007067778611e-05,0.001753171402457655,-0.0005234336031035224,0.0026887225624716896,0.500516224134429,0.21697497167627705
-0.008684691068734969,-0.25962545417278865,-0.09761255066313926,0.009963995931425981,-0.050199843597112895,0.010568510738938509,-0.001798306724779359,0.004766667733235588,0.00019790831034016606,-0.0016171909928559614,-2.4777991696430724e-05,0.004255608911969411,-0.0004751102028771735,0.002207480155934268,0.500516224134429,0.11243847050229192
0.020571995171690855,-0.2869767558723504,0.015209591831667485,-0.018240483854204063,-0.034720945182504626,-0.025585400584487373,-0.0020780622483706143,0.012743811163584421,0.00042185035225817487,-0.0008338158757922247,-0.00011165155442881862,0.005773785570398347,-0.0005179339276276685,0.0024370103723671604,0.500516224134429,0.1886092194966333
0.0010638048832768163,-0.2714272500613906,-0.1566816382379825,0.007462958972922991,0.004341513489877481,-0.012820091346390476,-0.0027403967998792284,0.001726589897367751,0.0005954544337098965,-0.0015812643877383499,-9.659369654053488e-06,0.0042396059698766725,-0.0004900786020866866,0.0012894824371943105,0.500516224134429,0.07548525541353622
-0.0013905930347462236,0.41890532427430516,-0.03630338160884946,0.015003559351596677,0.021955235624515332,0.02069190996098483,-0.00045708736635681566,2.870788035842149e-07,0.000826673712480278,-0.0006877385443855229,8.878741964428423e-06,0.002008413553117587,-0.00025197709401001973,-0.01571679307797801,0.500516224134429,0.9251089357058753
-0.011458051734426388,-0.27295522244339615,-0.1248682853011617,-0.002925315748896417,-0.01606511259564355,-0.00513226945205285,-0.0007038657172096334,-0.0038769878203969467,0.0005065598295327341,-0.0016617431391509599,-1.5076759075241356e-05,0.004197153131065004,-0.0005011083078198704,0.0012226394891310254,0.500516224134429,0.06627953756493188
-0.0015605349725849808,-0.2785178584865893,-0.14947452938246886,0.004459654962323024,0.01055796368932345,0.00045250643797529295,-0.0018892964287979825,0.000995798973865598,0.0004783250427317108,-0.0013428069040421465,-2.0991038702961862e-05,0.0032729295590986467,-0.00047458918329976776,0.0008209165496369449,0.500516224134429,0.08827371295290153
-0.0007818253364586265,-0.27206601645729156,-0.1356003544067516,-0.018428149275519366,0.010933145071276152,0.00048176073942727475,-0.0009708062718934706,-0.0013897934141685934,0.000354639828222831,-0.001614908319286199,-4.719285167828505e-05,-0.02009948153877508,-0.000431747659907931,0.0009184385965148122,0.500516224134429,0.061773932838142906
-0.01571884255299489,-0.23861462641594597,-0.0915744838304436,-0.03405383240362134,-0.055729940778945275,-0.03542892340982076,-0.001652671710548162,-0.005023927020111546,0.0001333764600004873,-0.0025274130321516135,-4.320366067127285e-05,0.0036494852851317048,-0.00037865886274435364,-0.012212323274537414,0.500516224134429,0.011340238927028859
-0.011268172641340952,-0.2751711513848932,-0.11473290321831259,-0.013528092488741735,-0.013355259013868116,0.010646105678819536,-0.0023011261015107904,0.002901363655006707,0.00044862143029999075,-0.0014050854238380438,-2.7526195370193534e-05,0.002813278024977107,-0.0005121293278918038,0.0017315289013030998,0.500516224134429,0.08675567602907153
-0.010375987669348236,-0.24355245368568176,-0.1330501439432103,-0.01337750946168274,-0.056789888976294244,-0.0015076043711671535,-0.0020993665403526325,0.007105817523934498,0.00027763318857238536,-0.0013381028867963498,-4.553782958969277e-05,0.0042561283233898215,-0.00039455858589769027,0.0010043845149016407,0.500516224134429,0.050629033735209834
-0.007085169469749593,-0.24533953281116835,-0.14544909115492421,-0.02751419232392138,-0.026623641259222026,-0.01359786930230895,-0.0017689746252422007,0.005856352816513224,0.0003838471809427056,-0.0016583532055389784,-5.6989518398935045e-05,0.0036305526356936128,-0.00038746799972382527,0.0010593104228855687,0.500516224134429,0.041965005520268266
-0.008920594106279265,-0.2570274438157371,-0.15974403945581533,0.010010448151559635,0.008770091811127057,-0.012660920810852037,-0.0027528908655915884,0.0018726223757325072,0.0005820856266295139,-0.001586060779431742,-1.0507587937155285e-05,0.004180397130001904,-0.00047767624244601277,0.00038533296016930133,0.500516224134429,0.08313706852556199
-0.02711288832459215,0.43018439348966303,-0.08469192429855545,-0.012621714341346076,-0.022086793230479067,-0.0038149842978074167,-0.001680572089677978,-0.001595569405339222,0.0007397604377975854,-0.0008899960064107709,-2.796196120256364e-05,0.004812472452202607,-0.00017477725798985117,0.001881220637789068,0.500516224134429,0.7834368899384857
-0.008561167566070565,-0.26125964142310826,-0.1522707989200181,-0.0017520291609003,0.01109522160890414,-0.0015450960247795067,-0.001243721002712267,0.0036652151379731805,0.0005549201468909025,-0.0011585520280647538,-3.74922960375519e-05,0.004889614819044392,-0.00047250811220415066,0.0006718701869642232,0.500516224134429,0.09309205950031423
0.0013674810888963742,-0.2543725755555944,-0.15871354854385913,-0.020850359437033558,0.01112345341569395,-0.0048379151617543095,-0.0007675371241003023,-0.002343962383026256,0.00034856355070703925,-0.001341895378523123,-4.9633921777115815e-05,-0.020311064115359607,-0.00042732106784162586,0.0008889393767665023,0.500516224134429,0.05022884887762616
-0.013060200120473878,-0.233950112527313,-0.0962697906599884,-0.03304859724676356,-0.059764740643273424,-0.03584771409988405,-0.0012484842126752774,-0.003482329717227522,0.00011814731011616986,-0.002444787791946428,-4.926134088377034e-05,0.0038112852256312487,-0.000375126678812542,-0.012770545630091161,0.500516224134429,0.012133966000846652
-0.014291031752574356,-0.25190843890842207,-0.127298355530982,-0.013620967316838496,-0.014251761249947825,0.01157893719924474,-0.00214540953723197,0.00372538099635311,0.00043013993560108425,-0.001308193103611418,-7.429284587158262e-05,0.0029664781589328775,-0.0004934151930376837,0.0018881960043481629,0.500516224134429,0.09571349099039496
-0.013258382328606405,-0.24240770584943147,-0.13705794403832472,-0.020409691432514244,-0.05334612752936139,-0.002730715792431191,-0.0014306396257876615,0.004454811359768298,0.00028326428801325276,-0.0013512387624692692,-4.9501083424994566e-05,0.003996626409438079,-0.000407563047428711,0.00034998249394895534,0.500516224134429,0.037151399195821104
-0.00086868953768863,-0.19489839121854363,0.130304329680191,-0.009385831913484834,-0.06075340733474514,-0.01667849813172425,-0.003082299606335821,0.006556717095592745,0.00047511541586658696,-0.0003109952211429872,-1.2224165630294694e-05,0.006653106256896725,-0.0004984755905227683,0.0035703318732624896,0.500516224134429,0.3615870117364232
0.00146891820052826,-0.18100036401261335,0.14827826636160701,-0.0011845274481958226,0.02498605240815275,-0.0026371063199399514,-0.0063382983020465675,0.012412907404156041,0.0005664278871477447,-0.00023779556405564487,-1.4118061752265185e-05,0.007627148699526528,-0.000524640776950393,0.002370190419416659,0.500516224134429,0.5062892850294126
0.01011805807890874,-0.17198127901130167,0.15472988428651527,0.022226534946276116,0.04384851271841681,0.009987130400376626,-0.004072079839354971,0.020118154014596344,0.0005871898285790962,4.6686858436244086e-05,-1.721719986425826e-05,0.0063855492643662675,-0.000539346635038773,0.004728663188481255,0.500516224134429,0.596682665033825
0.023959404289664022,-0.17178297723300112,0.1654987203215107,0.03265598109323123,0.04826891043820667,0.011927924321121976,-0.0003342884274124483,-0.0013209792012723928,0.0006713421313720127,-0.00018819721509680436,-2.0492768939719254e-05,-0.010831878732430944,-0.0005149063088471333,0.002875492486397187,0.500516224134429,0.6013802793289351
-0.012713157521864051,-0.20402587877844625,0.07624119775965871,0.004168247204691719,-0.11567898825878867,-0.050060241174407605,-0.0015478953709459303,-0.005599841918041834,-0.00017657927987920817,-0.00041311507430046805,9.10433229266496e-05,0.00394810559016746,-0.0004463990977240406,-0.015231419985854446,0.500516224134429,0.1790713015516245
-0.026528449835934973,-0.20098400026898017,0.12345692494291391,0.004137295479149281,-0.029025664749230778,-0.003338731931190947,-0.004994569075974417,0.007401067792665644,0.00042491791806930474,1.3766772525669489e-05,-2.933927304366954e-05,0.002199213406509259,-0.00048241246091956433,0.0040145563602558615,0.500516224134429,0.37678079921124635
-0.019660255856182668,-0.20952683714100073,0.08647267891009434,-0.0135916271947587,-0.12636367444962726,0.0007479469169332052,-0.004080499121366754,0.013940654577531717,0.00016786047696674088,-0.0001617000472112154,-7.183494114609867e-06,0.005251375215873366,-0.0005400188043912733,0.0027386773646011038,0.500516224134429,0.23590362148777966
0.029722653882986637,-0.08315944287403264,0.03302925086819268,-0.016386226491893693,-0.05088348892502038,-0.01910647173902427,-0.001600954264798719,0.006984356214873833,0.0006878663684761525,-0.0009613324466007705,-2.656541012631492e-05,0.008057220240920973,-0.000698526134690546,0.004263415175640498,0.500516224134429,0.4104379785993362
-0.006272780626474158,-0.2313281854736211,-0.16852254795972474,0.005477095662228052,0.009898865915688388,-0.014997562079640885,-0.0010371414976014142,0.0009450701247299303,0.00027802797070517865,-0.0019728670369711107,-1.5849526810674006e-05,0.001075878865207789,-0.000544594549632911,0.0011151489188266101,0.500516224134429,0.09461478284134087
-0.01355481815338962,-0.2034249679619731,-0.1087128041949952,-0.028008228206087088,-0.06011645625906212,-0.03887469560195337,-0.0018315220817831175,-0.002967298926877937,-3.775871522696848e-05,-0.002623052694449817,-7.738505447060238e-05,0.0026311584191854795,-0.00035503954603853836,-0.01601054337037091,0.500516224134429,0.026552811786939898
-0.0073984711155320555,-0.1967129881853603,-0.15859150501537891,-0.013113213655985544,-0.012526750132222944,0.009607906647941493,-0.0015313804159368342,0.005263203648263939,0.0005031408179161585,-0.0016157989090907325,-9.007826214887368e-05,0.00021798396703299252,-0.0004475901021263391,0.002401920713259872,0.500516224134429,0.12648260413506357
-0.0052470249962972655,-0.2138271283814879,-0.15134248422668414,0.005509797182427543,-0.05259371507542078,0.00426422289520973,-0.0009505653612840097,0.0030287160422407776,0.00028381416094319867,-0.001592361561911891,-5.3544944716939274e-05,0.0027258630755926977,-0.0004209955680806926,0.001909907235277363,0.500516224134429,0.09221072461023998
-0.005729673958871662,-0.14515127439390443,-0.2179367416550503,0.005386990643428303,0.0009447588255990856,-0.012272908151309641,-0.0007674935293204926,0.0005987791238147305,0.0002309093230646402,-0.0015553382921089053,-5.875008139719276e-05,0.0003267345814262798,-0.0005003155163326864,0.0017535475511919504,0.500516224134429,0.12578544860466082
-0.009665218020345215,-0.08618416140454055,-0.18817415723422903,-0.03450193021101745,-0.04492299403856299,-0.030488635552072724,-0.0009773569660213603,-0.002216371855033404,0.00018593561730939653,-0.0020999334811289414,-6.446945871997206e-05,0.0034014645922999212,-0.0002854824971978161,-0.023358372360104004,0.500516224134429,0.08116454126506845
0.0028001572441367596,-0.13734123593377584,-0.18465147004228585,-0.018464877544275952,-0.015797622013274053,0.004055557850496814,-0.0015886139668715507,0.0025901962445731316,0.0005130397738620973,-0.0014261003957915098,-9.169427791588821e-05,0.0013647590193326042,-0.0003496918277822127,0.002335603298468701,0.500516224134429,0.15446423156332884
0.06640798152489354,-0.06246108656886926,0.0009947625749613313,0.06610690037111569,-0.021017470945268298,0.01898130084040412,-0.0018345448718434317,0.008723092148177269,0.0008312608696316253,-0.001078158352157065,1.674333143318192e-05,0.013990733357093341,-0.0005377693144437126,0.005612750610947405,0.500516224134429,0.5952527197105083
0.04905072732879079,0.0743734347773386,0.0909451476972992,0.03259765283944184,0.00931169836687105,0.006595867470134055,-0.0004833298700160194,0.010924820402122755,0.0007111040646922281,0.00023171337716524707,-5.844283620048562e-05,0.0030807355502557366,-0.000297320809503738,0.005783921529866003,0.500516224134429,0.7832839540226901
0.01812718400066752,0.12225070398526078,0.13857298750189864,-0.0015310661394080374,-0.06316839977698666,-0.02671778186594671,-0.0009191752428488138,0.000308715194291441,0.00042852971112144366,0.0002181565987377214,-5.824827360586503e-05,0.0042893933707111205,-0.0002561649692588948,-0.03425093464224217,0.500516224134429,0.657810123586824
0.030124865650728964,0.04847679016966149,0.10793064853246867,-0.001884015750948212,-0.011229737592268493,-0.011154101597677614,-0.0022757533850677474,0.005611935710528389,0.0007436185526930057,1.6046552011433537e-05,-4.893466285314408e-05,0.002968301857651609,-0.0003383681258235107,0.004254168427168024,0.500516224134429,0.673711688472705
-0.063157122275063,-0.2206052905498158,-0.056041103823085275,-0.012020088004741546,0.014206110779963277,0.005120415007071269,-0.0027173163622356187,-0.005305082023278501,0.0001352330633188935,-0.0005978747959741429,-4.73441760007527e-05,-0.013191051306072418,-0.0012600101386741746,-0.0028728107422434004,0.500516224134429,0.14216288878760241
-0.04308178215886466,-0.20621975276748006,-0.07823327941403997,0.011358785071763461,0.011931141350212188,-0.009428857542383122,-0.002558645284000572,-0.0025928728286797147,0.0003450214349479627,-0.000501021286810713,-4.9761501024819736e-05,0.004896971078277718,-0.00117658667659017,-0.00947803046304979,0.500516224134429,0.1757275531467101
-0.07198013088464468,-0.21419686623157455,-0.07678062046911133,0.012263389712181222,0.008339018248402646,-0.01579650581311103,-0.007625429410054035,-0.001794738636124523,7.052790062339407e-06,-0.0005784460466819375,-3.937780739635872e-05,0.005026811241796146,-0.0012693152677920034,0.000643131149575184,0.500516224134429,0.1367341967099591
-0.060719922091345746,-0.2234443145454216,-0.03564453272990819,-0.0747966336434872,0.0033544470988920256,-0.004038594758741603,0.008671325465490059,-0.007095253006975787,0.00017502571374568784,-0.0003553310049677005,-4.29752241680017e-05,-0.01759161147720984,-0.0011818833414136227,-0.002356518340595551,0.500516224134429,0.08544945224832491
-0.09296133621201631,-0.20371662934503246,-0.04222720117169802,-0.059173830052016325,-0.013412839171971187,-0.021040963880100984,-0.002434490108696577,-0.003717753633343177,-0.00021774895679301404,-0.0005716227397226396,-3.071066862065734e-05,0.002986749367313429,-0.0016732047880762028,0.0011684935707709217,0.500516224134429,0.06349313634442943
-0.0721691438493229,-0.20554065544194083,-0.045127440734224304,-0.04653252853618297,-0.05594544342375664,-0.009382247893406186,-0.0016306721589257316,-0.005363494196521391,3.0378956977303943e-05,-0.0008967105598851873,-7.17125686464983e-05,0.006123353774241241,-0.0011633647821192035,0.0015721356164930473,0.500516224134429,0.06441867833721218
-0.07880256208747856,-0.2173336808310584,-0.03336608920486374,-0.040711807091108436,-0.011440989275232618,-0.04421010516747431,-0.0027979849479456823,-0.002282058615317452,-0.0001160277429518828,-0.0009115880776048198,-0.0027913887774437323,0.0018851447025168672,-0.001109075100590586,0.001174543934858106,0.500516224134429,0.06770255585273752
-0.057753468256842855,-0.20767510153366148,-0.07038014402839576,0.005897158863420948,0.00973193622248549,-0.006151181706873332,-0.0020871784846747377,-0.004309448160603426,0.00033535363157274147,-0.00044387572413109676,-5.477463226501281e-05,0.005444397755738074,-0.001144419688990561,-0.007470235875933993,0.500516224134429,0.16445524251527777
-0.09213361298610905,-0.21130996371523197,-0.04226117632609662,-0.059176811949806535,-0.013392731580383158,-0.0030249978876241007,-0.004639884413895625,0.007613358461627183,5.880555173797902e-05,-0.0005514304100419248,-5.65391656796263e-05,0.004500997636848188,-0.001218657928561945,0.00041237362012711763,0.500516224134429,0.0853359530413433
-0.07382376996750274,-0.19779556132871481,-0.06090436356356173,-0.0038729875543709012,-0.07420188911513059,0.012277706219209945,0.0011439485865565424,-0.011889854825274826,6.0960851321126366e-05,-0.0007337978468966286,-4.9836627628170845e-05,0.004067879874956056,-0.0012474860737065262,0.0009298328886037941,0.500516224134429,0.09447700565229375
-0.055558775979044114,-0.20761993371301432,-0.05514397363486216,-0.07555509266318601,0.0005415148275061432,-0.022263090895056875,-0.005355905465298875,0.005284314543014009,0.00032539144651494407,-0.0005604311709816805,-5.844099944721669e-05,0.004487934611243018,-0.0013755179544028841,0.0005382075954263754,0.500516224134429,0.0882024246828434
-0.09304279088251813,-0.20680650287718536,-0.031848841309412936,-0.05826339469938267,0.008926125776486304,-0.00505848297663477,0.0019442950979689634,-0.005569568841472824,1.5025001973960901e-05,-0.0009988356667510856,-3.536285823499866e-05,-0.015534395436652498,-0.0011446670785680592,0.0007433923930200986,0.500516224134429,0.09384221977706853
-0.06758994450512315,-0.18940155756684396,-0.04497061601052777,-0.02892464911381046,-0.06177348377834984,-0.05557192802026537,-0.00345782774103668,0.005489936051910712,-0.00018996250752540488,-0.0009757346583003773,-7.180192669376725e-05,0.0043659227501300635,-0.0011744736839006567,0.0011115161286548842,0.500516224134429,0.05738161955275129
-0.0072971014207112465,-0.15398307089312133,0.12135210993818955,0.0549151266533694,0.04952382375627173,0.021307165759651085,-0.0008085694391155786,-0.002039038710780694,0.000630558001646119,-4.312714182193772e-05,-2.4893231536562304e-06,-0.018071936839343383,-0.0010375745568573507,-0.0023814035942512387,0.500516224134429,0.5625806963244042
-0.052818453315080574,-0.1444063285822285,0.12281344899417497,0.03997792591277005,0.047338121142375476,0.005537518953853044,-0.0016943528029759714,0.002890818114306298,0.0007768579814007219,4.0202528481477756e-05,1.0882260780358972e-05,0.0093278358835614,-0.0011095358223224784,0.008325559849741156,0.500516224134429,0.5375267252332699
-0.07017964152777174,-0.17093089606118878,0.09194191623951187,0.018186160387596965,0.02372203393311016,-0.01387235705133267,-0.00934801445220568,-0.009812147774248771,0.0003583884733235848,-0.0002151824695469611,8.429347963877964e-06,0.01004054339750847,-0.0012531426632543885,-0.000817913208016994,0.500516224134429,0.36834440070588087
-0.09417774487451318,-0.19426993906523335,0.07226568044056314,-0.09644150090738234,0.009049593798286642,-0.009401127433738894,-0.0008838123608378093,-0.005610737361617345,0.0002645765822170407,-0.0003878213277203225,7.248836922459399e-06,-0.028721512120764507,-0.001065255850318061,-0.004178744757873491,0.500516224134429,0.14696512773242157
-0.06543827435296183,-0.19411956511348294,0.05216741112936161,-0.08441869557397484,-0.029752761273635336,-0.03305040321454767,-0.0026332209348329614,-0.004997270458810947,0.00018039908601907105,-0.00042192509683007827,1.4610579741235526e-05,0.004037478620956707,-0.0016788729851568262,0.00013138580505760516,0.500516224134429,0.14053652035133551
-0.049331173520837296,-0.183587526428202,0.05523167025666659,-0.025696894708900995,-0.1151338721307468,-0.014508812938509473,-0.002564976691679206,-0.006926797804801258,0.0003168446406527451,-0.0005630340566489525,-2.9840328029318883e-05,0.006510162787355058,-0.001426317788442106,0.00027830955920759225,0.500516224134429,0.1630839649815172
-0.08065837957480099,-0.19674304888022853,0.050443464253272036,-0.06721676231414198,-0.025088163703094083,-0.0513435117695779,-0.003298907072271029,-0.0005801454697623016,0.00011766272583031013,-0.0004054064691935583,-0.006456979937980081,0.004301011467661937,-0.0015708815605313304,0.0006488244930560376,0.500516224134429,0.12266500032267123
-0.05051930362792352,-0.15758464289091045,0.11222002627756766,0.024870483511836343,0.03347842646423041,0.002492841848582078,-0.0026376242278958076,6.6456081426961e-05,0.0005477425133311392,6.952816934699039e-05,8.63026834237507e-06,0.007996101080276988,-0.0010988016876919274,0.0026955497216988276,0.500516224134429,0.47312163763665005
-0.09359046897268133,-0.20059295653753378,0.06580901511523589,-0.08653269014893519,-0.020064982780189977,-0.0011843850287103464,-0.005786943369926792,0.007330497402132593,0.0002915068715202409,-7.872240539936223e-05,9.808358766826828e-06,0.005374882896065259,-0.0012117183602250862,-0.0003063286953668806,0.500516224134429,0.1699827384791847
-0.06396012064708882,-0.17463655715383342,0.04105911904742092,0.006265282530438257,-0.116292098214976,0.005035931072244562,0.0017453530286716424,-0.011035568950276967,0.0002484081720034238,-0.0008780552220600398,-4.537328562743014e-06,0.0049893061123999,-0.0011987829964465661,0.0010845973860807228,0.500516224134429,0.1929385009704479
-0.0976432517027207,-0.19471822095529573,0.057078230924062494,-0.0869455948904867,0.009738710960260395,-0.04033333119812593,-0.004899545888134361,0.0016130716861089834,0.00018985193303470117,-0.0003022411973666505,6.4371783044118774e-06,0.0063775499619892935,-0.001475883768092569,-0.0018585567780521931,0.500516224134429,0.14734345039991828
-0.05749906064407704,-0.1726965533168876,0.1151648257311651,-0.027106643942317054,0.02111357998627961,-0.00649159472338461,0.007211011453295649,-0.0008879862345435169,0.0003943768375458859,-0.0007609892911793934,-1.5871773441962211e-06,-0.022657773322451568,-0.0010993326502543284,-0.0012325799169648378,0.500516224134429,0.35396591692331403
-0.0690528356053983,-0.17462504687509486,0.024913899422338015,-0.016437519539465578,-0.09874317908212628,-0.06852250954938842,-0.005248504802255938,-0.002186448359949628,9.742240549925317e-06,-0.0008359198240256551,0.0001317165632564254,0.006041524232906917,-0.0011482116131020957,-0.0006198473313704203,0.500516224134429,0.0941930840113071
-0.07681226558634821,-0.262403233678461,-0.04578722139391051,0.008131652171505651,0.0072564866409108655,-0.014326159038304514,-0.006592770196634005,0.0025678046475930126,6.897714097638877e-05,-0.0006457310696317392,-3.7783073288287325e-05,0.0033124233001678932,-0.0009568362531423155,0.00016063374396048865,0.500516224134429,0.11445220148982599
-0.05135903348408139,-0.26019159604375325,-0.016532199905584317,-0.06266475155534895,0.007919452432786935,-0.0004643371060515165,0.0024357476914229066,-0.003779138919020533,5.704347815966771e-05,-0.0008473758007644329,-4.4110581418155235e-05,-0.013154146821706077,-0.0009709944940494983,-0.0001492598355296435,0.500516224134429,0.10077152318949319
-0.08195036061383797,-0.2504588453717635,-0.02016081782391837,-0.052173551744313436,-0.008948949274180712,-0.020569366132463174,-0.001950608556869377,-0.006074800872263082,-0.00021694264396546174,-0.0008279581786488051,-3.349209848938865e-05,0.0008310993016977318,-0.0012284862251076814,0.000977203156201348,0.500516224134429,0.05773034705651064
-0.037316229732365626,-0.2649419509210256,-0.013019363252857838,-0.04257921073768121,-0.06119392164828545,-0.011235215335434768,-0.0018343840398680283,-0.006054333149228164,8.737802320604152e-05,-0.0012241134903631578,-9.308636182808725e-05,0.003926678642680387,-0.0009813279344138216,0.0012363074125211354,0.500516224134429,0.06529345160948842
-0.0039353706820822905,-0.26711165771056167,-0.0008065269913334361,-0.030825621008532554,-0.006377701335325041,-0.04162876712884202,-0.002664303336960306,-0.002198384885608954,-7.102282204821296e-05,-0.00133935683924566,0.0009665426397315013,0.0002287814082562641,-0.0007766284598563713,0.0025448960569687436,0.500516224134429,0.1465211030389926
-0.06975615933022583,-0.25563256824921493,-0.04229505083775128,-0.008581738964663254,0.013512469797811809,-0.003419351282875192,-0.0020701799987997856,-0.005213846110924061,0.0004216886863264881,-0.0005798846682525673,-7.139137032254545e-05,0.0031181153239655704,-0.000986103904615869,-0.006814640021186007,0.500516224134429,0.12214758320370532
-0.0796928428197243,-0.25578433722257565,-0.02937514639227856,-0.05713484997193549,-0.011309232223338113,-0.002007502341220187,-0.004247781146050634,0.010842747929741162,1.2799718297159552e-05,-0.00034685489411209595,-5.28583238629432e-05,0.0024625147561133025,-0.0008959086146817796,0.00019727541548861417,0.500516224134429,0.07318424800429331
-0.08176957814852082,-0.2516499131510388,-0.03932006800985435,-0.00547721596807173,-0.06633229090948914,0.008836488647062359,-0.0003291815151586092,-0.014943988458048759,2.2446183857533227e-05,-0.001115300924292325,-5.186194520524009e-05,0.0011209596273846186,-0.0008421762602131535,0.0008674718217145641,0.500516224134429,0.049532015124558584
-0.07439459475454031,-0.25772322092530536,-0.02720926118915028,-0.05631958465523547,0.00227382128381477,-0.03103724516799511,-0.003524168982657204,0.005230870010020471,5.536167966657983e-06,-0.0007048608397756536,-5.650926233199837e-05,0.0027248403286105204,-0.0009019485600170852,0.00036000765790747386,0.500516224134429,0.05923990524574352
-0.057868302545798944,-0.25944898325825505,-0.00759554625845481,-0.06306420878666136,0.01114049894735244,-0.014776614767339772,0.004632006487695604,-0.004211781568685033,3.22380604933977e-05,-0.0011944923997423685,-3.1850296342017184e-05,-0.007798736265473853,-0.0009922967961605638,1.3352550845702072e-07,0.500516224134429,0.09933828821256878
-0.05469623242610514,-0.2461537989741866,-0.025832496126424312,-0.030032248389117874,-0.06011857935592447,-0.052870410245569696,-0.002792742351075211,0.0038574988635415516,-0.00023387568046005346,-0.001128176624412137,-6.785807634079787e-05,0.002085245054652651,-0.0007553527525593797,0.0004851878280844411,0.500516224134429,0.03226238487853505
-0.020020845144932527,0.4488886465224594,-0.032781927377467525,0.025673654794545656,0.02564104233505482,-0.006666465026171166,-0.0010712843235120768,-0.001513456964810049,0.0010924533371353352,-0.0007745843275485626,1.821358538897034e-05,0.003106389904811496,-0.0002623906751826001,0.0030258565014318287,0.500516224134429,0.9448715272756348
-0.030671028929081086,-0.2668701800353434,-0.08605155741515699,-0.048655466358016895,0.00423759831771973,0.0008734231896734841,0.0005246429991205164,-0.005354479377035932,0.00018659943377865126,-0.0012686256353744226,-1.5302161139062163e-05,-0.018429457748008866,-0.000500297197974962,-0.00024092006560062068,0.500516224134429,0.04828117315199182
-0.038957958521337155,-0.25713903604168437,-0.07379438940234345,-0.029548695532590746,-0.008036215354163892,-0.012281480222241322,-0.00029048483252580115,-0.004401904135532589,0.0003639003043334894,-0.0012762951995481972,2.6768043478238718e-05,0.005149441538101675,-0.000644474708042289,0.0008670363288126437,0.500516224134429,0.08055243639914894
0.014323359514256196,-0.2662602416129293,-0.09542726898457839,-0.03435789361318825,-0.04411687165452907,-0.009605721521688414,-0.0006412823114936132,-0.0048746610313045976,0.0003087056343680832,-0.0018760320602035005,-3.721380701870701e-05,0.005302257979840812,-0.00040469232558913254,0.0016605983431327153,0.500516224134429,0.06450926668350757
0.00022246901876953949,-0.25749709771496027,-0.08823512955864851,-0.028198902936827978,-0.008745637841315126,-0.03289490754735299,-0.0009153736984583942,-0.00423736385008342,0.00029238458439009233,-0.0021264100096158034,-0.002819507309274453,0.0040519814157881865,-0.00037719816625878384,0.0010149114559822351,0.500516224134429,0.0800504419765666
-0.03911710260054212,-0.26736674809763433,-0.11736018246222346,-0.020308009453947673,0.012697141888319372,-0.0008704976816105466,-0.000801961879923815,-0.0019007444882902479,0.00043024913548294795,-0.0010328897274977174,-3.240948961127699e-05,0.005214838544392045,-0.0004982869342540246,-0.008682383339649508,0.500516224134429,0.06088723754744255
-0.03062529722089904,-0.25420603933402725,-0.10904431016475587,-0.04876453435717165,-0.00511405628755506,-0.005589678677000493,-0.0014408525264796637,0.002941905864285693,0.0003097761128633178,-0.0010142587454408842,2.525255618961628e-05,0.005455142524498595,-0.0004470616172456336,0.00023507248844448778,0.500516224134429,0.05323728475013934
-0.02146022397787858,-0.26183748233951903,-0.0765261233581197,-0.01436588975429944,-0.03498552114999546,0.03130664275026239,0.006649369803035631,-0.010747184588290543,0.00021717405098082621,-0.0014990379022073329,-2.5909899368009925e-05,0.002873011502781246,-0.0004904062748446031,0.002040066450436322,0.500516224134429,0.12166470944740702
-0.0342387843727828,-0.2579154224037172,-0.08363779699099455,-0.045558849417402354,0.004257696656666411,-0.019259120908432934,-0.0013336564667067387,0.006634486012672245,0.0004194558824381036,-0.0012213277688543878,-1.278236361038527e-05,0.004684623717073692,-0.0004943190562520216,0.0006213656733983648,0.500516224134429,0.07346179232792789
-0.035720034668687346,-0.2634311817530415,-0.09079275527699192,-0.049983089133235195,0.005873957192982011,-0.01776477545556611,-0.002198581489699004,-0.0034005587835491766,0.00016982123300850622,-0.001828340464082878,-1.9602104534101027e-05,-0.016583189767209308,-0.0005427739748574671,0.000622306786499263,0.500516224134429,0.024917426475467627
-0.007229517018139656,-0.24493077962311163,-0.0878828467530719,-0.025997056963770915,-0.05166917381150543,-0.042181920765032604,-0.001875298464554352,0.0019644946163555944,0.00019921776963715334,-0.002897581708158491,-4.643263224019765e-05,0.003601909911448323,-0.000377070077850858,0.0016301415314725143,0.500516224134429,0.04282431014590975
-0.020585423492446554,-0.2613110344340618,-0.0999961323809171,-0.05145260154451809,0.0018484970028406482,5.37419499781962e-05,0.0038465412320257235,-0.004572823580267958,0.000251821646261607,-0.0010422977333145904,-9.1497916526286e-06,-0.01884288744000443,-0.0004906623240214653,-4.086297117283177e-05,0.500516224134429,0.04817295027316081
0.020133063519889804,-0.2670565247178575,-0.10731419286938906,-0.02436066652762812,-0.005589565489113074,-0.012890274906241528,-0.0004696737577757527,-0.0035538188354820167,0.0004148260660997381,-0.0016094579866122736,7.616045401321729e-06,0.004376499828500146,-0.00037983868463072984,0.0019180638630600195,0.500516224134429,0.10414227968265363
0.012908344179056225,-0.2680756930210471,-0.09745400831085216,-0.036649686568671645,-0.04345124180271696,-0.009711468512351724,-0.0009800798187783028,-0.004516230884765614,0.0003244049774588915,-0.0019119721253109104,-3.8310393468883334e-05,0.005400068107418265,-0.0003973742101415101,0.0014173001714111674,0.500516224134429,0.057380275921672504
-0.0026189174812026057,-0.25761728053200333,-0.09298231558931545,-0.02644976562055821,-0.011731356165068107,-0.03709990859800968,-0.0008004840290909594,-0.0030201423778932874,0.00029502571661575375,-0.002403819842681875,-0.0037816394719960506,0.0045264488533380155,-0.00035819678500543254,0.0015329647988029532,0.500516224134429,0.06800683701036409
-0.03986413917418166,-0.26866399950275816,-0.1052596296006824,-0.02307848586003566,0.014089874391192601,-0.0004691950203665836,-0.0011196612064884933,-0.0019010421494316428,0.00048507194734301887,-0.001404478531456323,-3.614712174807485e-05,0.003944076218417019,-0.0006376002903059056,-0.01149775062290656,0.500516224134429,0.06510311761102412
-0.010738793062207931,-0.26728894470483405,-0.10034906486210393,-0.0449067279727548,-0.007226963531364285,-0.008070695387376878,-0.0015696008766631446,0.007258854326643447,0.00031773475942898,-0.0016375608883637965,6.475526258328833e-06,0.0048119686459545,-0.00041108867773745025,0.0016486871759752919,0.500516224134429,0.07236050460528624
-0.010877832702869095,0.4357642640174335,-0.01128945967684562,-8.8528769257637e-06,-0.05037401330328349,0.03275018532697043,0.00016871167148834902,-0.0013319195019517208,0.0006572524535790378,-0.0006871583673100585,2.7531764072652172e-05,0.006788542169605944,-0.00021645574074506625,0.0026007192960771698,0.500516224134429,0.9044877386637304
-0.026639818113944787,-0.2600657409365951,-0.09001011168629576,-0.04250773912255789,0.0029983518714667068,-0.01728464041146177,-0.0014429813962941714,0.0031303908818613576,0.0004576343380884049,-0.0013851817285081588,-1.3666388665737199e-05,0.004678645477743009,-0.00045777216010766596,0.000864707220911149,0.500516224134429,0.07283830198007171
-0.04421926287856126,-0.26297331287738035,-0.02984990486288079,-0.05003474009252906,0.0072195791239407885,-0.023527862017528114,-0.001404617398784531,-0.005835507305089489,-5.4263474205359705e-05,-0.0011323395971125911,-4.2029924061565134e-05,-0.014414382831622653,-0.0007940225948153015,0.000563645431981516,0.500516224134429,0.07401720283578432
-0.009272687305640685,-0.24684202446469014,-0.09102489854865975,-0.030932607928751455,-0.041808357500271204,-0.02680980006606935,-0.0014297446851858162,0.0055021804241726325,0.00017440019782396244,-0.0028068515738912734,-3.2976514448220166e-05,0.0037347034759253827,-0.0003937932579393763,0.000828209666348199,0.500516224134429,0.05940197605315557
0.021123199912563315,-0.283686839443199,0.07244124110044911,-0.054387470012255336,0.0037828195550127426,-0.0033360973743678858,0.004289786126180523,-0.008882137192010961,0.0003233470334067725,-0.0002734861492012463,-8.395672431449908e-05,-0.021921124238174473,-0.00047336849428086184,0.0011768397078915688,0.500516224134429,0.23060897794213253
0.0016011718414704014,-0.26725562537406455,-0.10799123658191598,-0.031478855189671875,-0.009332057230633302,-0.014695050894538087,-0.0007924684632341192,-0.0033551702576849543,0.0003534302636575252,-0.0017822932866173324,4.888661338930666e-07,0.004301830780313823,-0.0004138131955665021,0.0014956061850385143,0.500516224134429,0.07117218159712015
-0.0002322492973662312,-0.2609644864292107,-0.08883548472469671,-0.035046422757006535,-0.046677950907856626,-0.009905953791181496,-0.00120981282726512,-0.003264952626795446,0.0004064563681499818,-0.002114519086601354,-5.070627785922765e-05,0.0061954893443056805,-0.00039413913693139326,0.002529881045642716,0.500516224134429,0.06095137302976037
0.011918860136519306,-0.2563902169615753,-0.0905428788766782,-0.030560073015135258,-0.012802617606167117,-0.04897376551311506,-0.0028854453415132287,-0.0035805759959680766,0.00017069809024869727,-0.002370952803697368,-0.002314079855796356,0.004568850986800351,-0.00035555428690501884,0.0017861220949199677,0.500516224134429,0.0681845951863696
-0.0021734341356830296,0.4003469269392852,0.021026697635981844,-0.006546616793784676,0.029354494696887286,0.0074602764818783055,0.0002191660511062472,-0.0017272153830984887,0.0008113368960561481,-0.00011269694810936487,4.536296710175312e-06,0.002291351913673092,-0.0002951469455826041,-0.019330819298310844,0.500516224134429,0.931845081541443
-0.006907943857540256,-0.2599887161572062,-0.11301512093120274,-0.04587692498576984,-0.010770589669192294,-0.005747453848131929,-0.0024593670278346687,0.00348225945996571,0.00030980182571111023,-0.001298806782960523,-3.6793460603064815e-05,0.004739478633563648,-0.0003763226103083001,0.0014903816199604914,0.500516224134429,0.06406010634288324
0.00043052721309525004,-0.25689577978019246,-0.10004034193031515,-0.04529162853720356,0.006785181509200178,-0.019353849237860155,-0.0018040897471413653,0.00473607960035375,0.00033378374582265476,-0.0017526569290692536,-1.0538720842575747e-05,0.0039055249221044835,-0.00042043909924303603,0.001802823895066701,0.500516224134429,0.09294082103820836
0.002025357861887554,-0.2834398978486693,0.008866480440236134,-0.050929782997105606,0.008027434280062671,-0.0206356204447419,-0.003246140873946104,-0.005486602936642195,0.00013391067169225693,-0.0012251737997634217,-0.00018631420278983997,-0.016615475991822476,-0.0004921866858425157,0.0023745659578636013,0.500516224134429,0.13968677756485126
-0.0027292424318806343,-0.2903608082025284,0.05508234560280829,-0.030953686749417997,-0.07412434697409763,-0.06845343355846657,-0.0012770505103787317,0.008518787610401183,-2.7843425186734956e-05,-0.0015428049291067438,-0.00012714294149261313,0.001927219713169588,-0.00044826304471805187,0.0012255524019841764,0.500516224134429,0.0972255066955219
0.005070093270263843,-0.23074217250472936,0.11425358254365439,-0.0909953460544863,0.006420903198216411,-0.013161912705299381,0.00168165641907527,-0.012266337290225618,0.0004001000957136052,-0.0001649507781962147,-3.240480988977206e-05,-0.028406948760983833,-0.0006431410535228671,0.002409379044644589,0.500516224134429,0.25433872474866637
0.02625303868700605,-0.22532579408462855,0.12553212495947585,-0.06553009108480058,-0.014816405228371582,-0.020355051600731366,-0.002680647251796812,-0.012567742962109508,0.00040403617481982434,-4.601940055685489e-05,-4.056081918407941e-05,0.002754222133348782,-0.00061234060630063,0.003695491731310841,0.500516224134429,0.31718048478191363
-0.004746860981032481,-0.20954353894490663,0.11440341994192768,-0.019441436722991003,-0.11539851266225855,-0.0062900856430506,-0.0012830133888224672,-0.012856026548766468,0.0003804879430154779,-0.0010575408574164382,-9.68568670591326e-05,0.005239554834725954,-0.0008464458549588737,0.0017118795563702245,0.500516224134429,0.2506912479392096
-0.012316481577062414,-0.2046530947684407,0.10813279933078807,-0.05352754911703187,-0.012571763835214567,-0.05107704393251839,-0.0023672741004620817,-0.0016363181197913662,0.0003331530404400781,-0.0002163759958585177,-0.006753208073529615,0.003955389817870365,-0.0007426567448897949,0.0023588598260460515,0.500516224134429,0.26943465988477927
-0.048799771407869216,-0.19951153648827458,0.11863818293166394,-0.08644830154519824,-0.012608352303367813,0.0009144251680159123,-0.0025168490358823447,0.022059883778038067,0.0004599072526092686,0.0004121186204381919,1.2438745167973038e-05,0.005524399317811258,-0.0008161425675416091,9.987204744745013e-05,0.500516224134429,0.29793649864749183
-0.048906595928000215,-0.20766352213897799,0.10604879545151796,-0.08700136552668195,0.009643635986844345,-0.04642695559055506,-0.0028072849980511822,0.007290401060278274,0.0004393412691481661,-0.00022167819624218006,1.1237310005817915e-06,0.006104131706319245,-0.0009844202476838508,-0.001532183870974867,0.500516224134429,0.234499646842375
0.01860504000239113,-0.1828201605171234,0.17843886384600544,-0.0003136869035629222,0.033015189872140305,0.010458476350293122,0.009768330774417447,-0.004869282581426974,0.0006970281575535811,-0.0005836489200372468,-6.91716552871401e-05,-0.007331920696539274,-0.0007585995825543994,0.002298650050595483,0.500516224134429,0.5570513323312963
0.0014680502712264842,-0.21834441361078769,0.08730576575175143,-0.028204866207051753,-0.1019080288850318,-0.09312530968868887,-0.0029109176892344194,0.002963247250745945,0.00016339002246175394,-0.0006884971558969658,8.319139937073669e-05,0.005305056065285915,-0.0005286493079507936,0.0010609130394426422,0.500516224134429,0.15315515539007463
-0.034709367297820815,-0.24052729165864314,-0.09304748915327765,-0.05243678647028868,0.006842483199751997,-0.0030472639968029502,0.003026195042786597,-0.004201199353251154,0.0002048091140388565,-0.0011252798717125612,-2.577600224199928e-05,-0.014613180216268376,-0.0005291985548521638,4.874358635395527e-05,0.500516224134429,0.0663756225022044
-0.003329118116475364,-0.23716839996457112,-0.12390042315361845,-0.033895569285569783,-0.006228005238935761,-0.009202992520963462,6.63932348074344e-05,-0.004370299547443073,0.00039335502779704566,-0.0023360104988052965,-2.2512148318984445e-05,0.0038960380807192448,-0.00038781023035670955,0.001427480675417854,0.500516224134429,0.08545835044811573
0.01750434911617862,-0.23803103459152303,-0.10897427524002122,-0.03989786836843853,-0.047179145150672785,-0.012847195794384475,-0.00031050853372320466,-0.0045103939787535545,0.00023397523250160327,-0.0021850307478295857,-5.501966497898904e-05,0.004920689252825187,-0.0004296541947030264,0.00235166877415338,0.500516224134429,0.07110678024506303
-0.003957156537279139,-0.2200967583241247,-0.10756980835635624,-0.020467769527807638,-0.007292649420804481,-0.035877316937449534,-0.0005049746472124857,-0.0012185421115483456,0.00016255078644081597,-0.0028642681633956144,0.0019143859178712972,0.002241427082081441,-0.0004122524151780633,0.001954415615747012,0.500516224134429,0.10652750709541653
0.0005644898631801608,0.42986590739137476,-0.039130986485264946,-0.03815887230474565,0.025879302352980714,-0.009386574844871138,-0.0008121346963231306,0.0017634034222925837,0.0010085386412427599,-0.00041396977743543345,2.4017372049845485e-05,0.005439852242973313,-0.00013553157285506367,0.0024196903871690416,0.500516224134429,0.8794433561262014
-0.027816043559689845,-0.20842894419085514,-0.10068563892493723,-0.024038574396940165,-0.05764018462925615,-0.045343823087918136,-0.0010723717093486518,0.0013591734591142965,0.0001358384992148072,-0.002301059597982167,-6.377288389715669e-05,0.004084681635419606,-0.0004300229640003915,0.001336518838253494,0.500516224134429,0.03961200062160941
-0.042292483189722084,-0.15376446622514786,-0.14383343356821898,-0.04800551977102787,0.0009917353318895483,-0.002422113577036311,0.003155850881130164,-0.0032002730041140316,0.0002884579021824607,-0.0007017102478721655,-2.2022179488817476e-05,-0.016823394506247286,-0.00045366216765227045,-0.00019078870687788796,0.500516224134429,0.09324240110622989
-0.004279165682626502,-0.1844878754835242,-0.12687518839870493,-0.03786466289017537,-0.008934735264642592,-0.014387889630475418,0.0002445200321564612,-0.0015196799157663097,0.00025041853750215756,-0.0019032014232364762,-2.7831859808872176e-05,0.0013827639702010603,-0.00043777014624525617,0.002672178553936302,0.500516224134429,0.12434810453302296
0.016399154686886103,-0.22455536448584848,-0.09251877977192342,-0.04376225569297377,-0.053346197942600024,-0.01591482050979655,-0.0003590736973798595,-0.005444014018993834,0.00012016437743513189,-0.0019790638594213484,-6.312885091516779e-05,0.0031454350359303275,-0.0004662462345137042,0.0023270499465933006,0.500516224134429,0.08409908311691164
0.007834593277548197,-0.2184425052362119,-0.13168909472954318,-0.027871557632835713,-0.006528811951617525,-0.03891691064698776,-0.00041693696586667464,-0.003354838341446132,0.00031444226291332274,-0.0022035225448062425,-0.0022767553262321868,0.0032105157766274157,-0.00032376874065831603,0.0006603487972229126,0.500516224134429,0.08051142213253878
0.007958047361130056,0.3216821677506477,-0.05782380822051383,-0.010144147428822104,-0.04692676175682009,-0.02936281435298143,-0.0018270345528227688,0.015141570156668971,0.0005628253304830994,-0.0013162208818406987,5.230875368281663e-05,0.008872738492879844,-0.00018711883741468418,0.002277969384634058,0.500516224134429,0.7094759453333443
0.060568426943223785,0.0002226761528748317,0.17852170507459852,-0.0289188892627155,0.01447977548983374,-0.0021951075464197137,0.003141776306228052,-0.002587926921649067,0.0006563877423225649,0.0005591068622379531,-6.154513696245605e-05,-0.007146826555622887,-0.0002725827652005442,0.004612841218168013,0.500516224134429,0.7220960417353496
0.05960264947994752,0.028261980023719328,0.17232372031870158,-0.012515702442512407,0.005796929960519867,-0.0014741152014787747,0.0015995423586377695,-0.0006895747358303798,0.0005861941192912668,-0.00019569540843076012,-6.720363207110551e-05,0.004374091277528508,-0.00024354820446499879,0.0070951622840135075,0.500516224134429,0.7649706543320033
0.07549982474116224,0.08206570227985571,0.1838819826860841,-0.020299789235324692,-0.023025839733110943,0.011604723616376572,0.002004330957165499,-0.0015442243179341665,0.0007010071468702945,-0.00029439542971184995,-2.1359466311476747e-05,0.009146075180200101,-0.0002491959607468181,0.006891132135569009,0.500516224134429,0.8268761987345762
0.0632305605631837,0.08033064412333657,0.18041315042340153,-0.012069038993969931,0.008306452163725402,-0.03523368748393233,0.0010210941308956443,0.0037413761107963463,0.000585432079612396,-3.9363919022365535e-05,-0.0016569828032519586,0.006670649568158931,-0.0002316161666126346,0.005815084460634667,0.500516224134429,0.8013999783913888
-0.05789424578737757,-0.2372088618939259,0.08782839279724317,-0.06893238657746559,-0.05359767048906342,-0.013908934567562986,-0.0032380703829381035,0.015343699761122263,0.0003307702675481166,-0.00044963910128084677,-5.516945640142436e-06,0.004337319457160334,-0.0008658472416194824,0.0006438974859949864,0.500516224134429,0.17289913091662823
-0.09724459498538048,-0.18860765898983747,0.09898594311399919,-0.03300251337829981,-0.04169158503408862,0.028011087679762105,-0.0013265331473295288,0.03472715783917541,0.00029648955435361606,-0.0003663373643624978,-2.4171584817547487e-06,0.006929399151326893,-0.0006934742779691039,0.002460436618221141,0.500516224134429,0.30899162375552275
-0.09074305692092223,-0.22778138335679834,0.09003184417093595,-0.06589648874337775,-0.037565113644771386,-0.0221590265562724,-0.002849666234494224,0.012509877437283032,0.00021157673463008771,-0.0003980444383119051,-2.990907957358991e-06,0.0039098238691896705,-0.0008598161001390665,0.0006767969206587779,0.500516224134429,0.1596005563640856
-0.04034484600479596,-0.1951981611695306,0.13142081013023973,0.02077427081180757,-0.04945034763007791,0.028727664013877875,-0.0017407860263575633,0.03496667292780397,0.00033533163032872706,-0.00022900225029799095,-2.4072915988459415e-05,0.008854948224206806,-0.0007764738605558899,0.0012006495790587185,0.500516224134429,0.43903288159415277
-0.09069655258386877,-0.22361703604482114,0.12425659814196247,-0.015379851508781316,0.008992796270748168,0.02095003941408258,-0.002378128129393282,0.008118043887169298,0.0005551496846799707,-0.00019295238458222547,8.113283898655246e-06,0.008204313363533246,-0.0008682182651231499,-0.0016447549094325534,0.500516224134429,0.33682378435450394
-0.036707339693736324,-0.21755776227022192,0.14620531597893083,0.020423441352194767,0.01897219338196062,0.026960777653070398,-0.0015844850665586172,0.006981937797020752,0.0006999861741828389,0.0003488045671209784,-2.208107560407711e-05,0.009872433907369542,-0.0008739003813967665,-0.002777265346396187,0.500516224134429,0.47145828111236937
-0.055087875202283414,-0.23060762252345554,0.11713912090019396,-0.013533469032685038,-0.038113491432614145,-0.03291524402416395,-0.0030019368651957637,0.008136158311533396,0.0004177591877836812,-0.00022474209740048397,-4.209339970776351e-06,0.0051266539906677944,-0.0007951643064047548,-0.0003004971495731053,0.500516224134429,0.256751664550865
-0.06874601944635111,-0.21565484489890438,0.11098323443306593,-0.06893294383508339,0.034162747657052364,-0.001939257333507323,-0.002958853238016068,0.010209111232424736,0.0007386296585629904,-0.00012055315805888878,3.325903232802564e-06,0.007573304039570195,-0.0011267355445998724,-0.0005000365989050601,0.500516224134429,0.3042073330049161
-0.06974861093347093,-0.2346469189072391,0.07946538792963417,-0.07097022035135639,-0.07004779559490824,-0.013302453299668912,-0.002775187404427132,0.014402979544192174,0.00015547127354294946,-0.0006435936935281215,-2.1342081625377068e-05,0.00493699770351769,-0.0008638674870230053,0.00030436166943415287,0.500516224134429,0.13676143250150638
-0.052441201656615984,-0.22298648110462793,0.13372186159067045,-0.02504064424801805,0.024196455042064954,0.006257213219574593,-0.002495557959246757,-0.0036334186861895724,0.0008680643390523578,-0.00011369302429467144,-4.2953298057884424e-05,0.008158994942346186,-0.0009250486197874982,-0.002405004357353042,0.500516224134429,0.36363481031394956
-0.001313178048761605,-0.22236887138276515,0.1153668762479899,-0.05421681490543343,-0.05503833086601731,-0.01142306851594084,-0.0026332858854278395,0.01521797527783719,0.00037639287252125194,-0.00023478606488002148,-2.6838707864805796e-05,0.005775113250883856,-0.0006229413985394074,0.004487122510711213,0.500516224134429,0.29386158851874605
0.02628971540336677,-0.16246868307342788,0.1428305533646188,-0.004558149412996684,-0.03267726166761733,0.04293682932497808,0.0001759289731559723,0.04068604505742238,0.000315476820188512,0.000108003746065733,-1.921538205335025e-06,0.007678727237717299,-0.000421760735138966,0.005611155269715383,0.500516224134429,0.5670208829042755
0.01617759807498035,-0.20931759594463983,0.13545526082031875,-0.04135529116498539,-0.02781824893642258,-0.012631334765802004,-0.0017258118418393012,0.022086116266387578,0.0004086973880517459,-0.00013749041910394769,-2.1539753573293835e-05,0.004624374163005427,-0.0005090771972015333,0.004145257483779523,0.500516224134429,0.3898971383073873
-0.0016948163998209127,-0.20989943230997757,0.15903534426469731,-0.012029472211337752,0.020913119823269974,0.02169197183718765,-0.0022839647830510353,0.01968103767615112,0.0007574928314817455,0.00021386853003281026,1.1130409574924669e-05,0.0074556589994808735,-0.0006136917335556344,0.0035705057654607953,0.500516224134429,0.5073249768340256
-0.003623668006832175,-0.2054166523060232,0.15073591809977702,-0.01080656308950096,-0.029190273892733137,-0.01889022188245377,-0.002030607274053247,0.015028174020592802,0.0006152330484664812,1.113082466335822e-05,-3.1540571692483493e-05,0.004724996949015486,-0.0005297330539812587,0.0046070545080333985,0.500516224134429,0.40571947150771037
0.05116963518557185,-0.16661159427457617,0.1637661766581268,-0.03138760992250501,0.043005536442965696,0.010846291201741009,-0.0014907718916410224,0.032276972613322484,0.0008657930155945866,-5.058206599566908e-06,1.4936086683243847e-05,0.011390524098749666,-0.0005611928127627747,0.004075389784340324,0.500516224134429,0.6178712521134444
-0.0010085240537844745,-0.22225306418612856,0.10621128750176129,-0.05431195618225358,-0.0719237678584746,-0.012375128410144032,-0.001780793007531541,0.020005255931039967,0.00023036201220796317,-0.0002969306191912234,-3.102486111493096e-05,0.005676503937778146,-0.0005646248846074388,0.0036192318384382994,0.500516224134429,0.27171305129242795
-0.014080411773287163,-0.20834954403811923,0.15174207197968292,-0.030704254709030064,0.020096286730249154,-0.0029231293952833573,-0.0015705058832083034,0.004484291626411616,0.0008937301852995415,3.81278484957014e-05,-5.264383568991508e-05,0.007605694389420404,-0.0005866861602993875,0.004244295568494056,0.500516224134429,0.4313535466675676
-0.000782140914851235,-0.181856320483983,0.11607011817392433,-0.056297939190634014,-0.05055461683812301,-0.014465428140003851,-0.0022996622773492933,0.012058660456350819,0.0003486790470932738,-0.0002799543080873523,2.1602918224880113e-06,0.005547320569781054,-0.0005389554755679209,0.005321775574008762,0.500516224134429,0.33278992061881413
0.027406747303653816,-0.1405730136422565,0.15698261372707512,-0.03628964031837113,-0.019006288448173096,-0.004637490162376218,-0.0006623637428590059,0.02048812130601784,0.0004219089732934197,-0.00018061331353060996,-2.3759205731522482e-07,0.004374677170752603,-0.00040612122708310683,0.0053840968441819384,0.500516224134429,0.5138186210127003
0.03560912267335531,-0.1478336321656526,0.18024246962285886,0.0006899209482732608,0.03263284559742468,0.018804019962457497,-0.0005395667335598067,0.02692044469740863,0.0008664840209723502,0.0002764232892121059,1.9636905746809158e-05,0.006269024450090044,-0.0005102768215994913,0.004070820250471569,0.500516224134429,0.6580339608318906
-0.012382495284553102,-0.15756317419577823,0.1582147070918883,-0.01234744622729034,-0.02324079464879947,-0.017322267097850338,-0.0015422332499115325,0.0066394985072306695,0.000584415387732536,-5.504577300093909e-06,-7.07303552527959e-05,0.0035278741304255326,-0.0004572186572487253,0.0061637929034177525,0.500516224134429,0.4507146478611426
0.010935824022603327,-0.1837607999051991,0.12084039810895368,-0.04917692324553808,-0.07514309457157681,-0.015563274602247788,-0.001016728117729793,0.01890503987699608,0.00024240467104533791,-0.00037570246503561906,-1.0231685428073555e-05,0.005128900344340781,-0.0005678269605680109,0.003813692414581635,0.500516224134429,0.3347679020196299
-0.006506487184226883,-0.1708942280079961,0.15753776341334677,-0.030307315708026566,0.021505765037452575,-0.01287118589758502,-0.0008269772962385997,0.005205275664289842,0.0007917867604491294,3.859184814099248e-05,-5.2536581476923265e-05,0.005275059912380076,-0.0005378394064328064,0.004504008312464096,0.500516224134429,0.4733779050009725
0.07564487761062028,0.09844056422153179,0.18217910684152253,-0.021501673962094677,-0.0056300821883239986,0.015219606374194146,0.000300101978201264,0.014805310328911397,0.000714447093922267,0.00042973394756793456,1.663759896382632e-05,0.0068296328512590185,-0.00023257880658649922,0.005556241829974853,0.500516224134429,0.8732881498540963
0.0642498887798631,0.10329054502070383,0.17620335174497578,-0.024707493962995316,0.0017316366024343116,-0.0022017124965607224,0.0007577899553225175,0.00930940300460198,0.0007695981511508199,-5.060277868687246e-05,3.0679122152494624e-05,0.005262901832325555,-0.00022198324937476338,0.004591269772658812,0.500516224134429,0.8395314956330029
0.03218772743427515,0.05944522482673834,0.17723327636145977,-0.0008264813216850822,0.00648120229577162,-0.002297283471358524,0.0013403977206401761,0.01520824063163932,0.0011374181424404777,-0.00010987869812743498,-2.4429720053651225e-05,0.005248402412243525,-0.0003524498090370157,0.0041729402837484934,0.500516224134429,0.7993605312231271
-0.04400156469196034,-0.2554141215388797,-0.06334762251966676,0.01821663702616773,-0.04416964591039087,0.00037383346309204573,-0.0013567027581911674,-0.003305853882100061,3.56172237040693e-05,-0.002109677547093185,-1.3204348724139078e-05,-0.017623126621734278,-0.0006294890221017417,0.001932436229082861,0.500516224134429,0.08910373923563768
-0.07705641769719038,-0.16372817169669676,-0.05558357574177951,-0.01939079455335027,0.006532297510048443,-0.012759868359250767,-0.0014969408559082002,-0.0027627771642455765,0.00046092424410981004,-0.0014296556060840013,-2.822227033363161e-05,-0.03851540210603429,-0.0005649857053952514,0.0026069422813674013,0.500516224134429,0.13679957641368948
-0.04693326894488418,-0.19326775997099688,-0.10130620628967295,0.03453273061722221,-0.0026409495592778906,-0.0064031504804855375,-0.0031130357871867282,-0.0017630053779744196,0.00013697312808922727,-0.0013149618246033063,-5.2214182382191545e-06,0.007586944274903344,-0.0007485001251104556,-0.0010373312396003264,0.500516224134429,0.18423948113661723
-0.04422719311510102,-0.109476773007274,-0.07858134404157867,0.03277453094318238,0.013223540755317988,-0.005431511868366476,-0.0011980168175407266,-0.009872737653448644,0.0005994094665656937,-0.0012703197766032947,2.9361462836144386e-05,0.010385935028163908,-0.0006876409341980876,0.0038480803962766754,0.500516224134429,0.3106315449726649
-0.042169184631098935,-0.2573168467802149,-0.07907907757743339,-0.02674332118995615,-0.05047064272066665,0.017754601189791244,0.001369969697301383,-0.005126847641514873,0.00017797254901997112,-0.0019245479812555145,-3.648090679800869e-05,0.003626259572431196,-0.0005381345719572372,0.0005609785366797094,0.500516224134429,0.060600921678761605
-0.019704710649490198,-0.2655871368222604,-0.08172755300515161,-0.050551671550082646,-0.005458369191841307,-0.011166164118131382,-0.001967414773027885,-0.004802571990993828,0.00025946804393731326,-0.0008768161068125036,-1.405989290101766e-05,-0.01826229353929687,-0.000561774051210904,0.000353940464795883,0.500516224134429,0.04044909695196463
-0.060755715250541555,-0.25743207139825697,-0.01878796939877062,-0.024319722998424935,0.009006660018945255,0.0027724199226284115,-0.0012715476261865146,-0.0069158969377950885,0.0005484249046950752,-0.0004983801832149126,-6.962238803389957e-05,0.004476452961881055,-0.0009550711834287261,-0.0021771064406678193,0.500516224134429,0.14413707813726184
-0.06986664990680251,-0.17690459552450102,-0.06940779744760732,-0.007740556087201515,0.008016940527599997,-0.01820385774955837,-0.007809650990252328,-0.0023043028226517317,0.00046229075276750937,-0.0017889535759812562,-5.6829481817320554e-06,0.008301634902791089,-0.0005412006611190054,0.0024866229644320654,0.500516224134429,0.1652104655681667
-0.07924206003189277,-0.1853531045770604,-0.08777574213637195,0.010143262926034605,-0.005992839703139522,-0.00707796242006338,-0.0018024545577505872,0.002485848225612456,0.0005841837648252123,-0.0013835056851770838,-4.6567621658157155e-06,0.006327876160265126,-0.0007470429759895191,0.001125921700233362,0.500516224134429,0.15180394806179323
-0.08079996428122739,-0.10926804693297822,-0.057033866075693496,-0.02539527103466108,-0.07491057087255074,-0.013150967489563911,0.00048259034999918266,-0.0022836612492037464,0.0004225051151095272,-0.001279970019237341,-5.188712380377148e-06,0.00965191690315253,-0.0007711651227563982,0.0027544513759816124,0.500516224134429,0.14892901608842338
-0.07199751255729106,-0.21043436365027232,-0.07728511768159012,0.009069775673428237,-0.005395547545159524,-0.033257992009104,-0.0004782229418659322,-0.003042120851117491,0.0002752070065643575,-0.0015140860439219659,8.728680574038882e-06,0.005293073672213405,-0.0005529311306686071,0.0008031351978236692,0.500516224134429,0.11200824995404433
-0.003809743207957638,0.4293782040395245,-0.04748122400959638,0.004760901450210093,0.011934422304991536,0.018717088425719338,-0.00041980060226915784,-8.876313221828873e-05,-0.025360595654841864,-0.00046350500559207884,2.4224530582075434e-05,0.0032180597212986416,-0.0002174643650338672,0.0010042110482907567,0.500516224134429,0.8917122396775394
-0.032221156135848646,-0.16459938062487686,-0.0873085727422918,0.03461538719831469,-0.031490850071097455,0.00972101542393238,-0.00029502425248975226,-0.003923389521966631,0.00023815580630876537,-0.001968708973125058,7.10265190467459e-06,0.0077749921536464095,-0.00047418490588523656,-0.018768293357396687,0.500516224134429,0.2118233167835622
-0.034390606872402925,-0.2655413247340428,-0.001885483220697737,0.016374064164331358,-0.06601506984598761,0.0022583639954766965,-0.00216917441760099,-0.008013885511947292,1.8598862897996272e-05,-0.0013904635624868288,-3.586445311838579e-05,-0.01595986675469324,-0.0007125847260831381,0.0002529135227477253,0.500516224134429,0.12330584058082594
-0.05436970292549141,-0.26322004673757915,-0.08739731504589075,-0.014666765130675248,0.007339071917624394,-0.01887774788152578,-0.0025904566034780107,-0.0034500145403103416,0.00022788289071521824,-0.0014227898621117455,-2.1337012379406117e-05,-0.013843070122108161,-0.0006454368491278367,0.0006165299025524481,0.500516224134429,0.04819502613464655
-0.006299174995703205,0.4092679931165664,-0.033774559772223815,0.042768331120729065,0.01946182129671961,0.008364027960482055,-0.0006259394352800398,-0.002127333908044933,0.0006784875794308361,-0.0003767518317537771,8.529554175017364e-06,0.0024585689417672583,-0.0002156958793139821,0.0013175862752712046,0.500516224134429,0.9414221141572549
-0.03088669006186525,-0.2514209017549395,-0.10804801754885805,0.0163350635223063,0.004749206711107061,-0.010306650046140233,-0.0018474553813596015,-0.0031334739397088874,0.00040089680250295534,-0.0017438944852991645,7.81111124036895e-06,0.004991934325615302,-0.0005776174487014851,0.0011002180861849904,0.500516224134429,0.1201366540265173
-0.030617810956488405,-0.26215464456252174,-0.08545215704426777,-0.02583182239225131,-0.04932727219048892,0.023281937486082375,0.0012639884758047627,-0.0064184967078940195,0.00021292870345216336,-0.0021604329009034472,-3.5989482669933e-05,0.0036212516059294857,-0.0005296898837774977,0.0010966405925136296,0.500516224134429,0.06746465487695258
-0.04126733581208268,-0.2909916243042117,-0.007020891592393638,-0.045903705120420454,-0.009494962680507476,-0.014965122260331263,-0.0015455269738661782,-0.006620653727656592,-0.00011474656121703055,-0.0008375615758503463,-5.239018120922691e-05,-0.01264701345282944,-0.0008355902587127605,0.0009642778600391543,0.500516224134429,0.06918337749318357
-0.046506172572664504,-0.2670329749119711,-0.09937659202402861,-0.0221882876289338,0.006445088778564434,0.008463905376739727,-0.000990309833409915,-0.003306974722174599,0.0007170123636462396,-0.001867566468091128,-2.946934583557536e-05,0.004461143519525242,-0.0007639167045881512,-8.957007655999285e-05,0.500516224134429,0.07845153988465127
-0.008925456064129625,-0.28723548278155786,-0.006067482667998782,0.004129903534219892,0.006866813305116175,-0.03863284361689618,0.00012672520456069578,-0.006943010362898093,0.00022765309703518026,-0.0015366934408757033,-0.0001280439398464611,0.002957114139936209,-0.0006752252179159662,0.0017326895644587598,0.500516224134429,0.1664128848876403
-0.038007601482917645,-0.2214609343334488,-0.09552963653558007,0.0032615255427255315,-0.004520356421407434,-0.0073507585091960904,-0.0025132165432873083,-0.004794164278391896,0.00032974519360663907,-0.0014963691299473185,-8.299590831016417e-06,0.004592453114934458,-0.0007369179446774904,0.0014197164473372446,0.500516224134429,0.13370140966335273
-0.001867981636423769,-0.23895847086762556,-0.07279533201530274,-0.014708814076637508,-0.07748087361674956,-0.018584479744435223,-0.00023257725439770408,-0.003096982015275134,0.00033965545152746924,-0.0021064236355861406,-1.7687040273248114e-05,0.005555632487723036,-0.00046211518679749043,0.0023578868692926734,0.500516224134429,0.07845766185347029
-0.05323694760226011,-0.27186843501931535,-0.09094996006024608,0.01327104741780535,0.002829251185706115,-0.04628909540364279,-0.0012418838859150753,-0.002885380291422111,-5.7084525312860056e-05,-0.0017496943805158723,-2.085454691778264e-06,0.002370881771121464,-0.0006844098590754831,-0.0014362319172680122,0.500516224134429,0.048586196109399946
-0.013815534590480044,-0.2720743989410188,-0.10618578867899219,0.012964762298178379,-0.04231958002072974,0.010753492020370637,-0.0015320724252080777,-0.004124732745468593,0.00010787837065336332,-0.0023678266847711117,-1.5075967340518128e-05,0.0035341727904075367,-0.000406595067493845,-0.009909075655512682,0.500516224134429,0.0751258488370294
-0.006529501715890152,-0.2612882442005583,-0.09971643400400818,0.018588184483140677,-0.04362220537681299,-0.005363783312271313,-0.0015942596229523997,-0.003273571526501109,0.0003156870949014687,-0.002078920637626602,-2.108011049251391e-05,-0.02060007140567721,-0.0004720009741207061,0.002016522723592645,0.500516224134429,0.07687654554915747
-0.03088813794081834,-0.26428199507395717,-0.1047228180630975,-0.022493321440379268,0.003794081960884114,-0.015120844626228465,-0.001457168239828184,-0.002295904877800395,0.0003083856868029526,-0.0013417055827273203,-3.61258565786099e-05,-0.019275469075903457,-0.0005463235622079578,0.00041241145726504707,0.500516224134429,0.042571288899857576
-0.01076396321765787,-0.28147302413197317,-0.12315393753863187,0.013542151775872282,0.009517048559908191,-0.012000631612351705,-0.0019922465594788465,-0.005331843940859072,0.0002516580363358597,-0.002237776721584807,-6.556111698745743e-07,0.002778134734295597,-0.0005891109411482801,0.001615043630183672,0.500516224134429,0.09067707059617211
-0.014228746954486862,-0.2526197539206157,-0.12487322377036324,-0.04240921047194054,-0.038442196043571075,0.007822212299566075,0.00021683008700902506,-0.004855739852234971,0.0002187516486276436,-0.002693055591247006,-4.8793575005158564e-05,0.0028873710778216932,-0.00040869753467750184,0.00014647035893102544,0.500516224134429,0.03122844189224697
-0.03367039776790108,-0.2755387183233049,-0.07103690024054701,-0.04603085329534131,-0.005306502797576141,-0.007989033043837263,-0.0007282074632233872,-0.00353876280142518,0.00011859048734382594,-0.001219783040781723,-1.9962824483246236e-05,-0.013708390384253309,-0.0005524790379584155,0.0011601392839044927,0.500516224134429,0.04245496288504769
-0.059770543212018745,-0.27379627248306204,-0.04359998274144719,-0.01925092110091666,0.013664588069533933,0.00924390855935464,-0.0008780665557226665,-0.0033956353958262174,0.000518464428161788,-0.0006599234953092605,-5.665803565643605e-05,0.004704634908795548,-0.0009646344310490073,-0.0007346489594900027,0.500516224134429,0.12554053368978044
0.008020506525560687,-0.27938618749424937,-0.1173114047999982,-0.0047538813681431554,0.0036057233917177875,-0.029084250268198525,-0.003267579649530622,-0.003626643618805132,0.0002545905634938788,-0.0028393610950413575,-1.618351327434749e-05,0.00417962514796486,-0.0005147792086814481,0.0009948360720512723,0.500516224134429,0.07677123481929825
-0.025824158762928852,-0.28001536361285007,-0.1181889713299621,0.005893067673934815,0.0046048962971068875,-0.0036625129821630095,-0.0016751833642620053,0.002040684954072191,0.0005964752996138769,-0.00135666579322432,-6.408987009260105e-06,0.004522899971927792,-0.0005792502419079325,0.0012077396499621347,0.500516224134429,0.08807347290674368
-0.009472179616782192,-0.23752213251149779,-0.08568373710491867,-0.020064721997565777,-0.07706914802395674,-0.016674829067803612,-0.00041685179301490665,-0.003931724678572455,0.0003491296792512188,-0.002474255629109013,-2.889398631110395e-05,0.0053320054953952725,-0.0004488262317301723,0.0017711913174010916,0.500516224134429,0.05418124998521689
-0.014222067048114606,0.44112005091842277,-0.013267435390802612,0.03853122500301975,0.02695910241002294,-0.03188778527695438,-0.0003175567038319261,0.0006044939879017872,0.0010661071500697064,-0.0005877958648307832,6.198882247534349e-05,0.004783980538119669,-0.0002539258987073847,0.002264528511156285,0.500516224134429,0.9553711352923783
-0.017725476030293893,-0.2731693262032641,-0.11269742702679433,0.014530064124752965,-0.03885335474728795,0.010769756271138914,-0.0008371079342228634,-0.004398622763530422,9.998006579305404e-05,-0.0024790976848917804,-1.9785280513811253e-05,0.0031613592393113423,-0.0004125362112790608,-0.010230876145739021,0.500516224134429,0.06825377380761394
-0.021601014521312373,-0.24142582552876463,-0.10394090336760592,-0.02787736622732764,-0.04304614704030821,-0.0067638563762424,-0.0015274592833105776,-0.005319352740416943,0.0002189470194869143,-0.0016740003174007623,-6.333627365802234e-05,-0.016294899760549087,-0.0004680464092593171,0.0003660519180866627,0.500516224134429,0.031099015225850426
-0.04738612113547817,-0.24263562355523816,-0.12644011156942436,-0.023753388345227618,0.004188663927180047,-0.014658085439340201,-0.0013562223911941793,-0.0032171890554424333,0.0003049761023605726,-0.0013041487204802958,-6.51585246208267e-05,-0.017490027998142012,-0.0005572077149914672,-0.00011078742725698276,0.500516224134429,0.026035792287135665
-0.045144984202531054,-0.2636983590940881,-0.12921641654209007,0.014781932655938744,0.00609606939209636,-0.011522225639820478,-0.001736960572222009,0.0005307184487521176,0.0005309869811932101,-0.0013485545514979615,-2.0208504877396635e-06,0.0027232855024639712,-0.0006565256667060522,0.0007730354208204775,0.500516224134429,0.07262620541625377
-0.03558119696498096,-0.24506866400812147,-0.10908230743557047,-0.052693046624890244,-0.04097064783456791,0.011680809826498374,-0.000905072494189631,-0.005765335973812774,0.00019071650162132231,-0.00162812140636364,-4.373145259981996e-05,0.0034172900456474354,-0.00045121859190022293,-0.000335696296202556,0.500516224134429,0.023280001425000675
-0.020402401821629813,-0.2460480767030354,-0.11332914502383777,-0.05327365012947297,-0.009851293788399745,-0.0065259249832009475,-0.0023038752544208736,-0.004415759138879205,0.0002752967794718707,-0.0010505317408724256,-4.549231180286614e-05,-0.015521807901385068,-0.0004988789542899795,-0.000620214792894992,0.500516224134429,0.026904468369781987
-0.044959743282457394,-0.25671278938995507,-0.1190016164950099,-0.0373748525605561,0.008862921655130423,0.0032941176038600484,-0.0006557568297738879,-0.004615813089765053,0.0005355503147286257,-0.001259754644616765,-3.269975961959102e-05,0.0042057732634982106,-0.0005834554172969961,-0.0007723301282959746,0.500516224134429,0.05144577537430348
-0.03183029353066192,-0.2604325940974731,-0.11705042187983179,-0.02659387102516928,0.004071962780900922,-0.027622854747609095,-0.0037405028437214774,-0.004363747011588364,0.0002761045364412559,-0.0017081577975923438,-2.223345455382615e-05,0.003597026939627086,-0.0005493020057022492,2.1272113201887767e-05,0.500516224134429,0.03456861211069996
-0.009973919815054341,-0.25870707090076606,-0.15287585389221092,-0.025452613325692014,0.008779695130505794,-0.004182277563531832,-0.0008988856072611841,0.0020602155261542237,0.0005798150540863724,-0.0011753881904902343,-3.5783157577568066e-05,0.004123085202066812,-0.00045628454793202375,0.0006068516973456766,0.500516224134429,0.06290780974407613
0.0032578443875410546,-0.22408737294101774,-0.1147517166977326,-0.03515873905363068,-0.07656065254156653,-0.015333081687028906,-0.0005573826381493206,-0.0047271045123230045,0.00031313027565461616,-0.002070051398458699,-4.282992852047494e-05,0.0022529237455881593,-0.000409679241909479,0.0010228613472447,0.500516224134429,0.03366437325012378
0.00016813584918652107,0.4445306584466468,-0.052854889460910506,0.009256364011295665,-0.035103718562808264,0.023287154341880334,-0.000935680107614728,-0.0001144598507234644,0.0006718322790690193,-0.0006281938485804801,2.3910637210810355e-05,0.0038914901895300766,-0.00021440810513058203,-0.006350559300676417,0.500516224134429,0.8861438606528098
0.01431125628402539,-0.2774456689120453,-0.023612094347603176,0.003129663556716746,-0.0724743639625265,-0.00038556924583956815,-0.003078820127822648,-0.006304587524885694,-3.3583272775693316e-05,-0.0010652832875250214,-8.228820051527639e-05,-0.016721371863345793,-0.000640094310469782,0.0015186824681771456,0.500516224134429,0.11763210138799879
-0.0777587398984092,-0.2716644268684154,-0.02810842046765475,0.009728973338639483,0.011757674165654776,-0.01776441321677032,-0.0047741850238038515,-0.003596969375117515,0.00026979808535146707,-0.0007451173521898939,-2.249794402108298e-05,-0.01753046451058189,-0.0009909096417761716,-3.905642280780785e-05,0.500516224134429,0.09927746900252987
-0.006733535012732941,-0.27634190924038354,-0.023061272718660212,0.00509118342485118,0.017819026116718744,-0.008019212794596997,-0.004405452738667674,0.004590864420990638,0.00020658269684063185,-0.0009242172454375889,-6.637023363286443e-05,0.00206493112855651,-0.0006878572716504652,0.000607987629424815,0.500516224134429,0.21065697229605285
-0.05447181659659836,-0.2580512224565058,-0.011589537906676384,-0.021783334430226543,-0.052038622959155546,0.0204255120788619,0.0057546328986681885,-0.012797853178612708,0.00016472136481918124,-0.0008063089417988734,-6.738669216203665e-05,0.0028849328602314197,-0.0009164991513591965,0.0006003066548287508,0.500516224134429,0.11782374767874801
-0.04884808548893332,-0.2786912144833684,-0.02606882623176389,-0.051992228511011866,-0.004066241839520528,-0.015003863171200298,-0.0019402359961170185,-0.004521293082495906,-7.352631193234824e-05,-0.0005124977613625518,-4.036551146828091e-05,-0.010441896554497959,-0.001158358131044482,0.0007546391130253355,0.500516224134429,0.057912230172741413
-0.05592108992725288,-0.27660761091667446,0.012298320456101769,-0.02423757526014773,0.006037788956732594,0.0041290527151983435,-0.0027662790562869963,-0.008879814824374742,0.0004389039031282375,-0.0007963510590253893,-6.816409896162571e-05,0.0022992433418566106,-0.0009576222006680478,-0.0018290714535162168,0.500516224134429,0.15365595471054225
0.01166237771123113,-0.29105174745490303,-0.011389336821795179,0.005366297219495612,0.007651822994535092,-0.0363279587687867,-0.0014009394324766007,-0.005851243312030698,0.00016870052799112904,-0.0012516031374831022,-0.00012167938230490025,0.001319132566770543,-0.0005885706178360634,0.0006578968670793253,0.500516224134429,0.17935937309391886
-0.03642244332854297,-0.26287495417122086,-0.03644269410226949,0.009933654249220814,0.005656410252123977,0.002269031197636892,-0.003836307667179492,0.008879046446083904,9.278216596387786e-05,-0.0008785935405414569,-3.7135553329237806e-05,0.0036686939898671615,-0.0008669461446530781,-0.00044269861441166206,0.500516224134429,0.18921406931318063
-0.005799003820241657,-0.254471938869924,-0.02376019805654425,0.00955512188553515,-0.09565781625462018,-0.01593984567549556,-0.0005651543288760633,-0.004091666603201667,-0.00011698008895436118,-0.001528228627279468,-0.00013018866614887678,0.003177589304980948,-0.0006871408977021298,0.0013046551023510387,0.500516224134429,0.11180542853831124
-0.009990434661069046,-0.2593993538293744,-0.10844057853739661,0.010539784598077227,-0.04252382730968519,-0.008281139807363736,-0.001483778403397194,-0.004225376793620774,0.0002758155204392273,-0.0023060809902437675,-2.9632094132000202e-05,-0.016709531299952916,-0.0004754776588530228,0.0013675834987182012,0.500516224134429,0.058834196366580056
-0.03948731631382664,-0.2634883585102717,-0.10581909359108997,-0.023062575640004048,0.003344803939951457,-0.014472944722719688,-0.0014077940728100184,-0.0021624083251942554,0.0003059798818648015,-0.0012036418076809149,-4.506511847341659e-05,-0.01671676000051191,-0.0005439463742134226,0.0005178519588876253,0.500516224134429,0.03627495543834002
-0.005901367303658438,-0.2646194071423416,-0.1490190503782626,0.007020506693062038,0.006842137080816467,-0.009628461125415431,-0.0015206008333474863,-0.006556607146653618,0.00043489449039124884,-0.0016706143180417056,-3.5606675922163363e-06,0.004360926195911232,-0.0004923034614346689,0.001249571714888097,0.500516224134429,0.0810122879327535
0.005312760318978598,-0.2677894557924689,-0.1255059836971327,-0.02597764547014461,-0.036157377474306245,0.013757052503673695,-8.898459911851061e-05,-0.005151756867920085,0.00030425902280521423,-0.0018377313337066992,-4.593651400208041e-05,0.00453838437327846,-0.0003881746594790913,0.0017504974155474894,0.500516224134429,0.06323613136043764
-0.04423396595447673,-0.25642593788847645,-0.07959562937386609,-0.04570125887771922,-0.006825765847065151,-0.005400544495478733,-0.0007574420567117781,-0.003135943376933281,0.00017596588743218713,-0.0013614257133807242,-3.2020895318665975e-05,-0.013727233526598012,-0.0005500245154855258,0.0016198971671204936,0.500516224134429,0.04456489466747475
-0.046544297681484194,-0.2658106027139988,-0.11135741982875409,-0.021446009691197355,0.007773941114377238,0.008049571596467853,-0.0005698196204489405,-0.004154585623215866,0.0006342409221207842,-0.0016053810762579196,-3.4771913630822475e-05,0.0037536617690347596,-0.000744259797499357,-0.0002308822489203383,0.500516224134429,0.06822960934102522
0.008792677461136943,-0.26474267143289565,-0.13387557783498133,-0.02101424340258892,0.004012630047530811,-0.023691537612782077,-0.004078403616022406,-0.0034444343140730277,0.00046649423485787216,-0.001946527638942091,-2.15750967938546e-05,0.0045554806308688335,-0.00044681969863250183,0.0010539685828403317,0.500516224134429,0.06613568444395543
-0.016100789004476968,0.433851656327384,-0.03529966208909796,0.015415388047034009,0.025158188609780748,0.0027770838569940166,-0.0006001341807731925,-0.006002300951069199,0.0010647701097771698,-0.00088739618920869,3.7447606002560066e-05,0.0026142378155809025,-0.00025765122068904486,0.002017219668941687,0.500516224134429,0.9243042825406134
0.0035189632393223054,-0.2296333951427004,-0.11327143454863291,-0.03215578464245904,-0.07181200302398849,-0.014175293628268837,-0.0008238554830200476,-0.00435633213335912,0.0003181402527544028,-0.0019961377566590313,-3.640259226923491e-05,0.003238596659544653,-0.00040338458414909494,0.000683455423542984,0.500516224134429,0.039611356174090784
-0.014442169800318731,-0.23101209048858054,0.07299723319462338,-0.01211848465941899,-0.11302946594717143,-0.0039024227936814387,-0.0038342862607155435,-0.013050102482053997,0.00020842506607621453,-0.000789952126459732,-5.068286305380007e-05,-0.023027982701979453,-0.0007886469556083643,-8.423283884818806e-05,0.500516224134429,0.15759136247724226
0.0035561676165233847,-0.21791051790160337,0.13679505178889878,0.01606217846321574,0.01815364199800951,-0.015306481854750852,-0.006839580069616529,-0.004784274242530442,0.00046082269719724563,-0.00037855284613998576,-5.2475748582566236e-05,-0.035641835154111394,-0.0008294844770726467,0.0009571208101960294,0.500516224134429,0.39475800521406434
0.015019645817454389,-0.179833473683935,0.15874076183057653,0.04045504794586597,0.03495060337777255,0.007586387169137472,-0.0063527118987488085,0.020143721100762256,0.0006363602446915192,1.0834218412339035e-06,2.9928532643677123e-06,0.008240793761591241,-0.0006323364904318304,0.0011247404714672274,0.500516224134429,0.6005998400557404
0.03193849553681765,-0.21813601265819574,0.11553098527967798,-0.005347783325011793,-0.06503760770763452,0.014025065630691084,0.00022778667545556255,-0.015914272074988623,0.0005186184835990838,-8.034035589792954e-05,-4.760746651923602e-05,0.006367669921714083,-0.0006666089448605757,0.002996832300472845,0.500516224134429,0.36689144542975183
-0.03785119937589034,-0.2016966879016559,0.14216895983660002,0.0024176918954965875,-0.012580677907654127,-0.0020682849308494905,-0.0026545518140934352,-0.006764786743631958,0.0004239197785435661,8.759494707002085e-05,-8.349325670721128e-06,-0.022542560224058858,-0.0009896855348299491,-0.0012494123275212372,0.500516224134429,0.35720819450628727
0.003698941978455313,-0.19375374692929528,0.165814862282977,0.033706231041618386,0.04742242083075755,0.009499746349828543,-0.00027287021283484706,-0.006039661460629558,0.0011602967971669563,-0.0004654580221576658,-6.115547894645725e-05,0.007097340072504006,-0.0007682000166570058,0.0023531080520288136,0.500516224134429,0.5699080794192486
-0.015321441052604282,-0.2183928722916904,0.13991838505564055,0.026221882541355324,0.02167912948223886,-0.04231042046280282,0.007412569104425875,-0.005109706750389362,0.0003243443690018132,-0.0006911615736189085,-4.703843041880873e-05,0.005855059938612871,-0.0006781500097173531,0.0011856094976266094,0.500516224134429,0.42056241355209195
0.0002518048103970086,-0.20834845364007698,0.09639119784210769,0.013208720680941621,-0.14644558554043288,-0.009084310250429519,-0.0019759241020067928,-0.008089098926047728,0.00018324157587896675,-0.0004926456062496624,-5.244387771178327e-05,0.005731337798468001,-0.0006254962600253994,-0.0001148039280393184,0.500516224134429,0.24105376471120593
0.012093180676056468,-0.19826599770675174,0.08829947761879317,-0.01754424468935385,-0.12024050507355287,-0.0011183767629523336,-0.0012535479583898057,-0.012783299775952352,0.0002558614373029006,-0.00045364845363047576,-4.4171597418992966e-05,-0.01982044124049442,-0.0005482939620293041,0.0012726661106165864,0.500516224134429,0.23036488275667608
-0.07080425791280479,-0.1694908880152454,0.13674575672697578,0.009475386643472937,0.022564804154477886,-0.022368757892300712,-0.004005965577601566,0.0006586340899490778,0.00033719029281238693,-0.00013579050222280894,1.0824326009259776e-05,-0.032472917559051996,-0.0008503425234545664,-0.002559337159376635,0.500516224134429,0.3676205632260714
0.020567743531070177,-0.17938468083495512,0.11949746852944419,-0.0015335393884813573,-0.06926928672282978,0.008469878032594153,-0.007780653308646984,-0.013480983905335201,0.0005487119501615287,-0.00030013405224614537,-4.980734487838308e-05,0.006851095597863517,-0.000526642655023659,0.0027312974564571574,0.500516224134429,0.38685669101962605
-0.044130901796406496,-0.1326178607035255,0.16167041773899252,0.0076390270321425625,0.0013021286457492445,0.003048627962108206,-0.000410515691427826,-0.003459260763062752,0.0004965074080081813,0.00017279962936897576,3.979346570776965e-06,-0.010553736282240102,-0.0008377840134951115,-0.0008182179422687449,0.500516224134429,0.4820214347049471
0.031415437454556064,-0.1445589582044908,0.17011599520887175,0.029251810181320143,0.03350354021003477,-0.011132230748861504,0.00868405990748661,-0.0031874068128395173,0.00045946790062811004,-0.0003064168342990286,-4.242268071630064e-05,0.0077068699973707015,-0.00042767037363170506,0.0010138132368722693,0.500516224134429,0.6230121125767336
-0.01346267081449705,-0.16984866619711553,0.09980838530089205,0.012164537061155813,-0.16486544708921358,-0.007569510313621687,-0.0011445330252919136,-0.006101983742192353,0.0001571595842299141,-0.001042737127185828,-6.0665666906576034e-05,0.004794696401326898,-0.0005902696416706665,-0.0009512687172412201,0.500516224134429,0.2518032501471017
0.04532917587519722,0.05219463277961159,0.1568020384245966,0.017876257994413218,-0.03305129077503984,0.009152329395345613,0.0027443037672654318,-0.0039156288439974405,0.0004656239851318175,-0.00028141001135988146,-1.7943560095719422e-05,-0.011541280725101945,-0.0002930669802475366,0.004011139868611668,0.500516224134429,0.739991105328764
0.017535978592817945,-0.09834842385053903,0.07220886854464005,0.011946540491898479,0.034252676934317175,0.0016919260595818178,0.0012889955232861159,-0.0009039119014473723,0.0008702146421981887,-0.0006102761382228884,-0.00011885677830923965,0.001803777453582373,-0.0004983967280107631,0.005151222822269378,0.500516224134429,0.5467865598024948
0.06241717069876558,0.04221092660892398,0.13938395742587117,0.0012745583301899599,-0.007409434175979756,0.015596007545344006,0.007433818204687645,-0.004175829032711955,0.0005195117017460075,0.0007360179329860645,-6.081100573544009e-05,0.011259405592292313,-0.00035225632127888653,0.006162796367358386,0.500516224134429,0.7755120640068914
0.050102510113227826,0.09357069243626534,0.1504836419665604,0.025121129851873134,-0.06786928678254137,0.010775978233507984,0.0019809032133454793,-0.0029150466591761,0.0006420563767943256,-0.00014501622076548384,-4.685348724225085e-05,0.009550219611596248,-0.00023949532713355315,0.005077648279903022,0.500516224134429,0.7766053057406482
-0.04946593245406517,-0.21144330447924806,0.05271225758850408,-0.08079035536163287,-0.09026500479429883,-0.005334858850229069,-0.003603557066484883,-0.01144589938189098,0.00018286115730099112,-0.00021872410243263887,-1.443894584865985e-05,0.004018851429731757,-0.0009802229517763097,-0.00930712096985836,0.500516224134429,0.09456077495220408
-0.0832071302806809,-0.2173986085445543,0.06434712102276124,-0.0286620389940451,-0.10100309962776036,-0.007218431913338961,-0.0030302783410424165,-0.009165997113861906,0.00020970436332666474,-0.0007573761099170103,-3.9103677301420476e-05,-0.026252579848535827,-0.001124049897812601,-0.0015859385313878294,0.500516224134429,0.08562841664028223
-0.0845743141132586,-0.19784507461782902,0.11820552079580303,-0.009978798089045055,0.03157108047028707,0.009280170562673993,-0.0012044414821282966,-0.004287033371308863,0.0007363645164849565,0.00010837902012343403,-4.8125122069818417e-05,0.010682760749269073,-0.0010346966567877868,-0.0034413147887334484,0.500516224134429,0.3686867020079137
-0.05489757226786214,-0.2354522195372696,0.07178887770314837,-0.0818167640071769,0.007888519757191197,-0.01890378989562623,-0.004583383367609536,-0.005582527050747192,0.0002192716834666422,2.9031013779524133e-05,-2.352107909004212e-07,-0.030190639417035293,-0.0011778000772816753,-0.0015206680635828347,0.500516224134429,0.14631632539703573
-0.03569701449992818,-0.20961172558287136,0.12079423958534484,-0.022735725185492103,0.01781329310340536,0.0023027087199359144,-0.0031466010498961286,-0.00869934915020304,0.0008545982115054818,4.381731441645501e-05,-3.4742596334899606e-05,0.008459749588028372,-0.0012125827394203436,-0.005876994755013939,0.500516224134429,0.36376989509790986
-0.058078231268409046,-0.2179637890720051,0.07225730045772133,-0.10034905164982309,0.008577368622387727,-0.022974627588949754,-0.003792599394718228,-0.006335023039483667,0.0005911237099999171,-4.99708917582678e-05,-1.6815470769669975e-05,0.005548951770558891,-0.001280928340258358,-0.0016807944455426856,0.500516224134429,0.1749691375333831
-0.056915255977404544,-0.2116925302161461,0.06979641241780378,-0.10889300301076937,0.009143365078977568,-0.006860621665578948,-0.006075789850959573,0.014413028022655993,0.000643159818561989,-8.183048244285683e-06,1.8889751164322626e-05,0.007641977316766258,-0.0009494032264936931,-0.0029935604488413713,0.500516224134429,0.20778470909592406
-0.0720839036673448,-0.20261485921707706,0.0655354193482068,-0.028601907644077367,-0.10990233947422129,-0.0004450543775902835,-0.002658548018376678,-0.01688421823799137,4.6810915781854206e-05,-0.0009610567821669426,-1.7147707157542956e-05,0.0032443019748924686,-0.0008157320987110105,-0.0204284318395939,0.500516224134429,0.11392955730900585
-0.016292650728884046,-0.1973547537298965,0.11661761671960526,0.007629695689340049,0.03455056410521726,0.012751827045774792,-0.002797392687927535,-0.004679280517088023,0.00038552776669270513,0.00020240126872274097,-4.360475668826751e-07,0.004606618833732113,-0.0006468108457498159,0.0037275159582716997,0.500516224134429,0.45921666696467606
-0.00480295832218539,-0.1912923511125568,0.10123445326799178,0.07826513121876084,0.00838503474503306,-0.05865262818534391,-0.009482983016341394,-0.0012704685357250822,0.0007877434739603201,0.0003799203785079009,-1.9836330869142225e-06,0.006477125236036543,-0.0011598095782818518,0.00044848736161772927,0.500516224134429,0.42983093743281997
-0.06670334499881678,-0.21168650644918865,0.024227253215555595,-0.05331905297467902,-0.07813780038270438,-0.04753307470619731,-0.005655637854530117,-0.007424142294608812,-0.00016150023739680558,0.008412978373330228,1.71867239242959e-05,0.004460154603989679,-0.0011918556656367115,-0.0008336047037787105,0.500516224134429,0.06498727678369547
-0.06017458483859668,-0.20674028893301888,0.08481175505317587,-0.06262404130453592,0.02395972527417466,-0.008246343866185647,-0.0029745389082284023,-0.0040768341770079835,0.0005620437007380315,-0.0001382847964484147,-3.30175288114152e-05,0.007887376900529281,0.031597980299624844,-1.744257766856101e-05,0.500516224134429,0.3043097284321739
-0.07058052544971923,-0.10758616122028919,-0.1399499182522746,-0.08490594571465876,-0.03925721029876513,-0.009904421395720257,-0.0006045959892223807,-0.003756389982942884,0.0002240285352629334,-0.0020950733176925817,-1.6352097245114917e-05,0.007422312341454552,-0.0005217489590979501,-0.009669202002825719,0.500516224134429,0.03931502033069616
-0.04154378444320266,-0.12513664694853938,-0.13417873357104296,-0.07467229205348809,-0.0412451028096625,-0.011067373170816087,-0.0015878066789842612,-0.003618943179532781,0.0002160930394540383,-0.0021843004666948908,-3.8133123359156605e-05,-0.035419268002461465,-0.0004494773942194308,0.0003557642178592316,0.500516224134429,0.029946219549742036
-0.06629936787289734,-0.0966712712961137,-0.16238253055064533,-0.09542370677397828,0.007153248416152141,-0.005415730748153489,-0.0010413295566493084,-0.003966947921352864,0.00046399050989468497,-0.001844952593016544,-2.424480703149274e-05,0.008869795776036452,-0.0007082324031897947,-0.0006576772720312334,0.500516224134429,0.08256726704145623
-0.043393035436970546,-0.1677376226892651,-0.15854917189612983,-0.07742160476885379,-0.0011754258678819396,-0.007764773583953591,-0.0010786072516127088,-0.004319056671749156,0.00015510455249466234,-0.0019617553443029186,-5.515397133792006e-05,-0.01816420415890749,-0.0004854492036957139,-0.0004994610820394532,0.500516224134429,0.01806600676022689
-0.061836376513753274,-0.11018667524681794,-0.15761034434483598,-0.09477009442037086,-0.004851021189929919,-0.015454624624272436,-0.0012241570593778434,-0.004909024578757865,0.0004362767434202684,-0.002086564749508626,-2.9609266164364275e-05,0.006740661379399763,-0.000844313762646567,-0.000917114145845278,0.500516224134429,0.0529732423549715
-0.058324038702235625,-0.16676137996663418,-0.14000551940863865,-0.07158237488424071,0.001001271362268975,-0.014573093983410362,-0.0012332830499129088,-0.004726405034187474,0.0004119666405628305,-0.002108387147506852,-3.140744515950752e-05,0.0048939125863076615,-0.0006272793272771532,1.4023623190224794e-05,0.500516224134429,0.0468642293975585
-0.010591630700061258,-0.1936852624196523,-0.16972239774632522,-0.07893396986215097,-0.00015006652719198052,-0.007881322872968713,-0.001141232180951717,0.008832634007793118,0.0003357716814873789,-0.0014880576142468787,-5.006600962953588e-05,0.005421735364070661,-0.0004753088722776761,-0.0013399022368567445,0.500516224134429,0.049647148145470194
-0.05071185001875827,-0.17760220836214158,-0.13449641104625004,-0.06434990680290092,-0.039172106527138366,0.0007666692323312633,-0.0013898561121453066,-0.0059164710137444895,-2.0366219845408365e-05,-0.0023364545321884972,-3.244823717413022e-05,0.004205231733153915,-0.0003991632561967549,-0.006440015624457984,0.500516224134429,0.022620867346976256
0.02311071191436713,0.4194253510234841,-0.07832263832996526,-0.010980074664111923,0.026106110866297175,0.021954286314924885,-0.0008034246711529473,-0.002151960765399147,0.0010822771015329936,-0.0004704136992574224,4.872941120045153e-06,0.004213454648323395,-0.00017832188048056343,-0.002314637292861629,0.500516224134429,0.9011918176412531
0.008216055395665129,0.40963673794359146,-0.0729161235328501,0.023669819321500488,0.016765133378474177,-0.01685699603156322,-0.0012454119509699752,-0.002613470531815803,0.0013109393740068386,-0.0005641864068755821,5.998276155155272e-06,0.0023555824478105076,-0.00028868691261973295,0.0020014101205973293,0.500516224134429,0.8699930250255385
-0.0622553059762114,-0.1006220932848995,-0.1017996386504402,-0.06573732143016371,-0.026952470007136707,-0.00971292027229932,-0.002474222747881448,-0.004081402440658938,0.00018139838260822558,0.04614767226948766,-3.7542125861756436e-05,0.00982813949422187,-0.0007377946785691531,0.0008954943149396441,0.500516224134429,0.18315821698156787
-0.02081356577427051,-0.24393406924936747,-0.12191316154640976,-0.06329249854604777,0.004457195213908962,-0.005805396475507387,-0.0011753935950918233,-0.004645494029178589,0.00045619220767983943,-0.0010245115584712557,-3.9979762549723525e-05,0.004451554580981826,0.02293214901952201,4.298031749476492e-05,0.500516224134429,0.07021222493712487
-0.04724717510737241,-0.23098200432378185,0.07747627675353223,-0.07392265949572385,-0.08712479306778843,-0.004623446069446652,-0.002850735647854258,-0.012217856599004607,0.00017308812744125273,-0.00043592658109002625,-1.3251428112424559e-05,0.004386355523601131,-0.0009149000485902677,-0.01292283168731251,0.500516224134429,0.10929636448293037
-0.07402609649144604,-0.23890239703403388,0.07733710492478651,-0.02853020900749773,-0.100049506378689,-0.006507556777700909,-0.0032338452599197675,-0.00824032674211035,0.0001986100886172941,-0.0008793620090024742,-4.090955429662823e-05,-0.023837658916974,-0.001093816239494911,-0.0011346398423836748,0.500516224134429,0.09157561489428723
-0.04413691550488169,-0.22037374909623983,0.14534547732596506,-0.009501082882320534,0.036565106796979475,0.013999954883441405,-0.0011153844782079139,-0.0032899828971530132,0.0007918869454417505,3.90572784473263e-05,-5.021396459115504e-05,0.009736909117862678,-0.001008555608856872,-0.002795321018100822,0.500516224134429,0.42472341103221867
-0.05471899435622705,-0.2562104853166157,0.08770306622737964,-0.08112635889538818,0.0020174943917621183,-0.0206161048925844,-0.0036472519710917424,-0.007357123149487846,0.00030995308492041046,-0.00039588653879874734,-1.9451679272556268e-06,-0.024615140732226617,-0.0010945902751211894,-0.0030567841457897447,0.500516224134429,0.1377060723972363
-0.0438728732653199,-0.2267263879500278,0.14040244882097538,-0.020472400905176633,0.025045925258307216,0.0036819156018088593,-0.0029468438702585247,-0.005339971874286011,0.0009545039774680407,-0.00034584285950036006,-3.061096710920592e-05,0.006956949921027387,-0.001110282625506876,-0.0046819697540037486,0.500516224134429,0.3720307836428308
-0.08326868882017215,-0.23718891721218288,0.09981521894767693,-0.0869395961692618,0.011586679074278693,-0.02614188288654589,-0.002258420699295551,-0.0051581248818688185,0.0001467981640222936,-0.0004181683090742866,-1.8988541118116842e-05,0.005137382340594039,-0.0011903577122857943,-0.003312137853135744,0.500516224134429,0.17130701957606323
-0.046255583171081256,-0.22981657673522185,0.09216069029683625,-0.1086776460273337,0.009526051463867709,-0.00515217450604451,-0.004243351182533777,0.01755221508666509,0.0005810775995226036,-0.0001870311135168204,1.6556987252352513e-05,0.0072472765645508344,-0.0008881559027920323,-0.0028260614694834564,0.500516224134429,0.2295535120251198
-0.07781590385193547,-0.22515615900592736,0.07702423774585926,-0.027655194436324672,-0.10608034210904065,0.0013048005514267164,-0.0019823471444124544,-0.017226537047719044,0.00010791202762570377,-0.001053732659368349,-2.45761542076221e-05,0.002179293569147712,-0.0008170131388773026,-0.018783413009151845,0.500516224134429,0.1045372494715276
-0.057970776454633895,-0.23046733926710636,0.04304906663362231,-0.057062585319889475,-0.0790443344604685,-0.04347117951161499,-0.005854923624226943,-0.006960771969843898,-7.067799147074571e-05,0.011458281343790476,1.8453218301456492e-05,0.0036891445092245593,-0.0010804226587799303,-3.0314997685524705e-05,0.500516224134429,0.07671784358365105
-0.04444615531397354,-0.23317204883742584,0.1092862603343984,-0.06457310480805427,0.023868359844297495,-0.011109849618672578,-0.0023421400641794226,-0.003213804317360214,0.0005475892307305702,-0.0002355558736143693,-3.5029938640021604e-05,0.007855478974637013,0.02925261245089454,-0.00023365175306785767,0.500516224134429,0.31196518444440313
0.0034483109577221486,-0.26263759366955447,-0.0854144505293404,-0.035507327708006915,-0.03867164589102926,-0.004308496375496299,-0.0030345509048601248,-0.003271838773550588,0.00026798163917666904,-0.0010391097036234161,-7.526629298037396e-06,0.0048512122766687866,-0.00031767302116941066,-0.009267191098352568,0.500516224134429,0.065606324703719
0.0028010057484769268,-0.25260488848345547,-0.11465839929411457,-0.03736135362099548,-0.04065481832573363,-0.005474216193326137,-0.0015007884162831463,-0.0038206077796561055,0.00017391769644633232,-0.001421848497960246,-5.5376891047707244e-05,-0.015006698826574285,-0.0003919036277312605,0.00038784953312323236,0.500516224134429,0.03092809715560185
-0.0036682646515335286,-0.2638852508533063,-0.13452689323996464,-0.04036819222848864,0.006793636256863352,0.0015638404128639036,-0.0010331888163991917,-0.004716889965629085,0.0004552383737236846,-0.0015145527431019226,-5.020151979871526e-05,0.005698721595452066,-0.0004711557554686708,0.00045462087151387933,0.500516224134429,0.0652476918711589
0.00037809701741571935,-0.2706509175868332,-0.10741488693653782,-0.042698894114873556,0.0006433052227865974,-0.008032005637597147,-0.0008032523650509183,-0.004604863861413986,0.00032859891813027074,-0.0014079661991667296,-1.7834018043482885e-05,-0.018933453733871442,-0.00046752341596633393,0.0009623558681282009,0.500516224134429,0.0477969832915376
-0.0014196411204848824,-0.267072341384386,-0.1282194209891879,-0.025322059896087927,0.0071866138140111255,-0.0013693252294842868,-0.0005947063804924768,-0.0037204441864836326,0.0005516296701083652,-0.0017818728802272024,-2.423942460405435e-05,0.0038566843756169607,-0.00046885548121875756,0.0010431398749999189,0.500516224134429,0.08316138489651229
0.00018519027557291484,-0.2554255530186903,-0.12166527142827062,-0.044583815428072396,-0.0003010465497282495,-0.01780864837867189,-0.0013273484415837317,-0.00405174902146632,0.0006132585812021925,-0.001780254241458709,-2.101621464794404e-05,0.004141891849435098,-0.00041803611714756535,-0.0007407857201144356,0.500516224134429,0.05733304028079017
-0.05408680942057089,0.39228167081374454,0.07019153337177723,-0.045669927333290554,0.01887712897063806,0.01607725534985345,0.0002954750613955741,0.0046741267319984755,0.00060413023360398,-0.0002304149708717697,2.203398181415916e-05,0.0035694885895008912,-0.00028636911302705925,0.0005164448001442931,0.500516224134429,0.9073519912011424
0.0031001065870950076,-0.2495660133238907,-0.09697412014415616,-0.038990661994199725,-0.04744283765324931,0.00211781399588468,-0.004301460305012361,-0.006129852633474361,0.0001854431648634707,-0.0014321297165780559,-2.176512632429829e-05,0.0029538241072704103,-0.0003360477652317564,-0.009789220776093467,0.500516224134429,0.05388930255133602
-0.0004916119064972186,-0.2400067721442275,-0.0663384027118863,-0.025563073265558647,-0.02869409240509704,-0.009295447945838246,-0.004225813626334406,-0.003456604959651047,0.0003045784175845633,0.04769204229712503,-3.868067043012836e-06,0.005871440248677682,-0.0003199324930412606,0.00010958515333256378,0.500516224134429,0.17609825072597712
-0.05256094406553435,-0.2421173382079025,-0.0981365236296736,-0.05131306659463839,0.005723934613058267,-0.011465249146559399,-0.0002721144605305994,-0.0052177190770969955,0.00037870901472475616,-0.0012632653819468964,-3.870111064589429e-05,0.0031237072145530375,0.028649160414781962,0.0011169422530583725,0.500516224134429,0.07712375597007909
-0.018501366920068298,-0.23648999266090262,0.07878822996676646,-0.06924656348271824,-0.07101530009499335,-0.010158541866879181,-0.0029785306242536935,-0.01300974970507205,0.0001743777992908673,-0.0006628359303439207,-5.366830456450667e-05,0.004732276296321296,-0.0007337780013445352,-0.027026437184181875,0.500516224134429,0.1343343434214892
-0.03300183518450612,-0.23792881423498535,0.08986691759364392,-0.024470928713214223,-0.10500704276358448,-0.01132476732427012,-0.0031025284257448407,-0.010467946705493326,0.0003055470061579455,-0.0008505366715379022,-3.949642764046067e-05,-0.025841242108676638,-0.0010494482589533168,-0.00020175590804503106,0.500516224134429,0.13740234600758325
0.002038725114241788,-0.2192559869115366,0.1579177836990487,-0.0020292154377540574,0.038020174194441106,0.014406003091580388,-0.0011552021304298467,-0.0054693398311921925,0.0009495153330514774,-7.490581683665398e-05,-8.475667082658588e-05,0.008838991152711032,-0.0008218853795074975,0.0022471531129782995,0.500516224134429,0.49604327765440154
-0.07448188628256061,-0.24121922363266166,0.09791769447368837,-0.07009932852529219,0.008965845553118298,-0.01522760613477998,-0.003227753304491608,-0.006406033781305717,0.00026336781617837394,-0.00022585981252412754,-6.487702419367697e-06,-0.025998297770584784,-0.0010919199301056917,-0.002778872448877221,0.500516224134429,0.16689986265181397
-0.04104774160780519,-0.21879191808433368,0.14500581219230227,-0.018742435544101127,0.02196899195006695,0.0016866985738099663,-0.0022633428404480755,-0.006438449569751976,0.0009720190653199997,-0.0001768560013446905,-3.0406498954017134e-05,0.007017562492572137,-0.0010855086575216185,-0.0045356550048648,0.500516224134429,0.38405499459937886
-0.007973965122175554,-0.24880092352416022,0.10912692422895058,-0.09015258254833224,0.008969535779296264,-0.027395512979161967,-0.0018549955716249409,-0.008852106039997804,0.0003777206400154155,-0.0005094232522569435,-6.026809448302582e-05,0.00524614242791293,-0.00089226570383382,0.0003376682530580733,0.500516224134429,0.23808217262763898
-0.04204572324581556,-0.21683411891914295,0.09022255720341789,-0.033347080931271034,-0.10821097799353731,0.01223907010235109,-0.001833655995167138,-0.01915866899750499,0.00014006821700773784,-0.0008502143506903613,-2.2617146231668813e-05,0.002632276509041458,-0.0008331601874287156,-0.02140099210713526,0.500516224134429,0.1612129862923266
-0.051494151183249834,-0.22104587116133473,0.04446898611365793,-0.05492259729225812,-0.0712965084471928,-0.044158154954558305,-0.0033122671044308258,-0.008244218519475858,3.5708010644741664e-05,0.0038382876800495814,2.0635119848575052e-05,0.004485741196073114,-0.0010449780425467689,-0.00027628699760635174,0.500516224134429,0.09757054855205319
-0.06502828822532404,-0.22672215737719206,0.1235084305063443,-0.05110102645044558,0.024388671936343895,-0.012176335034322689,-0.001174415431120517,-0.004594861232381933,0.0005390491489490923,-0.0001884259424931436,-2.3201035422675698e-05,0.007393896476807929,0.032769967680330817,-0.0011743698700428654,0.500516224134429,0.326933159284463
-0.031695278973621586,-0.1728476392576962,-0.14161539259314185,-0.06755064556230071,-0.03750939582117649,-0.007415869915019786,-0.0008843593150743488,-0.004452311579741175,0.00015648007639072718,-0.0022425537728832097,-2.191628448659773e-05,0.0056261913617820835,-0.00038334494561550157,-0.008711474171262362,0.500516224134429,0.030968713380585645
-0.03684183478691215,-0.16327650581845976,-0.14297033414700883,-0.07157128824987312,-0.03747553185581152,-0.009003466234415116,-0.0014757168882963123,-0.004760550948971904,0.00011678149428828116,-0.0024662252090360205,-4.4339845997747405e-05,-0.019049552301924302,-0.00044463155000828823,0.0002193319184570019,0.500516224134429,0.011472359710462628
-0.008625782751799196,-0.18006451246021962,-0.1643307637299604,-0.06991606438196499,0.0004526433755531545,-0.005666995536215446,-0.0009115028909929462,-0.005595434952476773,0.0004914585138316314,-0.00283314437251189,-2.108955019027738e-05,0.0063811211583094584,-0.0004365973458796067,0.00049123500813694,0.500516224134429,0.06993079421805214
-0.026221479604205584,-0.1677883128689208,-0.12692537965849698,-0.06443935101139803,-0.00631611703644613,-0.011918193835421606,-0.0008138821691781533,-0.004309496676670127,0.00030887121676962455,-0.0023232836041859207,-4.363128103189728e-05,-0.022082439799930593,-0.0004566950532092098,0.0003874150016455726,0.500516224134429,0.06757424775375266
-0.011236930147024435,-0.17780415571247085,-0.16516084218621158,-0.07703228453502399,-0.004946213090329262,-0.012301285018996048,-0.000988798299376238,-0.00631378662076111,0.00040806764119345735,-0.0028682154236284773,-2.2327445377130956e-05,0.005713784002787262,-0.0004481210609359307,0.0002810813306982299,0.500516224134429,0.04779619756897585
-0.008561828928274598,-0.17901729196206057,-0.15888948467232852,-0.07082356724804842,-0.0025283969519710736,-0.012123753765071027,-0.00045514923192787617,-0.005819044860069925,0.0004802908348412293,-0.0027995921118438793,-2.9694573509797826e-05,0.005300315507709073,-0.0004617157703458969,0.0003086616749701868,0.500516224134429,0.065095972076501
-0.014803352692132243,-0.1805742655684197,-0.1456061201181565,-0.06583271356890774,-0.035863983722479356,-0.001012922497922108,-0.0014471960922661992,-0.006340439776111978,0.00012795003971552432,-0.0026940275652307215,-3.705141319138191e-05,0.005003559938038317,-0.000348432170385004,-0.008777158399826984,0.500516224134429,0.04231007052715736
0.023084317292210728,-0.1295686967104056,-0.023125580685299782,0.035493661265069504,0.010089515196640942,0.012983926732435355,-0.0014390137131944313,0.0001247812541817856,0.00032385969253420215,0.07186571747958412,1.9485757385963052e-05,0.012662943344448414,-0.00029394350618145603,0.002638066384591482,0.500516224134429,0.515375263918434
-0.05216894435316334,-0.1695749874888251,-0.10091625939426202,-0.03384774495586949,0.0046812960906606315,-0.005324964490901001,-8.382107001245773e-05,-0.0037500543229941814,0.000482477110931382,-0.0021232103557144995,-2.3796792097273068e-05,0.003964047547583854,0.02530821148887891,0.0007967121542100308,0.500516224134429,0.1679351853028576
-0.013943361440051335,-0.2386368313019812,-0.10644749890309076,-0.04197851711149842,-0.03969736686334999,-0.012452037817833267,-0.001794713760207513,-0.004355851654517329,0.00025480132870364224,-0.0019227427709377666,-2.7552176141445013e-05,0.004576080040667885,-0.00035725799094393665,-0.008039432420319991,0.500516224134429,0.035693941292931915
-0.008444109577548181,-0.23846446090361023,-0.10829784491915347,-0.038911802975440425,-0.043844445091314764,-0.010599444089345444,-0.0018406637370670307,-0.004350933972626584,0.0002073287067381556,-0.001813306690116583,-3.837529711798971e-05,-0.016277448381623358,-0.00039718297035922493,0.00018978291262251463,0.500516224134429,0.027633317148470327
-0.008206948208095652,-0.2700101632111036,-0.12474334005441538,-0.03962882282249602,0.006602105776961689,0.0044750746706198555,-0.0006864359922712388,-0.0037260525035729022,0.0005122754386419298,-0.0017491317174703068,-4.891840337999913e-05,0.005362804721477429,-0.0004936620982402483,0.000151845538378803,0.500516224134429,0.0683268552694668
-0.027786415728947675,0.40421902479270944,0.04520809741903171,-0.03077521023486888,0.01644885050648511,-0.005341075563419469,0.0008641004261598422,-0.0026390792742419884,0.0004565035100895934,-0.0003223504687740493,5.854409027037825e-05,-0.014802536420984861,-0.0003328872974212932,0.001269086072596976,0.500516224134429,0.8870408759631171
-0.031341817198464884,-0.24547721029882275,-0.12192783183295804,-0.03874220346156814,0.0020433859837544308,-0.0075152253665725305,-0.0006014324048553651,-0.006696796224615159,0.0004692672122965716,-0.0012289748429542451,-3.0949292812806484e-05,0.0029482299919762083,-0.0005167228766503656,-0.0007375211750827388,0.500516224134429,0.051160422347102996
-0.003638663368479763,-0.24426341757662343,-0.11920316505214777,-0.0464312768115565,-0.0008919558162092789,-0.013301052916059188,-0.00023890058258498493,-0.0042177215328475254,0.0005459454895936043,-0.0015867865487645895,-3.3624818960605096e-05,0.005057698127212449,-0.00045800096156266155,0.00028417383010713465,0.500516224134429,0.07213947559554913
-0.014149362777524188,-0.24111093214686585,-0.10488050821076131,-0.047624831687406645,-0.04296373398530803,-0.0011197129549934245,-0.0023644964055482666,-0.006162842401443236,0.00018528646389437073,-0.0021828262139258485,-3.085872562659209e-05,0.0034652182296598458,-0.0003511071715079417,-0.005784253523148688,0.500516224134429,0.035441262623927015
-0.06564229780134465,-0.15914512953131524,-0.14557876435209624,-0.0456853423958011,0.0010021148979052236,-0.01097284946442504,-0.0001330599381525412,-0.004395078103156108,0.00048093224645728145,-0.0008577815024959772,3.206249831173833e-06,0.0034164545530147093,0.02165821751951922,0.0012375449483918778,0.500516224134429,0.09590439146076461
0.01928712692527728,-0.2463946495058177,0.0859912400224946,-0.060370239006431584,-0.060676511076979245,-0.011275962720409339,-0.004383067822425841,-0.01432023180470373,0.00016427724263492552,-0.0002708023947695988,-3.323108151556219e-05,0.004091776774352506,-0.0005555454272749118,-0.03463890259024637,0.500516224134429,0.17713150166861855
-0.0009254728818969889,-0.26225148337652243,0.08930865235606458,-0.02988521049393204,-0.09921342403349125,-0.008637696381170455,-0.002405997533378233,-0.01034865293332116,0.0002840218494618821,-0.0008366498445971167,-6.935249678910746e-05,-0.024446288520597128,-0.0007194429777074346,0.002496736091590713,0.500516224134429,0.15286596295814633
-0.005938942218172855,-0.23351175760613158,0.14945499136209311,-0.003180873584353584,0.03294286876281486,0.012914183156474624,-0.0014087490735208619,-0.006283215159596115,0.0008340585013343657,-2.006779880367691e-05,-7.948102604515415e-05,0.007626247224354347,-0.0006597033272790485,0.0034355984203702284,0.500516224134429,0.4566413817679703
2.7368383532860594e-06,0.3349251957889544,0.06297278229532091,-0.0016730967501621358,0.02936115054098759,0.006747333159880722,0.0003676476371849217,-0.0001563505776749068,0.0007317506336158143,0.0001096698580404091,2.614752470181757e-05,0.0030892566815019684,-0.0003038879148253668,0.0026629595787708675,0.500516224134429,0.9393795194290833
0.020032868101918445,-0.22653426276983346,0.12465364599403611,-0.08052189411917918,0.0033885019824407996,-0.022269381217217367,-0.002463960738354615,-0.011419753876271569,0.00044784551061764077,-9.202068925029752e-05,-5.4908521803231636e-05,0.005797293168155718,-0.0006280313300056124,0.0012417682674835885,0.500516224134429,0.3120939338971689
-0.03926951711465991,-0.1605910429175298,0.10654345075916662,-0.03069134344480009,-0.1084778543845719,0.0019853352617362745,-0.0011906654965016428,-0.02027647380074682,0.0001878161024247638,-0.0009567158220796269,-5.367533273715979e-05,-8.170588490959588e-05,-0.000742084546339046,-0.026988968106709883,0.500516224134429,0.2199127794061748
-0.13160896973766514,-0.09078000062595315,0.11083182675801463,-0.030207463887277696,0.00877897358130619,-0.01304491720381793,0.0003209284902282557,-0.002207896162874627,0.0005370683655200265,-0.00017832748325099035,-1.3671006153056319e-05,0.002475413263797788,0.023939776403301423,0.0007706489004113174,0.500516224134429,0.3801296137900203
-0.005644507098224518,-0.21611209846564863,0.07777246969932314,-0.06480199365557114,-0.06672387989130682,-0.01401978604973161,-0.00365482138113635,-0.01413191721118001,0.00015617096273217948,-0.00027215017774253757,-4.294190096924023e-05,0.00346170926351078,-0.0005474783754920949,-0.038695877431704974,0.500516224134429,0.15725912242129106
0.0019992843570135928,-0.1913837455045693,0.10952366620913213,-0.02639844045230664,-0.1096319296472956,-0.006272881837534938,-0.000559808728320177,-0.010799039171715987,0.0002747703397542997,-0.0008357356110480002,-9.284994559452363e-05,-0.018277479986934395,-0.0005432763066700316,0.00382563529079436,0.500516224134429,0.2513443931391368
0.002193025966043827,-0.18494541073885612,0.16307924434109336,-0.004884848153816537,0.03032945636363846,-0.009749479075013105,-0.00030536328755178903,-0.007514116714208647,0.0008808301250221557,6.916447712782328e-05,-8.108776602460371e-05,0.0037116392774810183,-0.0005441747195765644,0.004008601363481055,0.500516224134429,0.49676370559327204
0.0017068106147582495,-0.2025940335709198,0.13193204758842492,-0.07908384945359853,0.01244311566239319,-0.015372463184412336,-0.001977572759742174,-0.010587444976666686,0.00036179814998657506,-0.00019542836827630652,-7.296538612632542e-05,0.004785506102898002,-0.0005847840640384825,0.0025682966047732058,0.500516224134429,0.34384525709388575
0.0028826239159293024,-0.03165822604727213,0.09765641756755797,-0.024108724158504603,-0.062252583104715625,-0.024691886842781903,-0.0007519814761462585,-0.012248937086461712,2.901011650236007e-05,-0.0008400650677201657,-0.00010718709396998705,6.359557560462167e-06,-0.00041775214970810764,-0.06081601134024982,0.500516224134429,0.38319728092445215
-0.011308465498342203,-0.1490759830659875,0.10865595388525923,-0.038397314628302676,0.037807243592847525,0.001244008057638416,-0.0029981107019283735,0.0011548304998897523,0.0007281287553074714,-0.0002907876871035816,-1.9999622623318418e-05,0.009085565276989421,0.04573450108270511,0.0018477522191292816,0.500516224134429,0.5046835462999117
0.026348841232859098,-0.1900559924594997,0.09752938426239165,-0.06687794724219417,-0.06344804495309804,-0.016575126178434225,-0.002973374163791255,-0.016306092410107876,0.0001457600548810711,-0.00039305878356821677,-5.4339112978494286e-05,0.0025863838016817317,-0.0005337411755233989,-0.03872574177531332,0.500516224134429,0.23118313523173742
-0.013232482584755898,-0.0022229258684836615,0.10783313625154384,-0.031129552074862756,-0.07323170637905511,-0.0034286798903328006,0.0004685194023088724,-0.006036885978908813,0.0004724508668233714,-0.0005637108675561008,-5.063012940042058e-05,-0.020281996403745808,-0.0006366584758567889,0.00441600864407362,0.500516224134429,0.46289111064622385
0.011086666210268034,-0.21257041935088092,0.15989063439445217,-0.0009572021015707083,0.04240350323227776,0.018141166337543528,-0.001522240744296462,-0.00291288032966228,0.0009793346629178175,-2.0689976010480482e-05,-5.4455290228634636e-05,0.009826933177785088,-0.0008824552287284605,0.0013386706845212215,0.500516224134429,0.5252627898128203
0.015907456307501868,-0.17559034565134043,0.1351890364140925,-0.08648739402839178,0.007496486454866571,-0.013643235515941937,-0.0010281949080572996,-0.013918677688414215,0.00044457239035240774,-0.0003229767483958567,-4.935956474985343e-05,0.001885594531428545,-0.0005614928733461574,0.002491839544053312,0.500516224134429,0.37232953279809045
-0.021078484987490043,-0.17075047983732566,0.10275179272069311,-0.03995905154516884,-0.09599763101947983,-0.004271816821691575,-0.0007509960670346429,-0.019695511784567136,0.00018368687402031653,-0.0013695327588742505,-0.00010885143700176831,2.945173801341963e-05,-0.0006300088014726572,-0.037284967718788864,0.500516224134429,0.211583822688264
-0.051551026782597535,-0.19355011773125824,0.08234754142063752,0.02676063156874675,0.02311000100958757,-0.03868081275328256,-0.0035723651666010863,0.0007526769745354904,0.00016194921191019416,2.9284312520934803e-06,-9.313212983355897e-06,0.007439558056752025,-0.0013251588617018255,-0.0022733494005026857,0.500516224134429,0.35012936689892676
-0.04893902056311247,-0.2104508410750514,0.08404915616488767,0.02174166761820122,0.019717712382475164,0.003085967198652182,-0.0026272512499044705,-0.001876484136243529,0.0006130371741197198,-1.460702466310049e-05,-2.3252821351276777e-05,0.004622476614337473,-0.0015374198202063774,-0.005656183177139947,0.500516224134429,0.36322118141943405
-0.06403026415653511,-0.2301728913525238,0.07151669060003195,-0.0348751103009659,0.019412496192020106,-0.007553003775650562,-0.002357848859961589,-0.005333466281256914,0.0003492589725067655,-0.000880398795509848,-1.9418813349732098e-05,-0.02815668538545418,-0.001520390337879641,-0.0067776990206023,0.500516224134429,0.21011749281930275
-0.05070612794471811,-0.22020296198761313,0.08057582966905064,-0.011436339481641935,0.01150744061261721,0.009584953410935347,-0.005893473538903113,0.0084365237789935,0.0007106021461446416,-8.609076377164652e-05,-1.5058266761776653e-05,0.006172946785398219,-0.0019856191733286,-0.0064446011745049525,0.500516224134429,0.3207342482063295
-0.07974366463846168,-0.22446444774429106,0.047813086925086824,-0.07788274466228241,0.0037971166788766763,0.002722421324806061,-0.004616974273503256,-0.006016309898327451,0.00033218496711857686,-0.00011059083908632373,-6.105597189318276e-06,0.003575182988257342,-0.0013770885995404347,-0.004833511850284725,0.500516224134429,0.15970477891561152
-0.06149832730409009,-0.21558330558601035,0.07136801547459466,0.026023877251722467,0.010453922137922388,0.008713620099963935,-0.003179773742814597,-0.0037779717779299372,0.0003960518209181778,-0.00021934236207968975,-1.1526094949545731e-05,-0.02417130873033996,-0.0011200356624023586,-0.00480326173451973,0.500516224134429,0.3031068579244182
-0.05415833916187729,-0.20962815815747876,0.06662071445637657,0.03539633412577978,0.008873407998717284,-0.006144468316985631,-0.0071999839798687045,-0.0031775702964473014,0.0002568906271877692,0.0003375209611565662,-4.594468104156689e-06,0.008883287783499077,-0.0011243345081547438,-0.002606176408591441,0.500516224134429,0.3368407547896417
-0.08397712861486109,-0.21942931109918096,0.0828339214638263,-0.00969381852247039,0.0024984642454807813,0.015645718678343867,-0.004426579634212206,0.001743310448254493,0.00023987318382922095,0.00011113585074615755,1.5923981978535273e-05,0.005822651610459234,-0.0011904690186393203,-0.002893824713842214,0.500516224134429,0.2878160919941452
-0.07496436863266774,-0.19330707581902712,0.07493688297370346,0.016018087422504546,0.02578463886996613,-0.006906527359110079,-0.0034352901088678355,-0.001186329147297345,0.0007383962598950315,-9.091500403758673e-05,-8.445123267976924e-06,0.007636161419602059,-0.0015701097583964165,-0.004370030309453547,0.500516224134429,0.33979129981797784
-0.08355756198774844,-0.18831024388976006,0.06703701355675969,0.017936967483606864,0.004716122340199322,-0.011651820948689403,0.009093495660531751,-0.006942452043360765,0.0003738807158328302,-0.0008266513261300591,7.66410228209354e-06,-0.02136205412445697,-0.0010140399053841752,-0.0030652816227912695,0.500516224134429,0.2829512621453245
-0.06181106089665431,-0.20907282453713244,0.0798994296045267,-0.02381177525532705,0.0231406782305761,-0.05867043424915495,-0.002419325007478902,-2.442057215455666e-05,0.00019237902803789545,-0.0002503211268286809,4.3972501840327547e-07,-0.025708300101611882,-0.0014737959356139621,-0.0045696512491123645,0.500516224134429,0.21593724179152243
-0.045791333574606685,-0.21056135988810643,0.09152067799227342,-0.022162480269746297,0.022008328501487016,-0.016891074577081475,-0.0028185983606628788,-0.0018741064738350386,0.0006626562703083415,-9.335937953150892e-05,-2.5803669137675858e-05,0.00586022006593534,-0.001253389410037258,0.0002738948401372004,0.500516224134429,0.31937049620182856
-0.08161374003811007,-0.19939795849192413,0.0588447545574404,0.014866656745047443,0.0024694468718288037,-0.010104508762932278,-0.007771695716534183,-0.0011811500406465525,0.0003853062493184079,-0.000709656755142092,1.6564060853921778e-05,-0.022443855372743442,-0.0012314972562939791,-0.0033725529885726578,0.500516224134429,0.24927233719602246
-0.08223683030535849,-0.18243434891903695,0.045127758524920215,-0.05494931384509799,-0.09168091496351818,-0.004408706927552222,-0.0026837687046532633,-0.006208171663820008,0.00014828806027301648,-0.0007465067967399952,-7.86710892865372e-06,0.005098708160581455,-0.0013288799372014849,-0.0006910220493638364,0.500516224134429,0.12351464765893652
-0.04595443504300452,-0.21320132309247558,0.06445101825943568,0.011592418523550627,0.014939085926899392,-0.006750740471139511,-0.009114305867218389,-0.01024081376823393,0.00028434044530174877,-0.00021831774951987205,2.8219502977997433e-05,0.004520300054445353,-0.0012322116507553088,-0.00273161149932509,0.500516224134429,0.3068878477053707
-0.056681056059919896,-0.05033473934608324,-0.15407364839526616,-0.06943617587901865,0.012852547331636996,-0.034167567094048654,-0.001726128858949548,-0.004613488625050374,0.00034853003131652543,-0.0010051878425604503,-4.0459003108475845e-06,0.0040025917994981584,-0.0007502446473396923,-0.016970154012839557,0.500516224134429,0.1279574566354976
-0.03732147475632205,-0.1922147814212269,-0.14972163441248298,-0.04139684912563217,0.001620475953213631,0.0011167681406486722,-0.0014944590877256421,-0.0036769928970447918,0.00026006169861357136,-0.0017801366720454747,-2.5831111833801463e-05,0.004206584872740819,-0.0009921897834943728,-0.002083800952265505,0.500516224134429,0.07701196457957629
-0.025816084545568618,-0.22522899469393567,-0.10952185943455994,-0.06361011347216944,0.0007884890067153502,-0.010995479965360008,-0.0027300480331002596,-0.004933418444473144,0.00041976085983528715,-0.001085784649701894,-3.063897123339462e-05,-0.019134108293427522,-0.0005588611425974699,-0.002283551114589039,0.500516224134429,0.0357955312402665
-0.006377176869260334,0.385775738023454,0.05260524067544663,-0.006053240300025176,0.021563666065690483,0.015101030446525327,0.001138898779671826,0.00462769773765847,0.0008437984177220025,-0.00023805546398000135,7.715938646758149e-06,0.003837108483862498,-0.00024210641085206208,2.9694903836838554e-05,0.500516224134429,0.9731362345628303
-0.05785817100168456,-0.18707823896974266,-0.09337436430577511,-0.06687841683613133,0.005744551572988697,-0.01049241755193876,-0.001874470633255542,-0.0037336663848033563,0.00019505471899467113,-0.0010937225453463604,-1.5023187256977384e-05,0.005830528953546422,-0.0008709020836832321,-0.0022641654355700824,0.500516224134429,0.08675280044477393
-0.03846443477330962,-0.20398502101212945,-0.1182563025163972,-0.06345876282275607,0.008540917786413976,0.007235370645879298,-0.0017362053480331986,-0.004298695890938831,0.0001649108786723518,-0.0013119471171210335,-3.92164364652781e-05,-0.02423813862805513,-0.0006478589757861271,-0.0008715344648676879,0.500516224134429,0.05914930545953749
-0.06812911933217176,-0.06910803617453114,-0.1056689148343487,0.05199859360844455,0.01307825973704274,-0.010964392214901574,3.047863593070134e-05,-0.0021725972114141866,0.0007023990050434258,-0.001069043358870876,1.0495277818749833e-06,0.00915910020102457,-0.00074838921431257,0.0020145910564808075,0.500516224134429,0.3196402035656304
-0.05008555182491133,-0.19315285264076307,-0.1224372074238425,-0.06431210468257752,0.005056839333227369,-0.004697149842784193,-0.0024579814397410957,0.0035041953940301972,0.0001718517277067291,-0.0010807297196475634,-3.242327673755747e-05,0.005142445916696254,-0.0008552156669935015,-0.0009403793598973907,0.500516224134429,0.07433996062819777
-0.060014888752227186,-0.18557052837793725,-0.11292963332984281,-0.06466388919967653,0.004922807625705134,-0.012643981551460091,-0.0011827524656721504,-0.003701749073213463,0.0004957225143195622,-0.0010412099536335805,-4.457617996529929e-05,0.007091850990202277,-0.000972843244522894,-0.0007735530921922961,0.500516224134429,0.06948700004431636
-0.04699395731427635,-0.1217848993174435,-0.15543458215193018,-0.0716435619953361,-0.003708190368078727,-0.007766052436574572,-0.005064351457140575,-0.0030985389325201775,0.0003694867169829344,-0.0014888345967701648,-2.6509339521572247e-05,-0.027288827658636425,-0.0005664930365562854,2.53129094934332e-05,0.500516224134429,0.05604622515612398
-0.023086311347964805,-0.2626458026959289,-0.0954421776320566,-0.05011671521585333,0.007362277678735187,-0.028590643435476463,-0.0011119080435860005,-0.003772986013415807,0.0004965997090162112,-0.0014532866356066554,-2.408930601251006e-05,-0.014366560652573315,-0.0007563906340048036,-0.0002220875492618535,0.500516224134429,0.02678614236044265
-0.042992576799771885,-0.16442326023630827,-0.12067531371068639,-0.06685599002705535,0.0026418877495262916,-0.007526209962098195,-0.0012180949524186837,-0.0037836379391423527,0.00028163657277370443,-0.0009243681132393765,-1.0096363174799304e-05,0.007628611251675954,-0.0007326274550520141,-0.010976075572476427,0.500516224134429,0.09095010857698485
-0.051360958455895576,0.15270154517986315,-0.17214053744355395,-0.054694422537904026,0.0012682996404993145,-0.0077515453624115455,-0.003656429049103843,-0.005260898561041507,0.0005132090753675947,-0.0008409750480578858,-1.5816215989993034e-05,-0.03361754691938509,-0.00040538268696571313,-0.00020695347849516326,0.500516224134429,0.3250478122713585
-0.020201820994671285,-0.24382446909499375,-0.07463544145258345,-0.05035739644656917,-0.05888206964340476,-0.004221184570204051,-0.0007588141066532665,-0.004857933363889566,0.00013777899618417516,-0.0009847037729348463,-1.7534177090113978e-05,0.004701777570836117,-0.0005175290860510143,-0.0006714295695472932,0.500516224134429,0.04542545442286028
-0.0535450175862992,-0.15781075383262927,-0.10952227277309277,-0.030536807439843376,0.007135965813340617,-0.01651528062760158,-0.001739296028064658,-0.0070420916180733125,0.0003633209933387729,-0.0009929988998240834,-7.319238293625471e-06,0.006255236078469532,-0.0008109500304944236,-0.000425744499340154,0.500516224134429,0.13532221444602574
-0.06265000732526053,-0.09072165341556153,-0.1450614243640333,-0.07084919630808924,0.01365877153552651,-0.031144643823206836,-0.001442871910332078,-0.005208484367865633,0.000527005748114355,-0.0012023664939999985,-1.5523914024764313e-05,0.006410158147371493,-0.000756567957089818,-0.01977460887506267,0.500516224134429,0.09228481081091905
-0.0067972255488778785,-0.27621565391015496,-0.14491806108851912,-0.01735826021753719,0.006879380605263423,0.005852772934472266,-0.0008506993704600074,-0.006420003813573116,0.0004898452537124089,-0.0011438888824425665,-4.711373242055538e-05,0.004894533371539081,-0.0005824232114109208,-0.0016051757357695552,0.500516224134429,0.06269425078825414
-0.007667221918249716,0.42801722634283934,0.036661040862029044,-0.02423585639321729,0.026611213861702558,0.009353662750358378,0.0009842977446195436,-0.0027164901400696683,0.0008084869509341055,-4.3893724260958086e-05,2.4890743664829604e-05,-0.012188391630446395,-0.00027598993919113787,-3.5040940343968765e-05,0.500516224134429,0.9558141587048021
-0.05968122508274023,-0.16729349612011596,-0.10435154427346023,-0.06888620096601132,0.004369473173158876,-0.012964543869680049,-0.0008267413687811266,-0.0038001859131319223,0.0003541659410280521,-0.0013083198877274025,-2.5785474290288097e-06,0.006575253003914603,-0.0008335950822835308,-0.00204224640763114,0.500516224134429,0.08982443873354179
-0.04420649735828252,-0.19308885995930236,-0.11901060581953621,-0.03091676824046723,0.008291672271312158,0.007868144052614963,-0.0006954858917217413,-0.0022781610548317207,0.00042226779490790994,-0.0015243941671472928,-4.422307572076603e-05,-0.027615214536734906,-0.0006383446215599295,-0.0005666567982355904,0.500516224134429,0.09651309672972742
-0.05491790647776896,-0.24653686842446712,-0.11501593839581016,-0.00941869870496848,0.00726626764592013,-0.010447850960257054,-0.0012419307887214757,-0.004447716448194332,0.0005945897072360754,-0.001351762614246839,-3.475985967129226e-05,0.0026873212305181227,-0.0006758692118895488,0.0009516192384065257,0.500516224134429,0.06792672007051785
-0.0292305496211716,-0.16285080476610658,-0.11375165700298948,-0.062358961698960276,0.011838952796018728,-0.004717410949019049,-0.00043954112502551815,0.003821435573000929,0.00047063491762344234,-0.0011495786755895676,-2.632158985390072e-05,0.006774042469261222,-0.0008132187548436646,-0.000348531631413244,0.500516224134429,0.14773471407536512
-0.059219563092296756,-0.19034535026142382,-0.11804399072298406,-0.0617853331925172,0.002526706113624069,-0.009689616171099986,-0.0008137460209144445,-0.0034303329307063504,0.00035929688496140694,-0.0010364858779949818,-3.0154728825904636e-05,0.006438923013901614,-0.0009705341614241441,-0.0007068353860473989,0.500516224134429,0.06376920760068473
-0.03652736283822633,-0.1782290056732881,-0.14360984911769098,-0.04150531362654683,0.001419335728805075,-0.0069649831590281736,-0.0008022100774462462,-0.002507742043304047,0.00040993730719166726,-0.0016773792768909552,-2.8440207932980237e-05,-0.03110337558475296,-0.0006285044191060938,-5.782150376911049e-05,0.500516224134429,0.05870350964244699
-0.0525415473359712,-0.16963342380696114,-0.10756350364507095,-0.06119416414662462,0.008780707023214339,-0.021676647972358826,-0.0011370690160031733,-0.006994072611379842,0.00039509622872963316,-0.001402798313446398,-3.204890228322412e-05,-0.027118146934978594,-0.0007695842662420777,0.00022812927671749935,0.500516224134429,0.0598571497117745
-0.03027321614370642,-0.26153587741330286,-0.11189623343397648,-0.04924906561031291,0.005628208084546882,-0.007314896152413395,-0.0010343136605589075,-0.0037491722853326354,0.00021388194795098048,-0.0010445597830048353,-2.6953994990290752e-05,0.0041569496568319665,-0.0005956677140012531,-0.008430900241570305,0.500516224134429,0.03536440739059171
-0.030322521924353314,-0.14051478001391862,-0.10349881662333756,-0.03854999462010872,0.008877436028068971,-0.004918925727889881,-0.0006969915063389582,-0.0039015389044003462,0.0004810368547080606,-0.0012855909520069337,-2.7765973910005606e-05,-0.0394724119843882,-0.0006312643723256627,0.00037462256692338017,0.500516224134429,0.1464287169811547
-0.04537454164376887,-0.21193007869209235,-0.08628929218359949,-0.05215808999419121,-0.058930213409936365,-0.0069801447878290145,-0.0013427975783989166,-0.0043430696366050835,7.742932001963791e-05,-0.001417927562613515,-3.1902021579510274e-05,0.005790771139726814,-0.0004884091179359223,-0.0006089957964543271,0.500516224134429,0.036488962169174445
-0.05720889498071804,-0.1677365638297254,-0.12880806868985428,-0.03192838847534535,0.0037291100725877716,-0.017363497291124845,-0.0010823445580468148,-0.007185678568043651,0.0004901171360182505,-0.001333739205041441,-2.4274793734662003e-05,0.007138823300823125,-0.0008115710472463273,0.0007121369712611028,0.500516224134429,0.099103390176243
-0.041622155852484896,0.2401446850019266,-0.18446773733599667,-0.059100562634764583,0.009893947510895834,-0.035107535585658524,-0.003519217481394631,-0.008291797093077069,0.0007293092380257256,-0.000607946152119388,2.4502220281140127e-05,0.003035537294353956,-0.00043363109047877586,-0.0290830971300413,0.500516224134429,0.3921105250438997
-0.04475802540613788,0.4251363809875064,0.023796029479177184,-0.00802586259649541,0.028254780232628278,0.01987520224217372,0.0011087654212884887,-0.0014122260637021175,0.0006658891792373986,-0.00015646461326548973,2.5885360739252088e-06,0.0029496800768927145,-0.00031442034555907803,0.0022282815606313633,0.500516224134429,0.9498668228248829
-0.05086973438151096,-0.16953756588807173,-0.12294956560364871,-0.07316098681675877,0.0018380426130862795,-0.00911850324175396,-0.0014769123415377826,-0.004357794057646423,0.00047950673033686167,-0.0015447938975048556,-4.7080937504100315e-05,0.007607548499721907,-0.0008392429606578894,-0.0006924262083057787,0.500516224134429,0.0758467156426759
-0.04824459736231817,-0.24646500600874377,-0.1355845706032768,-0.018228971937067958,0.007085583906646717,0.008369169471304685,-0.0019215637985813326,-0.0043948033389390245,0.000319893103473449,-0.0015924057635294858,-5.365700162048347e-05,-0.01696045973183756,-0.000508102673955418,-0.0008934333786304689,0.500516224134429,0.04144329901735637
-0.049267168473346966,-0.2524093513183881,-0.12031332785908659,-0.009360928222319985,0.0068113102334689014,-0.012464763545696127,-0.0010274465432147223,-0.00341291737125197,0.000627064339953613,-0.001401576817570387,-3.528814232664167e-05,0.002785127313346466,-0.0006762552296903942,0.0007824793838630042,0.500516224134429,0.06115318188217251
-0.03643545522995778,0.19429144789374214,-0.280158746022184,-0.08629806599728393,0.002374300386284361,-0.0022797712871925535,-0.005133910103401706,0.014748854300528594,0.0002470112308725461,-0.0012368264231521436,-2.134536418453453e-05,0.0055823820109648205,-0.0003047454771637637,0.0008389935155481597,0.500516224134429,0.3067303475678522
-0.042994437082251896,-0.15284161927821163,-0.13680186250979812,-0.0725938205587831,0.003711274751439366,-0.01550462984163736,-0.0006086192277879197,-0.00567100578819961,0.0005594575614500871,-0.0010323080455562114,-4.914060952697819e-06,0.008521670983975724,-0.0009249581244747649,-0.0016641050106719745,0.500516224134429,0.08266634790297336
-0.02161607455965403,0.2508907118249139,-0.20054763223175884,-0.05692869003208193,-0.0008432448350291829,-0.0063491684661674186,0.015080486840787154,-0.005648240479679695,0.0003858232435381877,-0.0008609893691538444,2.237213442388007e-06,-0.03213924975512708,-0.0002967190312886841,0.0009541984218363163,0.500516224134429,0.44259967291900976
-0.036620572662049156,-0.1627987874308886,-0.09977531403655394,-0.06451019252213049,0.005692635002422186,-0.01655453141386358,-0.0012225645565835162,-0.00554275971187942,0.0005240722760615944,-0.0014755019566206633,-1.7029856374773147e-05,-0.029644602047063522,-0.0006861379942986446,0.0007103003714661719,0.500516224134429,0.08859523759607614
-0.04432827663050283,-0.23341905339898192,-0.12737249346760063,-0.048085095103207534,0.007166408578515438,-0.008184061007189177,-0.000647396454766789,-0.004090535331984622,0.00036159979350953867,-0.0011969895007475,-2.1670433794865376e-05,0.004015340487087737,-0.0004641525866562659,-0.00943462359020628,0.500516224134429,0.034815225487906394
-0.03252996411201213,-0.06197989090099219,-0.1792738289711828,-0.08417416685038198,-0.002545750289804409,-0.008273056201000885,-0.0022634574019312266,-0.005410200428243237,0.00046208918702503776,-0.001206729349491129,-2.5053125995065532e-05,-0.027344555195703616,-0.0005832685493154222,0.00030813536195497664,0.500516224134429,0.09567652730735779
-0.010409742753459142,-0.07549033227029989,-0.14586806557020823,-0.06392236327425349,-0.07170928412871937,-0.013630230913199788,-0.0018781517884845823,-0.0016847186613526855,0.0003904671381222869,-0.0016466134097980975,3.46584888948977e-06,0.011762223752947417,-0.0006527069856616527,0.00012981385223656504,0.500516224134429,0.12590998497119174
-0.05943041276229065,-0.17028444443150254,-0.1402062854462293,-0.04029020821517248,0.004700351977890531,-0.015261678517297258,-0.00132017585765922,-0.003478333524949036,0.00048064112510345865,-0.002086979127140122,-4.310914094980059e-05,0.006649481264964784,-0.0008266367896785059,0.0001017304073238324,0.500516224134429,0.07922016509684744
-0.042293363577988005,-0.1553519009231024,-0.11090959153381605,-0.06841135347863103,0.00470340689898091,-0.02329613919785544,-0.0008561876256624617,-0.004014625788120868,0.000504235358563643,-0.0013554402642859827,-2.8538939163916466e-05,0.0067929519028911796,-0.000750984577239707,-0.024586903348506974,0.500516224134429,0.08066178904049613
-0.04734304801974402,-0.2403474502678214,-0.11830780439523296,-0.051882004341010805,0.00721310076512322,0.0006279126709732729,-0.0015255103262032746,-0.006012707255599597,0.00020906465616679683,-0.0011357787031671962,-2.160974557158691e-05,0.003997360643774185,-0.000483878813238765,-0.0010238774586248725,0.500516224134429,0.044479993544254796
-0.02276765853811692,-0.2771901418355529,-0.12860081290002065,-0.017719869567529842,0.006632999256270486,0.013468408572002249,-0.0016225893655605727,-0.005193409392141771,0.000308044152448609,-0.0017953135612417544,-4.55267636517931e-05,-0.02393155510292273,-0.0005360527738692992,-6.416844746522508e-05,0.500516224134429,0.04145857786708068
-0.03689802903113999,0.398121605837184,0.027879089976684566,0.010221396961594159,0.02355169742143952,0.0009022413220661045,-0.0007103304262323219,1.507698688102534e-06,0.0004737671874751019,0.0001222729871652932,6.9655601925589785e-06,0.0019271664847507629,-0.00027052096396577103,0.0014779890426743609,0.500516224134429,0.927323044193008
0.01777725866736702,-0.17407086439294592,-0.16294863271346471,-0.049716523150389026,0.01115260739416728,-0.010484390994840028,-0.0012855821937190646,0.003031881042046892,0.00044444499052197017,-0.0013676924809856409,-3.0182264549610967e-05,0.007192260012387411,-0.0007461233126222602,-0.00014471274760125517,0.500516224134429,0.13931997198980534
-0.03519554898158417,-0.18302457999976404,-0.12681806016210007,-0.06138629280617393,0.003613920080935613,-0.011870556311608153,-0.0003033135263904879,-0.004942074656424698,0.000597586170192856,-0.0011690349600064383,-4.166970333846062e-05,0.008266077626037106,-0.0009762499193869296,4.9406356071827006e-05,0.500516224134429,0.08731583334089307
-0.0046494545251655976,-0.17217156672224557,-0.12818672083342855,-0.030808054901416672,0.0061297534995968465,-0.012584372351012334,-0.003568933436758561,-0.0022218970118621385,0.0005840581471794115,-0.0022372080403705685,-3.1122035267296005e-05,-0.03688048492115319,-0.0005671006790461551,0.0006038235590586478,0.500516224134429,0.1139269438825406
-0.004722004526799928,-0.18213690763740906,-0.12212983859081927,-0.058842236101141816,0.0023222368537656047,-0.021632677726322883,-0.001210771674647693,-0.005440951952525893,0.0006152603537537825,-0.001719404311739571,-4.7844346509193475e-05,-0.033842095698369636,-0.0005545112690680497,0.0016062983241246747,0.500516224134429,0.07278077583072369
-0.027702656847114492,-0.2598636181281894,-0.10127878767880238,-0.05085589110558033,0.007864551581074328,-0.008611594939083856,-0.0009417715660530345,-0.004380389537109171,0.0003980892855860895,-0.001101373104618667,-2.3050187253584605e-05,0.005225222175317228,-0.0005690266481965642,-0.014203512225102891,0.500516224134429,0.04447241520930612
-0.0002502149624051127,-0.17488668260346932,-0.12716780455252907,-0.0554195745945955,0.006742433589332744,-0.006082286740481444,-0.0014139993739587069,-0.003747324233493079,0.0005082685857227541,-0.0016017710817153603,-5.82098107562704e-05,-0.035340830092893336,-0.0005785672432527693,0.0017341634616360128,0.500516224134429,0.10295382448157446
-0.03793199652791934,-0.1399584318727156,-0.0892631317436814,-0.07314775420520724,-0.05626271172177631,-0.012469483031202098,-0.0007597721330246245,-0.001963584466188395,0.00038664519980598943,-0.0014974852570961404,2.711729216744834e-06,0.010282637308426087,-0.0007530254431743928,1.994594548419937e-05,0.500516224134429,0.09720078791538064
-0.05253198223114355,-0.24913021641436686,-0.1359739907753036,-0.02418501560342146,0.005351598009878965,-0.008225313209113986,-0.0012535478604817209,0.00024090346955679063,0.0003930817768132597,-0.0010415933026900188,-4.2270597319830025e-05,0.0037478168395876574,-0.0005269909732223326,-0.0004031425429898649,0.500516224134429,0.036935560720216296
-0.011780468706136882,-0.16094552617143607,-0.11795654212517849,-0.06521386702701125,0.0014733029081827735,-0.01832890633959677,-0.0008711452451280567,-0.003485028518269931,0.000616139823052348,-0.001892261185500927,-4.036142757325121e-05,0.007232471844176474,-0.0005973129596470255,-0.02625880177074565,0.500516224134429,0.10246791723362002
-0.02721529797861739,-0.25287225913701933,-0.12272131714377593,-0.05320565437222601,0.007561654876411686,0.005101476957323046,-0.0015947324425882594,-0.007428772160622879,0.00032873485991870207,-0.001420124994282218,-1.3960633900993866e-05,0.004796572163563463,-0.0005091370349179658,-0.0003713135117084344,0.500516224134429,0.05095209358198962
-0.018117140477300446,-0.25882306002132405,-0.13526397490556047,-0.02205731621694095,0.006756742239898585,0.011008479652240073,-0.002060480326100097,-0.005713491146397558,0.00033651381217091487,-0.0017563244278845887,-4.299471736964943e-05,-0.02072531271428992,-0.0005228367353085091,-0.00032621920727844787,0.500516224134429,0.053208808942987205
-0.04787533263531453,-0.26755814706467884,-0.11351289450956185,-0.043895221958389234,0.0046157094638445495,0.010232661959539788,-0.0014143269264303543,0.002468648064769692,0.0003258121169061367,-0.0009688592621135034,-3.7357211648255116e-05,0.0033897068927649186,-0.0004846702006495851,0.0006076044586235304,0.500516224134429,0.046409557322094924
-0.010540137406952702,-0.25792421561189416,-0.13573669266596217,-0.04081596307254565,0.005416393950738936,-0.006518609212548896,-0.0009327104140322229,-0.004482197071234384,0.0004557177114319718,-0.0018828489685619083,-4.858277629414089e-05,0.004055942345087738,-0.00048629648824128913,0.0006245824302564684,0.500516224134429,0.05170060688368059
-0.009828172339532686,-0.1842184014877944,-0.13860873264524312,-0.05803265545346885,0.0024446664770916417,-0.012013109151103008,-0.0011799281433025374,-0.0033520679972024723,0.00042306104456962725,-0.00240389019902268,-4.806933031728247e-05,-0.02862425298632218,-0.0005688909892028869,0.001095868441272567,0.500516224134429,0.06560164937485435
-0.006335978192693535,-0.17764350403766732,-0.1201945380080599,-0.05863469147219938,0.0024466373131897838,-0.017805471474228257,-0.001293412856859511,-0.005674432108123584,0.0006125999890773312,-0.0020253123938739075,-5.0612301184604217e-05,-0.032762374141341456,-0.0005536666300842544,0.0012475148899257417,0.500516224134429,0.08184898271030962
-0.03174339571692274,-0.2489967863419218,-0.11591904861620118,-0.04611033251930836,0.004158095974946197,-0.007992755789737923,-0.0008452555743977971,-0.004642667027254943,0.00040199866613804824,-0.0011497289268966619,-1.6085529340562878e-05,0.0053672409798303745,-0.0005364602021476598,-0.010412534324262427,0.500516224134429,0.042078509186955104
-0.0009206494240222217,-0.1924814447447142,-0.12231604396910756,-0.037357925644686804,0.009066799824862696,-0.004072652880791438,-0.0009721887209637514,-0.0036533852028742104,0.0005055843263798598,-0.0015332512755808065,-3.919582993145492e-05,-0.03454222048697404,-0.0004861810959905948,0.001897928876642738,0.500516224134429,0.11361139788668081
-0.04175066811993559,-0.22711471879339595,-0.07203989071091726,-0.04631653204997965,-0.06246667502739804,-0.0031534527560125314,-0.0006940137842899741,-0.006385789374095042,5.767451562147851e-05,-0.0015445909569755578,-5.759484149628287e-05,0.001938112475222265,-0.000560025589114728,-0.00012244585618595045,0.500516224134429,0.040305613265479684
-0.04475491206621942,0.4077148071865516,0.02666549804462588,0.02011871693180256,0.016675571622187493,0.012325221339328063,0.0001493294835205736,0.002491521243047544,0.0006865051776683316,-0.0003839375752816024,2.637221719660548e-05,0.0019047201018171796,-0.0003073346588139261,0.0012467188356187454,0.500516224134429,0.9450750220174835
-0.00898525814621826,-0.19096686965750556,-0.15998651112185863,-0.0501343752649751,-0.0016594426087485272,-0.014319323384771841,-0.0009572314582586347,-0.005144734280159186,0.0004979859126125429,-0.001963940390759644,-2.5283389932620696e-05,0.00393119275513724,-0.000396971094234312,-0.010272310275748821,0.500516224134429,0.06013315172901075
-0.01090237969619243,-0.1945677031675641,-0.18048264093293903,-0.06047698537684984,-0.0014834256611122366,-0.0035031428307429695,-0.0019413035452167972,-0.009131097414168838,0.00031707940891262404,-0.002097413563946715,-4.522247124021331e-05,0.005391220617593099,-0.0004640486077427603,0.00016636773098643534,0.500516224134429,0.041295528624207316
-0.014727888903283397,0.4703961394842549,-0.07429651229812845,-0.01962580990227291,0.020854518131991195,0.024040279082323524,0.0002243268392338111,-0.002132009405915816,0.0006306307305934993,-0.0004922935142413702,9.00427330261233e-06,-0.00713614667708081,-0.00022824405744405535,0.001769133642794833,0.500516224134429,0.8998013515605612
-0.009426049323103642,-0.18047731326361924,-0.19802180705201983,-0.07416306779743555,-0.00034546842347960846,0.0003336502871141358,-0.0017064488288328987,0.011076699794313322,0.00030144733735113654,-0.0020110236079695512,-4.9590512377325157e-05,0.004771947333453148,-0.0004269770058561302,0.00031457082164927565,0.500516224134429,0.05068679389361805
-0.007058858314278545,-0.2029190298570934,-0.18178069760799523,-0.058809879397767835,-0.001728277605140216,-0.0029823638148168334,-0.0009113873143901333,-0.005410924496913436,0.00044658764309829903,-0.001798065803454047,-3.0132253917665975e-05,0.005431571595461315,-0.0004475783727558975,0.0004153289004799023,0.500516224134429,0.04293251743494838
-0.033560271803320364,-0.18584654006377957,-0.1684538344032266,-0.0518439441100123,0.002012432077820063,-0.009418029562382038,0.0030247551056480897,-0.004948754982220124,0.00019669203035676657,-0.0013101224761147376,-3.926917333388384e-05,-0.016362877931717014,-0.0004368896356171805,-0.0005639577431015505,0.500516224134429,0.032965611463432395
-0.030596156506320846,0.43344505673698547,-0.06338220620115873,-0.02841999774914807,0.029675770971625885,-0.022799995150878105,-0.0006597107819929055,-0.002217588433607079,0.000784234632334449,-0.0006212484440019809,2.63154293481189e-05,-0.009948437603815304,-0.0002954463243345476,0.002453956913424592,0.500516224134429,0.8079607716228935
-0.01565622196237413,-0.11804971715267124,-0.16430196613469356,-0.07062033498553447,-0.008441527422574657,-0.00542495415034616,-0.0011138826568783229,-0.0036975375301824347,0.0005685642168749785,-0.0017198445049534067,-2.2767801819602146e-05,0.009207687473496767,-0.0006583065781033617,-0.020674675530712727,0.500516224134429,0.09991073941396046
0.008922457982769727,-0.13791127652838298,-0.17819297239305024,-0.06459158254206074,-0.0020923258659890876,-0.007312309849372402,-0.002179522094979455,-0.004009843960081232,0.0003723446476385805,-0.0017242023028756063,-3.840796929106962e-05,-0.04406947299535723,-0.0004437176083207085,7.477107580849696e-05,0.500516224134429,0.06732016373088792
-0.00940936844869072,-0.1592582634829452,-0.14176631318172236,-0.06114051018314071,-0.04513448500129445,-0.012801090267226133,-0.0010857824377770036,-0.004575765556847953,0.00022296534358070153,-0.002992148562908244,-4.701485707274688e-05,0.00834664817041321,-0.0003931824945629685,0.0008935406820744794,0.500516224134429,0.0713754538563129
-0.01111527707849842,-0.22245937260836873,-0.1357263598719904,-0.04903121669052242,0.003170684488868239,-0.021241697867320566,-0.000651351500450749,-0.004162773991386554,0.0004697659504665877,-0.0022016465309444375,-5.163113481448452e-05,0.0036915310917381944,-0.00041741974013219976,-0.01365530572561115,0.500516224134429,0.0471341529254659
-0.004220794900399573,0.37535804543924944,0.05024755762990881,-0.020817259981245326,0.02387066635463848,0.01942589675149929,0.0010607294641497658,-0.0021877283094537707,0.0005068695517960654,-0.0003145725501551562,3.16808855852802e-05,0.00203362767974705,-0.0002644798664866477,0.0026083097652055574,0.500516224134429,0.9478547720484727
0.0082399505129112,-0.16934579770591995,-0.16088335926725444,-0.0641993712711538,0.003456986178740485,-0.012597116282839941,-0.0027875996937592983,0.0017883965881019064,0.0004885822971083857,-0.0014705835242399023,-2.15464180974943e-05,0.007784078951284168,-0.0007377752476612367,-0.0004911273199270086,0.500516224134429,0.10973994193172523
0.002852821255194916,-0.24260258006409652,-0.14594588761837074,-0.05359369345655152,-0.0016012116900540512,-0.009493005534723745,-0.001624438785990934,-0.005418127016393168,0.0004084748485093485,-0.0013002521763634278,-1.680096302801573e-05,0.004918253556741158,-0.0004201502127215785,-1.3877480181729282e-05,0.500516224134429,0.04666574879640338
-0.00462826707303233,-0.24343087690968146,-0.1418718091425732,-0.04404965024746664,0.0009697335997439065,-0.006645073885357224,0.0017675764530473272,-0.00395109158012494,0.00024250693256553928,-0.0017911986250796902,-5.061857129462197e-05,-0.018614619567223666,-0.00042692137720925144,0.0004890849317342527,0.500516224134429,0.03852499907248019
-0.04148107879515037,-0.15815472284275783,-0.16177605683765126,-0.044336227394696455,0.0031576342689679463,-0.007738113147990729,-0.0004792373800881392,-0.003976226308068566,0.0004083484324142086,-0.0011287550051643767,-2.929044323541373e-05,0.0034155048259721485,-0.00041494652735758877,-0.018759620964064225,0.500516224134429,0.06922343601556202
0.00593315661416194,-0.2041329494971531,-0.1616624292204861,-0.054947959471468716,-0.001898433438006303,-0.010322492880650657,-0.002303430141885223,-0.005118179106154709,0.00030554163618344554,-0.0019148338887987487,-2.747506307212032e-05,-0.024705939079708368,-0.0004295672816763251,0.000232201162308295,0.500516224134429,0.03952343447802545
-0.010805893016914913,-0.19547002173465028,-0.12554027084927977,-0.04823826971080247,-0.055771634657950084,-0.009908576775274918,-0.0007649807824512114,-0.004528874379052048,0.0002660729450889503,-0.002391876447552898,-6.742486565725909e-05,0.005525813473362692,-0.0003639294222911033,0.00016975523693887982,0.500516224134429,0.05262611314794623
-0.009952590014606648,0.29976931172318294,0.059566264708948435,0.029632509972585645,0.03812930230026987,-0.026710223277154173,0.000388136478589461,0.0020948933641144916,0.0004263021649370812,-2.5565923821233203e-05,1.7256812552944538e-05,0.003003198061893234,-0.00032397608634676195,-0.013367933619625256,0.500516224134429,0.8831631107999516
0.019806379195694026,-0.1957455152159447,0.17550743730059698,0.006580679770214763,0.022215402688020518,0.03061603875996699,-0.0022738251668426965,0.021771558370936233,0.0007425564135451654,0.0005147762460466076,1.6409656553766383e-05,0.006289733734435599,-0.0005061011923272825,0.0047440952624309765,0.500516224134429,0.5907958499577581
-0.001173769374202349,-0.19072580937217062,0.15491714589734873,0.017424832801414526,0.026797008273653566,-0.020593960307401193,-0.0006998610799530926,-0.005970388996708218,0.0008894452992608308,-0.00031164869291674274,-5.1901052345080795e-05,0.004132659961844659,-0.000718397816200089,0.0006147091693925612,0.500516224134429,0.4850462888454494
0.009732940114820518,-0.22568397305037216,0.13544865034805048,0.00556824974774374,0.007866600843717602,-0.009246892637634393,0.003505452927055279,-0.007868143237133007,0.00048261014593784077,-0.0006460110368174295,-3.5224420918746235e-05,-0.030154744350522397,-0.000614117974355217,0.0020797735193718615,0.500516224134429,0.39095139507337606
-0.06407553181590944,-0.07316707495956934,0.1468854499643649,-0.007415388729847376,0.0186316074503179,-0.013609707642198526,-0.0004330829833537027,-0.0009771266708880815,0.0007714691400661732,3.3728285021863776e-05,-2.2595061848656343e-05,0.00013309596690894303,-0.0006961408113221418,-0.017406524797400322,0.500516224134429,0.48916840146877455
0.016256789528925862,-0.22371756199485887,0.1327750926549528,0.008764903302126505,0.010304395213810248,-0.013245833169991738,-0.002809425924507317,-0.006330259841937324,0.0006265016511031032,-0.0004484157287412728,-3.1590225896001165e-05,-0.024526798407451963,-0.000715772015241235,0.0019091586497179953,0.500516224134429,0.3993274078264421
0.01745179964109281,-0.22791304960958159,0.09853845794464347,-0.051218155905779585,-0.10964265456409417,-0.003603844256752983,-0.0005318187401633326,-0.013596212493216854,0.0002687965568453447,-0.0004319933339092883,-2.6814081745404744e-05,0.004395833145857068,-0.0006135151568142228,0.00352475043818271,0.500516224134429,0.21711780371899672
0.03219570862912284,-0.15713702983443012,0.12659064401710954,0.006926099513871465,0.02587000069650511,0.03827062932613286,-0.0028307142054264955,0.02026841324742945,0.0007350016084554065,0.00016869537383127636,2.7458144354084737e-05,0.008027552197896689,-0.00069887752935734,0.0054979602558443,0.500516224134429,0.6044277655757716
0.01855235022718279,-0.16309978362640554,0.15642006279533266,0.016973157815398203,0.016447043215684676,-0.024174107100794637,-0.0005020040784914603,-0.0127722347407772,0.0008499258894927477,-0.00023600278002457783,-7.487678789169541e-05,0.002057105306719655,-0.0005795253258122657,0.0017914292422332413,0.500516224134429,0.5121687641862794
0.014856426465742548,-0.19470819628347238,0.14406842778774565,0.006342365161803763,0.013437077363250899,-0.010216593942280344,-0.004975086294824115,-0.006635462508553679,0.0005341620526347438,-0.00064525192844331,-3.944255606573684e-05,-0.02684154314252646,-0.0004646123742943357,0.0007170155725879512,0.500516224134429,0.43594550950773686
-0.014639932779236234,-0.008637724333441498,0.13198412913944646,-0.00812083555529578,0.005103833783356457,-0.015176041416949252,-0.001969184827877743,-0.004630424172797545,0.0009720230421077367,6.648044332674134e-05,-4.080597503650624e-05,0.0004750331121575051,-0.0004951248912819895,-0.053082509406070316,0.500516224134429,0.5323251402968405
0.01828127727058179,-0.19040975054123033,0.14456133439765229,0.008491949419509516,0.013988087053734895,-0.014697067249536165,-0.002601763623152136,-0.0034686813990876327,0.0006704718984247569,-0.0004284894981405344,-3.742844860206668e-05,-0.02204129397605767,-0.0005844644146948347,0.0015996982934825053,0.500516224134429,0.45384010331731567
0.022397349878716045,0.2782605036830698,0.07683230418318254,-0.015898267611746716,-0.10553992259440283,0.014929696390251788,0.0006046187903927219,-0.002571216885417995,0.00040614885272989245,0.0002844314132442009,4.3141881918537696e-05,0.005208346955283566,-0.00035398845874259546,0.004566356363021102,0.500516224134429,0.7796857269759323
-0.0036410264004699705,-0.2250645110755649,0.08200170883838694,-0.020168780155986544,0.018665261410779812,-0.0083206707433199,-0.0031338787212576275,-0.0013699165356481945,0.0006260509528034332,-0.0005164590662487733,-6.412070786361209e-05,-0.026544968903728754,-0.00089606983828874,0.0006616959112855426,0.500516224134429,0.31275053909931116
-0.04359942417100175,-0.19614745368626843,0.07239572243867545,0.024129670739038125,0.024806859934225066,-0.011455933714847596,-0.0048054850099638015,0.002312931546543773,0.0004937854730682516,-0.00037016531570505904,5.696974223596738e-06,0.007072636204891027,-0.0017779564162073251,-0.0027238470010502716,0.500516224134429,0.37085326213005365
-0.026710491892122285,-0.19875900074485298,0.07447633966768524,0.00835124852598323,0.014060320379505269,-0.0027849151524805675,0.0121265182632049,-0.003932416480955949,0.00033662334666983236,-0.0008242711329898351,1.5046398645387918e-05,-0.02398587619303243,-0.000916102905923946,-0.0030519510581122683,0.500516224134429,0.34891729515565695
-0.06779743887689557,-0.20172924037168638,0.05663646865494542,-0.061519731572230035,-0.003458488603182692,-0.03549349336334552,-0.006472421706024904,-0.002836779975303868,-4.5204019652498334e-05,-0.0006038450051428371,5.520093460261901e-06,-0.019443611184792948,-0.0013391677617667801,-0.0014648903997465847,0.500516224134429,0.15495390004306805
-0.09451022611429936,-0.20191236800468546,0.04993634212849499,-0.06947601315044728,-0.02023947328290535,-0.00964395678246467,-0.0062341213173279265,0.0044500581341913,0.0002998467533940589,-0.00022295137233780036,1.6493382509620366e-05,0.00391532855630843,-0.0012278698830584368,1.4586750705472753e-06,0.500516224134429,0.1556687718568758
-0.06816527856626672,-0.19457671973248286,0.06604885120228009,-0.08462244906186035,0.011400110405206408,0.0031596731359839945,-0.0033765412339305787,-0.00226695474595185,0.0002764457739051652,-0.00018123640287702694,1.3556717485669925e-05,0.005625774248025945,-0.0011939471344510628,-0.0018050134126415015,0.500516224134429,0.23085249532685784
0.008929779998061584,-0.20806606280585402,0.05758160566455456,-0.02763249310027554,-0.11020617432795568,-0.011715546920569388,-0.0038763791615482658,-0.0031441296305156495,0.0003526747646710852,-0.0006255238525645244,-5.0447077192728724e-05,-0.023108478179198956,-0.0008250553680499905,0.0022521880081995556,0.500516224134429,0.18038218214619492
-0.0075064128376036605,-0.21557229221651295,0.09427530755594472,-0.015587751802027299,0.018704481759401034,0.003784276022315286,-0.0024711925465591366,-0.005041184436017759,0.0006628627957545176,-0.00029006748884049497,-7.989438977817978e-05,-0.03024786208360315,-0.0010181602539560107,0.0004733693613264791,0.500516224134429,0.3406017035742761
-0.050241757077449226,-0.21561217430211105,0.06930583242654927,0.02621923194078899,0.019794657261132026,-0.014815457071712572,-0.004369937587912624,-0.004258635737969928,0.0003636906428103109,-6.583063775951455e-05,-1.0423545618040721e-05,0.0023436399099852566,-0.001241425011157828,-0.0062324509066372345,0.500516224134429,0.3216951844373711
-0.05884708144290166,-0.1950014526139969,0.04049889374534652,-0.022967192987909873,-0.05587724205365135,-0.01868991767106177,-0.006581357072731173,0.0011120646651269388,0.0005068168156067619,-0.0004284952747330684,-4.277422664269677e-06,0.004675518265964318,-0.0012038253370483462,-5.63696041233408e-05,0.500516224134429,0.18765230614565492
-0.0230273346045675,-0.19361772866241123,0.09233213803786838,-0.0170714162976251,0.016890240946357472,0.003864658472019396,-0.0023866550721198475,-0.007261578039802364,0.0006517187579674252,-0.0003283409422469717,-8.316707616197686e-05,0.0030654023214021758,-0.0009420289415240252,-0.024415200673223756,0.500516224134429,0.34818693236036435
-0.0017111155597753366,-0.2048305850385552,0.10314381524476614,0.004689157163457414,0.028495021756531125,0.0035686726769524105,-0.0010958054748028785,-0.0036964428195524843,0.0009525293562003284,-0.00020293246722028526,-7.516687218354107e-05,0.00739846059631936,-0.0013212545514059034,-6.0371903831951734e-05,0.500516224134429,0.43577020624133256
-0.05228527861649711,-0.20431674729261018,0.05746939540392017,-0.03559792743651988,0.015399425334853264,-0.040732933386920474,-0.005170851133321365,-0.0077787007108955294,0.0003398394274238354,-0.00036354512923890853,-1.575981967770588e-05,0.0052806119382556175,-0.0014312143464789836,-0.003211769325258795,0.500516224134429,0.22810076904146645
-0.03650098853751448,-0.20030263789567088,0.04495468813958885,-0.022964101416494763,-0.09666610875242403,-0.05787276520085238,-0.004646952766102313,-0.0049570368003804205,-2.3326218224896466e-05,-0.0009613251183778462,-2.929692364168592e-05,-0.020463887604382617,-0.0010941694387781198,-0.0004167303053241894,0.500516224134429,0.09857158529585401
-0.015695600232033435,-0.1936911984908459,0.06542850208652838,-0.01216520553784101,-0.10665865892878366,0.007694557631213542,-0.0027747853989912633,0.015077540248129758,0.0003092161547752166,-0.0005166344356358186,-2.689961625023623e-05,0.007068110298209013,-0.0009616472075166642,0.0023337090144887576,0.500516224134429,0.2659372297198792
0.008527271032983527,-0.17006550700908704,-0.1446727375258616,-0.057419390640414666,-0.0009992929101076832,-0.015291169378524854,-0.0018988922948163104,-0.0033773620254952874,0.0004413335124759786,-0.0013924415422432274,-3.043081117103263e-05,-0.03492753653719041,-0.0005115625515185441,-0.0021425296188427507,0.500516224134429,0.07675597583461824
-0.03060719029659729,-0.25244694072562773,-0.13848777406174798,-0.022631825797862323,0.014198063690316743,-0.012937449361102553,-0.0009264849078839782,-0.0026262664412643128,0.0005024729370516874,-0.001325487952364374,-5.67493841171674e-05,0.004566062952028015,-0.0006412156344053544,0.0007105142188522197,0.500516224134429,0.05780595336970826
-0.03145659007027768,-0.17779958036724802,-0.13431149508242043,-0.03154538414597209,0.003799307451071173,-0.005853390052653649,-0.0026090897095677992,-0.0037901857631430936,0.0004706870347784732,-0.001491222069459723,-4.7087519001450566e-05,-0.0321824388944887,-0.0006110721754642108,-0.0002858724728175016,0.500516224134429,0.08280281029776869
-0.03857877533439445,-0.16421165189930195,-0.09529724172894591,-0.0621287443400438,0.0029569384080904864,-0.011498140334892092,-0.0014858181723588308,-0.004952241663826038,0.0003961403908164626,-0.0015725747539376382,-7.0745682831892714e-06,-0.03712262872119217,-0.0006776861247629023,0.00036788760250252764,0.500516224134429,0.08670461289390291
-0.03153800504804699,-0.13145116353941452,-0.11440572999849968,-0.06143207635480573,-0.009123360367772176,-0.001050453103020292,-0.0014430805049303144,0.0011392930895548587,0.0005182195783093804,-0.001292690533375285,1.300110747447804e-06,0.010180908545237038,-0.0007159855175625301,0.0005754039880582832,0.500516224134429,0.16047880447891255
-0.017532087983028286,-0.12875464526630542,-0.13130087092945195,-0.06284395805114917,0.012724110372790316,-0.003617042131033106,-0.000969995685829354,-0.002981181196059154,0.0005142576391122625,-0.0017393685495089234,1.536603273052347e-06,0.010757024089012385,-0.0005444950107398414,-0.0033243369764180118,0.500516224134429,0.1709051710590976
-0.002826465312258013,-0.1531944788536389,-0.12396565846396006,-0.05512185017855044,-0.06801092084542383,-0.003669201663498575,-0.0018801369289897496,-0.00340150303847307,0.00029086891134779395,-0.001535553628310225,-4.410151466593539e-05,-0.03567516147394711,-0.0004989288317411108,0.0007144982733044529,0.500516224134429,0.05169763058562778
-0.03355927026278944,-0.19865138871061874,-0.10059211292231311,-0.06249095462048764,0.002474787588310233,-0.0009447450425321515,-0.0008840914176143316,-0.005274902920303458,0.00042594264427502673,-0.0013283928445785179,-3.444315154182877e-05,-0.0292981558328912,-0.0006546272909860552,-8.11053723799322e-05,0.500516224134429,0.06962276397798048
0.0028715756542863754,0.3913900744917518,0.029038942502893315,0.014987525980660166,0.020927308902768067,0.007703663258674477,0.001146340146132475,-0.0025310556793408188,0.0010360499227878399,-1.0736354462337095e-05,1.9370252233723883e-06,0.0022148824676086177,-0.0002717267537668811,0.0005111811699021293,0.500516224134429,0.9695321868695508
-0.049149511218982596,-0.23067048766621592,-0.11677715228701724,-0.04308100269664217,-0.026300862789163236,-0.010411335521358036,-0.0015512018479673037,0.0058530311549935075,0.0002003493271018102,-0.001353977141989627,-5.260499795018466e-05,0.003991773016251407,-0.00044564899442058346,0.0007978490973719962,0.500516224134429,0.031565441568444916
0.010243262205869843,-0.17174192783064446,-0.13781736391890875,-0.05317610990322595,-0.007789064980550749,-0.001252547411450022,0.0010220576919708752,-0.003676129785912633,0.00032830102764448466,-0.0013192027507205487,-2.272249257317963e-05,0.005890528502573813,-0.0005628053035153387,-0.007250129780006189,0.500516224134429,0.133392369404984
-0.008465875540338683,-0.15082765722733846,-0.1010047559061339,-0.056648864564294035,-0.013259964896186117,-0.015907574769811333,-0.0006576023941444453,-0.0029091271069882204,0.0007629971087227477,-0.001566878597463126,-7.450638574211877e-06,0.00798338040693543,-0.0009056954879629605,0.00035523187796029167,0.500516224134429,0.15745638639881568
0.001677942711308209,-0.14939313226491488,-0.11361962271209472,-0.052268908546372776,0.0008964329006102028,-0.008911960102756243,-0.0007678679514650806,0.0020746716572379847,0.0007237610951420578,-0.0015156885548622662,-2.6803908848162e-05,0.008942977582357337,-0.0008608651849009284,0.0019346488893293,0.500516224134429,0.18940180974420331
-0.00946544405496992,0.2041412115228968,-0.11320916106207934,-0.043974237177885483,-0.057044737971567894,-0.04637887345254622,-0.002842696827200384,-0.009529017400911534,0.00038009658081614503,-0.0016321487408814468,3.3632773818857664e-05,-0.037184768673886634,-0.0002524560987277013,0.0005756911522769557,0.500516224134429,0.3841333147035849
-0.008411226461285351,-0.09310136909498572,-0.14340113238500096,-0.060990868658286214,-0.07769274477983032,-0.015755339793992837,-0.0019096006474860379,0.0012434316412056644,0.0004323522620939952,-0.0015830311621604812,1.1095935974406234e-05,0.008736153625808693,-0.0006417832816155191,-0.0006618713925025991,0.500516224134429,0.10679028994236928
-0.04437570338808052,0.24096524252742377,-0.2783445111576279,-0.20368880143261595,-0.0038518250590111034,-0.017309427774717053,-0.0042263606818311985,-0.0051761851553156785,1.242947852985682e-05,-0.0022273104472341925,-3.0511636699351556e-05,-0.014202512203863434,-0.0002897199524520525,-0.0005512961650289002,0.500516224134429,0.16721973108590654
-0.050478343349707785,-0.1886451488588537,-0.15049039004059167,-0.05502397273335279,0.004409349070078179,-0.005743290104331669,-0.001097420702457172,-0.004535403108470398,0.00033549713866854163,-0.0012795970987127907,-3.826225253663225e-05,0.005233642534585464,-0.0004835418857174835,-6.577835308454041e-05,0.500516224134429,0.05261356438994857
-0.029946905672458286,0.4716711682098074,-0.06331194807185933,0.013538830997482612,0.0141220352550937,0.009297920395914512,9.73082217719073e-05,0.0006200979544023935,0.0006304252813551013,-0.00021377622332668751,2.2586335767778246e-05,-0.011207721941890982,-0.0002548931907596711,0.0007809747510021619,0.500516224134429,0.9063623264367345
-0.048927264237897276,-0.13970264752740194,-0.15452177665425595,-0.06857570180210357,-0.0057194016159355186,-0.014526887179406709,-0.0014386127017635471,-0.0033097654601333057,0.0002398193090591995,-0.0015427390907600536,-5.913966369264038e-05,-0.015226383452961526,-0.0005655415858281914,4.7975650644882414e-05,0.500516224134429,0.04668815812199717
-0.054352122404133556,-0.17209890905205932,-0.16607774175565695,-0.06844368615548775,-0.015258141892828576,-0.0066170876817427116,-0.0013156157315694134,0.0066364293672014985,0.0001779253414752575,-0.0018050506944537188,-5.170062479056281e-05,0.004271197037435983,-0.00040828000900251647,6.366602426736654e-05,0.500516224134429,0.025237105903087143
-0.05416773905691468,-0.1784158010075537,-0.15089941750339594,-0.07376958059857155,0.003610534633471331,0.0010409637150737186,-0.0011184733149811061,-0.004094420198235363,0.0002568580809102638,-0.0018909230878103546,-2.6343091394359384e-05,0.005559879652860505,-0.00048562964258911046,-0.0021006632545831185,0.500516224134429,0.04401546946071878
-0.03688314750128806,0.1367297999131978,-0.2585688796130227,-0.15723327485824454,-0.07948177862898005,-0.008039184794276993,-0.003928959313066778,-0.00596918136686682,-8.292671056107367e-07,-0.0022131469991131325,-2.3964329049514158e-05,-0.024510582932129512,-0.0003219588657275424,0.00013280237840099444,0.500516224134429,0.06020393795715868
-0.061899726250146225,0.1494021467185613,-0.28647973991895376,-0.17470467889879865,0.011698101183927815,-0.0013296441740040146,-0.0043089316669838815,-0.0065947044774784525,-2.27043969044601e-05,-0.0023189953442067737,-2.2206038600346288e-05,-0.01479491864600648,-0.0003816626859154147,0.000188773524834289,0.500516224134429,0.10894733306375551
-0.07387962744392133,-0.09812254825966323,-0.1418571042336846,-0.08038463938921846,-0.02850216116915431,-0.0003560622858655052,-0.002379649023827617,0.004143569865840641,0.00034082047095317347,-0.001942984351871318,-2.96465953802511e-05,0.008988430778839216,-0.000651188959226062,0.0010836520866965853,0.500516224134429,0.08696708562495022
-0.05344067394916197,0.1675531374802743,-0.25967122385606256,-0.1723728672367012,0.006985708740020356,0.010561476476363973,0.012447566819356656,-0.007125509875873099,0.00014913936654451776,-0.0022423836864733093,-9.17582878721181e-06,0.002229817514287037,-0.0003169630726506931,-0.013431872703396935,0.500516224134429,0.1918324003221711
-0.04839958821970315,0.23894312335692497,-0.3012982115163187,-0.1974676469512652,0.010682028292553774,-0.013129365788576406,-0.004644765638662302,-0.005272409844962396,0.00015845206440923102,-0.002244914273622103,-1.2959627672302054e-05,0.0013550944542825305,-0.0002977350123619603,-0.0003441524569416734,0.500516224134429,0.17854317297251568
-0.048003514237397696,0.2735216028844824,-0.25267100966597866,-0.17500312093649067,0.006135371875344146,-0.028709906788234485,-0.004237020229491084,0.012314799172577636,0.00031328828658262905,-0.001795776419961652,-2.0472740340777215e-05,0.003946631592816613,-0.00028134777283832745,0.00043666432321735806,0.500516224134429,0.28646241347871954
-0.043717831585965844,0.23784381387058218,-0.23881086861550754,-0.16554835026006096,-0.05662829141793539,-0.031090318206820254,-0.0042406334130460676,-0.00524257151442861,-6.9867077567985e-05,-0.002347661525888337,-2.0493652413979905e-05,-0.016354676095178496,-0.00037909497207589586,-0.00017366150496914105,0.500516224134429,0.17373571816315497
-0.052776099679968616,0.15512387075191805,-0.24599750567474804,-0.1551953201159246,-0.06773849593866832,-0.005767612054194158,-0.004788545717143556,0.015080145944140089,3.699048203900659e-05,-0.002027064182373723,-1.8697903562055737e-05,0.007841611056123788,-0.0003047602083123915,0.0008618794154411989,0.500516224134429,0.14484662030919832
0.0013573095561083032,-0.12401262981932334,-0.17471139276563377,-0.08506277980477694,-0.0010028560383452043,-0.009072515376410727,-0.0022400414694734474,-0.0035869569972277683,0.00036028667902952176,-0.002298997560419824,-4.752856412623542e-05,-0.03881988106474298,-0.0004433331475713009,-0.00043032037171808707,0.500516224134429,0.06050458738980016
-0.0032849432837946963,0.4608607342397186,-0.07762662113003771,-0.022777513001780318,0.024414208169579454,-0.004923635018536103,-0.00036555819327569334,-0.002257617236374636,0.0010979063251194314,-0.0005196558707946511,1.6819550529561984e-05,0.003043998002966655,-0.0001784908380643859,0.003218501675362951,0.500516224134429,0.8812343575250509
0.016815646515491955,-0.19483138275192963,-0.16399273862729286,-0.05380050995889042,-0.0015671038136755293,-0.007258799419125446,-0.00040138288404302784,-0.005072683833678084,0.00028239873929958835,-0.002106076208717109,-3.245058378388366e-05,-0.018245518812717167,-0.00037376391172903455,9.780571068766086e-05,0.500516224134429,0.07002966429432984
-0.0019082284103242855,-0.1061654992604281,-0.1760889580474388,-0.07972053845261413,-0.01138462400472196,-0.0035902335511390597,-0.001795899215724667,-0.0023757554778529233,0.00047584825107659166,-0.002097059739992706,-3.4672576031093074e-05,0.01190899271343106,-0.0005703019934904907,0.0008650403658598859,0.500516224134429,0.1280343347350404
0.002472767443195662,-0.18969176287351386,-0.15524780193416504,-0.06472357586453423,0.005478970767724418,0.0023373027129187326,-0.0022138977957227336,-0.003421575663708112,0.00039050817397914004,-0.0021888808765146883,-2.796764256793249e-05,0.00673693666610369,-0.00037970889102370743,-0.003797382564507776,0.500516224134429,0.09624015579209623
0.0028349311459649543,-0.060848617513081286,-0.1782069848873299,-0.06773580389248865,-0.07206996576858785,-0.003417970983231095,-0.0020236666236257985,-0.0023235834520619536,0.00030276985053558656,-0.001963042685743875,-4.230237425133899e-05,-0.04955680716780539,-0.0004242512703275312,-0.0001262361417715054,0.500516224134429,0.06491469237062619
0.007328030992404282,-0.21818562734804334,-0.17826575357860622,-0.060802374171383025,-0.0007741537623706617,9.20787578799065e-05,-0.002636817280845445,-0.00564114782204534,0.0003043776066137915,-0.001736018428955653,-4.0962832384283515e-05,-0.01996418708336675,-0.0004332842484962974,-0.00018837891498529072,0.500516224134429,0.01957200601984736
0.011649020525817476,0.44032813202644294,-0.07576557863584171,-0.012286333363790775,-0.02626617321242002,0.0027201600995845772,-0.0006540574842873448,0.0029791962807153693,0.0007630452712158492,-0.000396780734321855,3.184924635885704e-05,0.004439437929653186,-0.00015790178348681373,0.0028728079055038917,0.500516224134429,0.8507730482055758
0.006295285999740524,-0.14338054772831543,-0.1724977561957159,-0.061255731413779095,-0.0046755710258857015,-0.0004562205562300661,0.0072599833347772764,-0.004379322217329595,0.00044599812324258104,-0.0017946363063137583,-2.778723931221492e-05,0.00584163675284533,-0.000491773493039711,-0.007963281688899823,0.500516224134429,0.12343650048021702
0.013548750960885725,-0.03991308394602085,-0.20422065683248966,-0.10188426565806098,0.005209054704706604,-0.009794534475527849,-0.0012914655689694847,-0.002812677788398564,0.0006414839563346778,-0.002045416383387672,-2.4730871633106697e-05,0.010995538974185374,-0.0006396464276141046,0.0002817159233994691,0.500516224134429,0.16856629070184195
-0.0020602000059060706,-0.10438112618111232,-0.16233236041391857,-0.07788373289584526,-0.004894764278397006,-0.016702126059568948,-0.002142175841757644,0.0010751607213234028,0.0006422358470859143,-0.002065546749424241,-3.981654222242394e-05,0.009822915924646732,-0.0006945905707668917,0.001486254016530139,0.500516224134429,0.1403463511050986
0.0019575159346830445,-0.11817142931572383,-0.14345025256335386,-0.04898627281606885,-0.03427614325287078,-0.02311041766121827,-0.0015797668962585871,-0.004868268048648958,0.00019686353304418749,-0.0023814000444409445,-3.0206864310890137e-05,-0.04620497771130337,-0.0004215151212149983,-0.00016934807481176788,0.500516224134429,0.07902060523193515
0.00020479457909092688,-0.11873828206679306,-0.16423021556657935,-0.04476005165102818,-0.058193688633056635,-0.01093328808638807,-0.002065661790538383,-0.004674396705830669,0.0004410239974656594,-0.001451111951494099,-1.3768233369241635e-05,0.01112335127955061,-0.0003263074595170768,0.0003407033845904924,0.500516224134429,0.107239325230535
-0.016853552550650523,0.2438336301687572,-0.22355135629324002,-0.1375649988604558,0.0022230423767438503,-0.012218004106295244,-0.003479339813970776,-0.003213248712452806,0.00021546550492321787,-0.0019711120460981784,-6.86593289242714e-05,-0.018129620062168235,-0.00024144850913113662,5.293535696384799e-05,0.500516224134429,0.3295499572584318
-0.0021783899853514855,-0.16683392998185861,-0.17797805634039923,-0.07267574174772434,-0.005559264495699539,-0.011614838210445526,-0.0013845911495936223,-0.004450239233946587,0.00020534635267547777,-0.0027653794876197615,-5.2403795456694735e-05,-0.021012901338764347,-0.0003837664965927456,-0.0006446726997775724,0.500516224134429,0.0331873955238779
-0.0037496162486841855,-0.0808985511605496,-0.23879944224149366,-0.08571320245854364,-0.012675508251533523,-0.00444973415250693,-0.00046406237735609104,0.007681044847409146,0.0003556873074779546,-0.0023045748276377337,-6.957583609727812e-05,0.005442296736646047,-0.0003063860760949768,0.0010687763907814682,0.500516224134429,0.08563337578624867
-0.004291070520086334,-0.17427540930039379,-0.11113622501859614,-0.02871981702908771,0.0033399835483529134,-0.001863744637596871,-0.0018453409981875495,-0.0015496977035166525,0.00042635030006854383,-0.002180244590914076,-1.988492255757197e-05,0.0065519290832589585,-0.00035865904512638754,-0.007253484012099613,0.500516224134429,0.17734090928795102
-0.01760252315523147,0.22648854270947222,-0.19762038059694623,-0.11370070859139773,-0.10226046630248707,-0.007786996961724319,-0.0038501316912394655,-0.0028594938860692634,3.478804346218145e-05,-0.0019979798141595974,-2.0433946053486743e-05,-0.018327198074007255,-0.00023011339693564993,-1.6289256103285622e-05,0.500516224134429,0.26076683921501
0.005390439872337471,-0.061296616570194404,-0.1989150614981641,-0.10644565326003227,0.013320142577021117,-0.007473767388284552,-0.0018605768993879856,-0.004704421874521437,0.0004397223901050933,-0.0022553430002692706,-3.8451200517675884e-05,-0.030498885175561506,-0.000491906668196543,-0.0005034847084459722,0.500516224134429,0.10518236073031938
0.0071371740135944646,0.43153677003551677,-0.08020476076872196,-0.027279673338871976,0.015798509472076387,0.01733743869018013,0.013218764822536795,-0.0019886227804593723,0.0007008682145667692,-0.0002543564044642439,4.7371353194785624e-06,0.006774104097512186,-0.00015493249733960774,-0.008037699859845884,0.500516224134429,0.8751045449660332
0.013491501875128603,0.15751516663428736,-0.2863369027938885,-0.16671992049632012,0.009881584717075306,-0.009562499710930528,-0.0038348748499663133,-0.00590654646279067,0.0002138399246914272,-0.0019621313852263367,-2.065525526134368e-05,0.004287414045032067,-0.00026884408089818606,0.0013579062147792609,0.500516224134429,0.2126512625101443
0.00109856439196151,-0.07995272095212903,-0.24688822956889955,-0.08648325815659164,-0.0059707825641987546,-0.015630552377500273,-0.0009895263477234376,0.008366128445084883,0.0004821719898279464,-0.0019987947230267625,-5.132775368916153e-05,0.0047301540197813696,-0.0003295988763607633,0.0007325384075362895,0.500516224134429,0.07763099006850466
-0.015648184929435937,0.2096960330829324,-0.20243882836447355,-0.1260310558138306,-0.05014429088590786,-0.03184547326328606,-0.0033042863262436363,-0.004071192325636516,-2.3105934894782056e-05,-0.0022622900072610704,-9.937524111739109e-06,-0.016000374792608504,-0.0002236623735941246,0.00033426297650327786,0.500516224134429,0.25854383765258315
-0.008739647195116811,0.07862020404192437,-0.20840902666241,-0.11261708710680707,-0.08216193231203679,-0.0042219076020063835,-0.003368375794697845,0.0009339546739359708,0.00011754551101556583,-0.0019204578511996364,-3.930989408906524e-06,0.009688477377556437,-0.00028001856429346177,0.0006056674499979955,0.500516224134429,0.16875968911088549
0.001415740023732995,-0.2582064870884425,-0.14180118338405553,-0.04464445526901861,0.0032837410806284117,-0.00614310412555936,-0.0022784412957572416,-0.0038541825793535186,0.0002184374903282333,-0.0013691597230299686,-9.084056993623592e-05,-0.017811154300129025,-0.00043608746904657815,7.995048360008487e-05,0.500516224134429,0.028878997408394422
-0.0009439534689109258,-0.25155748839709274,-0.11437458026915032,-0.043036468802004776,-0.0017318080088301287,-0.013697025141047479,-0.001723452672161702,-0.004264044395745538,0.0002663207525389208,-0.0020188236954793996,-4.2401055080104834e-05,-0.019223988690115643,-0.00039418192349261524,-0.00024241035784519865,0.500516224134429,0.04753191801001452
0.02621201417360299,-0.25543748083105955,-0.10825512955902529,-0.040403452228214114,-0.010340950851353897,-0.003083340446744408,-0.0035020628849424767,0.003073127364244098,0.00040588874827851047,-0.0011743511358710483,-2.2872247893995657e-06,0.006859330142377485,-0.00034153733399366974,0.0014540508117760096,0.500516224134429,0.11598004287871846
-0.0019877335040708105,-0.26764108891541966,-0.10346721638661141,-0.042187198590121947,0.009967481879425215,0.006140847475386748,-0.003244887530767817,-0.0026623861963539935,0.000430682275040827,-0.0012582818553841786,-3.729063693673086e-05,0.005873954898598531,-0.00037465619935667604,-0.005250631350623182,0.500516224134429,0.0948178194972383
0.01718118279300889,-0.22693378325145167,-0.09874261039188117,-0.04434072470336233,-0.06511098706571203,-0.006217550870242943,-0.002045724191585337,-0.005873657945718172,0.00023572141064730974,-0.0016481387295373487,-5.162886523205666e-05,-0.026358852831131676,-0.0003914451852268983,0.0009601206870008696,0.500516224134429,0.04117814499400845
0.0024976262839473116,0.43237358438539253,-0.011380954887262196,-0.015555369846568358,0.0249541308693696,0.019615348282779527,0.0006885419855774584,-0.0011454183760388381,0.00039509539971577864,-0.00015890614200280922,3.256392132976078e-06,-0.007810564279223097,-0.0002229471640116813,0.001191907628378017,0.500516224134429,0.9459615546666197
0.005112157756005274,-0.26675499161301064,-0.12064637696271453,-0.04050115283074773,0.00845469958735639,-0.0016355608011213163,-0.0015224618067846483,-0.002886590670442931,0.0005006671792456159,-0.001128193787287838,-2.4892662146019555e-05,0.004638119739247188,-0.00042798944749916737,0.0006667897349176764,0.500516224134429,0.0843604475494499
-0.009513116419853848,-0.23700714596446124,-0.14993384907261337,-0.02365832051177346,0.00955633023463984,-0.024725387799645268,-0.0010714316912027635,0.0009721815883817732,0.0002862697616980826,-0.0022183162408145004,-3.511815194964294e-05,0.0008157494812916791,-0.0004673228103481006,0.0020125207841868655,0.500516224134429,0.06552926732196805
-0.004999372911538709,-0.2471069656045061,-0.07630672398766047,-0.027592312384829388,-0.03969665614826773,-0.03786289333855606,-0.0012533840364678684,-0.0042130200171783165,-4.762697889009793e-05,-0.0024276434121001614,-4.9759942355518145e-05,-0.016865101276193978,-0.00039317734150551916,0.0019351853750816182,0.500516224134429,0.04363677212946494
-0.004742911180216166,-0.23737983583302444,-0.1199542353593379,-0.04016649063662543,-0.06193292954566289,-0.0061665642734352695,-0.0017636555082171936,0.0034153307331630245,0.00019808308541491298,-0.0012495413272675638,-4.5742415383793466e-05,0.004731340692525323,-0.00037209850991545265,0.000981222605436386,0.500516224134429,0.036068196661885786
-0.001255810690762191,-0.2464397854334423,-0.13345909412799195,-0.014188623853135063,0.011130983523879933,0.000895103644862195,-0.0009261159369012755,-0.002423250965059647,0.0003841335877805659,-0.0018229599726539633,-5.0804440092504137e-05,-0.01534042178914252,-0.0004514238395425302,0.0013661266041390212,0.500516224134429,0.09793428044636959
6.375709907079763e-06,-0.2640976928231097,-0.09383022885109399,-0.029649504083715954,-0.0038514186023937136,-0.01698432064721653,-0.0014967960660215367,-0.004158896104817581,3.727404083254191e-05,-0.002190244890732912,-2.3946161578590738e-05,-0.01670164242810227,-0.0004051771053615667,0.0013626277103999263,0.500516224134429,0.06853263383142746
-0.003801193703261038,-0.24886558516758325,-0.12681432463735662,-0.039188305489670595,-0.010841044879544648,-0.0036797649102855014,-0.0017936343694375573,0.0004584356326561404,0.00039049684151550826,-0.0011772057825963915,1.3544738278089021e-05,0.005246209051112926,-0.0003489697555491705,0.0006417533518511619,0.500516224134429,0.07075663505456169
-0.0011489647546703322,-0.26734441457871855,-0.10022515230180709,-0.04257776957909068,0.009953172480239969,0.006126773256964963,-0.002892882651147827,-0.0026022607850818146,0.00044148265435476963,-0.00106541662841355,-3.908708573756218e-05,0.006122745968810533,-0.00037540875523277495,-0.004388842349787807,0.500516224134429,0.10050019902511562
-0.002913507282301982,-0.2391631867178715,-0.10956343100906304,-0.03329037464021761,-0.0626469514227265,-0.004372545016024424,-0.0016877836104942966,-0.004153260825532129,0.0001994466345727398,-0.001587265812969076,-5.560456468865404e-05,-0.015900196712671334,-0.000386371939931228,0.00018201350404014366,0.500516224134429,0.02517720471855419
0.005779353011176905,-0.2594750567490569,-0.1378907534523843,-0.042125115424912304,0.004070559145554889,-0.005215054735385112,-0.0021353007429697666,-0.004505773545568627,0.000489535651145177,-0.0012053654097263428,-3.6312018154195595e-05,0.005476314369964969,-0.0004025082316646963,-0.00041327412759787464,0.500516224134429,0.06292747187485531
-0.0006453267338236326,0.30991153513013076,0.05233982290191736,-0.009797502261281236,0.020689883519092022,-0.04356291762271497,0.000364925174981898,0.0004783232046543547,0.0005170508462241728,-0.0006269777968429953,2.4750758959780773e-05,0.0027203319515635887,-0.0002133047700606373,0.002211457468475483,0.500516224134429,0.8349282759057091
0.0023887773224283656,-0.24118941889333415,-0.08750324719788269,-0.040149722413437644,-0.032755856735046114,-0.02692598547726151,-0.0017434679718589712,-0.007014801582001078,0.00014284031164358275,-0.0022758156459204374,-3.613126824108147e-05,-0.02131680173990866,-0.00037277149658907535,0.0005697718168701605,0.500516224134429,0.04233359316389351
-0.005555664821483862,-0.23658615427746915,-0.12414428956242021,-0.03814169422747477,-0.06090986747751151,-0.004764849046695742,-0.0014455757450831952,0.004261584691358957,0.00021440086241733306,-0.0012801381739168487,-4.2919720666547055e-05,0.004326040233123142,-0.0003748479761733372,0.0008715421932407426,0.500516224134429,0.03694379108567751
0.014835104070433498,-0.20472495683248024,-0.17267382613727622,-0.06375522005283421,-0.003900267096865712,-0.004057435814391552,-0.003313090991847058,-0.0050345794445359315,0.0002871203159025722,-0.0014678403884233256,-0.00010462222593436596,-0.025747309670873353,-0.00038548057804174284,0.00039289463529266875,0.500516224134429,0.0308667139225562
0.0017730299020088532,-0.17117744725801698,-0.189563958858062,-0.056177772978099824,-0.0029803280035748166,-0.009785438213269172,-0.0016613986238610502,-0.0039299504932552845,0.0001978255240944821,-0.0021638631085800965,-8.406284700171305e-05,-0.0228598096410788,-0.00036825943595783186,-0.00021981999458831438,0.500516224134429,0.04151497010518978
0.0070664590208517515,-0.12627793802924994,-0.21459753342517268,-0.05217676068464773,-0.012532753068425,-0.00025465858233110917,-0.0006442742234548254,0.0013034436105684385,0.00039838658737722854,-0.0014492610429375657,-0.00011259555115987859,0.007042262067572576,-0.0002877818237157787,9.79802190987985e-05,0.500516224134429,0.10809119920880493
0.03825566314118687,-0.1113433312751778,-0.044078964293525806,-0.029435187832638342,0.02781569040348286,0.01530946916466626,-8.553317451654046e-05,0.001141840863025125,0.0008243555599442654,-0.0008291325620363653,3.078129857956793e-05,0.013852685864709882,-0.0005154672978569895,0.010464219101746755,0.500516224134429,0.4219233130960223
0.012844915243283843,-0.19001396824678182,-0.14921971870283196,-0.04913706714836149,-0.050778639818787115,-0.004034570273857546,-0.0020130799887922656,-0.005191861074566286,0.00016635969578238083,-0.001617702234909421,-4.769379995533538e-05,-0.02733715161307834,-0.00034992234735539365,9.382614631534009e-05,0.500516224134429,0.033879949970536886
0.03947206072076635,-0.19462408973973866,-0.15498718911204004,-0.06415140990376235,0.00993645752738825,-0.0045407981026384684,-0.002658611245941627,-0.004980214555423463,0.00045872381397711023,-0.0018828497060833862,-3.8192834664707626e-05,0.009186934827785992,-0.0003882584622719195,0.00077361473013211,0.500516224134429,0.13209240209191747
0.0013051536423860576,0.42862340717740127,-0.028053496199356466,-0.0008513603645542882,-0.05042746559316745,-0.037969522222029324,0.00012696810621352277,-0.0014663113841639644,0.0005037412741166703,-0.0006563155283081935,3.582243483743358e-05,-0.01144766841333986,-0.00017648963106678026,0.0014676398592673953,0.500516224134429,0.8015303272926714
0.01858216816222953,-0.18414725232569631,-0.1624214993160048,-0.055164251299930314,-0.057225297856056005,-0.00461975920716339,-0.002427489504436003,0.005614202904878103,0.00023064132274352135,-0.0014161266480784908,-4.046052215040652e-05,0.008210620668091057,-0.0003148486247822108,0.0005233712680413212,0.500516224134429,0.06590024315611738
0.0009383728751570687,-0.2606492463604038,0.12943895776887254,-0.01479314396211184,0.024724047844963733,-0.004185304304098839,-0.0020140264540829105,-0.00395134681617868,0.000528850076478805,-0.0003029167538750258,-0.00011448067574495208,-0.01818216870059273,-0.0007272922057917072,0.002327819154485607,0.500516224134429,0.3535543456215094
0.024531618270610654,0.04750471515651223,0.1384581098893499,-0.041834131539476446,0.00865134770645636,-0.00640792582689824,-0.001962869158140199,-0.002051359278617311,0.00034815449631134867,0.00012662977624081412,-3.4163123490707772e-06,-0.026579170209739822,-0.00041912846336224446,0.0041256806600699384,0.500516224134429,0.6450044793014004
0.03398404683613791,0.008027921068812477,0.13383046499006848,-0.04617393915799232,-0.0032614965794312157,-0.0024788261345529364,-0.0006194250960276623,0.0038968148410551923,0.0005147293275074416,0.0002028911599407769,-1.8136069258644024e-05,0.0021295192552840216,-0.00039382477957257926,0.007683110834409508,0.500516224134429,0.6378400746308127
0.01735060109055738,-0.2552343302737165,0.0912910195150292,-0.020594559166597193,-0.10408969347207547,-0.009262966258324366,-0.0017958850460369994,-0.005556070319356746,0.0002526865507738124,-0.00045273360251864373,-6.198822639889395e-05,-0.015327207334798585,-0.0006291238661832316,0.003175172566519324,0.500516224134429,0.19958114629130594
0.009608827866701215,-0.21850430651261388,0.16313839651512393,0.008701873784078044,0.04565972069310546,0.013551570503078213,-0.0005217849681753667,-0.006352861661807656,0.0008882236249607188,5.0343035499015954e-05,-8.51332827628848e-05,0.00880786323840061,-0.0006728510892433693,0.004423446836177463,0.500516224134429,0.5292095527169547
-0.0007313063272744159,0.29466057496394765,0.07683587183606723,-0.001080529225482383,-0.11531029608796751,0.017130741036188703,9.947203212832463e-05,0.007279338840621985,0.0004036599641978466,0.00010731227402228179,1.2916313285217058e-05,0.006294320400422196,-0.0002915164188651055,0.004170387515277676,0.500516224134429,0.7900971712510021
0.04881041841345141,0.023262787791085524,0.16942237090569237,-0.005439789273991257,0.021209767187029348,-0.0030921633906839637,0.001716183010496267,-0.000456954731285445,0.000873280353673494,0.000394461801740848,-5.3287374053908195e-05,0.00029645970467550816,-0.00040950122154418864,0.005831045373617725,0.500516224134429,0.762881302684336
0.060869244751764195,0.05773084030574483,0.16247717320620766,-0.030185001183191635,0.015022260978947289,-0.0015015350140098619,3.821938320072836e-05,-0.0004892827687597254,0.00037591516181816314,0.00010638173154084272,-9.880118826068397e-06,-0.00391903521003615,-0.00037274438197067665,0.006556002164010381,0.500516224134429,0.7672147831408725
0.05776545291587026,0.0314778915308356,0.13735029430192866,-0.042736629043639555,0.0005736733552095372,0.0007806605328595117,-0.00017603230999066179,0.005182745359135371,0.0005838860547191415,0.0003940123474518416,-7.110043752474599e-06,0.0028142029551913327,-0.00037957218043257936,0.008395625133477613,0.500516224134429,0.7025353250432961
0.05536159771966569,0.07554025872928023,0.1389232771258704,-0.009467758780717317,-0.0744148781209544,0.012783260226905223,0.0020346839610520247,0.0006164774523013181,0.0005183341801872959,0.00012016777747059641,-3.454233776144997e-05,-0.0009010672065693569,-0.000324061563611533,0.006725389213379209,0.500516224134429,0.7079973625109305
-0.01124946236048904,0.149063585798114,-0.18385618052281283,-0.03742778173858521,-0.1206196098510315,-0.0690509941645162,-0.0050856814412931755,-0.007002584656335542,0.00027068556687191015,-0.001648238439915282,5.75469758722355e-06,-0.032092464866493094,-0.0002816060274465631,0.0005914914674625839,0.500516224134429,0.18213313759555116
-0.0448892435482033,0.16041700330091618,-0.20198700113715376,-0.016677438482826677,0.00605201195169445,0.0025299343291243196,-0.0037901415443302258,-0.006144197381883935,0.0007542731179015805,-0.0007457314208043737,7.380295993017994e-06,0.0035521270594815668,-0.0003454198695914418,-0.0022185902193483193,0.500516224134429,0.39703119058540126
-0.014855703840966445,-0.03483196890103782,-0.18868765423032796,-0.03529510761217797,-0.028242605385983232,-0.0008370677649449688,-0.0018321650507499181,-0.0060496744474992795,0.0006356599006485333,-0.0017071806814277011,-3.0439906289702496e-05,0.0026804593188231593,-0.0005778352855984789,3.9664608115167534e-05,0.500516224134429,0.19092460485501558
-0.012178549982499414,0.11462941066132788,-0.19419861971528354,-0.04473859822566239,-0.01733413391924788,-0.04500145900159212,-0.003982994215528638,-0.008715633861907242,0.0004375528163506236,-0.0017402325218998196,2.26119072854011e-05,-0.032930730344942614,-0.00033212765151534307,0.00014155618572026698,0.500516224134429,0.2545942762650378
-0.03009418917324293,0.15660607121675008,-0.1905628362590002,-0.05907520247330097,0.020387995061440737,-0.005901602415774613,-0.0031345197892678083,-0.0059389734089235835,0.0004727206393586241,-0.0005691498944457848,7.335602478520781e-06,-0.022474675816902098,-0.00036551745187950424,-0.0005134972129208866,0.500516224134429,0.35936018275880144
-0.015563247594410443,0.4181425336638425,0.027445277554263223,0.0050380106677953874,0.02995368039062397,0.009647689276206175,0.0009349337450573643,-0.002056678648037169,0.0005947655906352889,-8.27016521815486e-05,4.647758757548746e-06,0.0028830007317715354,-0.000291504551879244,0.0014687279113354272,0.500516224134429,0.9786353589782117
-0.06949426162274232,-0.17141083407370336,-0.1131843180524324,-0.0602398637622379,-5.174937034494066e-05,-0.013066590737217944,-0.0019207217648914401,-0.0033603183977341257,0.0003550859562781124,-0.0012445561073845901,-6.249706382861152e-06,0.007176837302986667,-0.0004494275655125534,-0.005437158076245515,0.500516224134429,0.0681820981568674
-0.010619460117436422,-0.12336325057209904,-0.14905131725065485,-0.06838169456861655,-0.020872474279880072,-0.006534630408300142,-0.0018490943947637724,-0.0045087061250068255,0.00036048324299887735,-0.0017201095851005765,-1.6824882398113186e-05,0.007681000128021738,-0.0005289637588024369,-0.010448643424672164,0.500516224134429,0.11066253813772185
-0.044597549838909706,-0.0457017315503195,-0.12195642698948782,-0.0857163506661527,-0.053050543753287355,0.0023064889252403923,-0.0009486975753313058,-0.002914152773115655,0.0004946392841853723,-0.001228517451596967,-1.9828998706552632e-05,0.008635304578294558,-0.0007620809400558891,0.0015870394247330024,0.500516224134429,0.15664381580992287
-0.05980707439465309,-0.18065779207783045,-0.1221088019812952,-0.03901469527853833,0.010065417014705057,-0.02237715671666703,-0.0015196838660845931,-0.0036521329003367663,0.00047589331409393724,-0.0014705534392430149,-2.9153566262092077e-05,-0.02402262177021813,-0.0008489697871779684,0.0006777644032384826,0.500516224134429,0.056226663088163945
-0.012456340938882456,-0.05786244403090162,-0.18424887411758428,-0.09070981331165097,0.012182205793417273,-0.004637658186274798,-0.002833703502289706,-0.0044496781003698785,0.0009547006011018229,-0.001156530306312675,9.594569444980298e-06,0.006754275020423058,-0.0007941484194260951,-0.0007643925665822622,0.500516224134429,0.16050341663854464
-0.008668575467121888,-0.13449696672918343,-0.1753170196511755,-0.0666272601440005,0.007916688922893338,0.00238324924281853,-0.0015201918773357428,-0.005312230453629166,0.0004110753223147682,-0.001578132728744134,-4.46592267162713e-05,-0.02715043085209835,-0.0004999502771515557,-4.7378346320351675e-05,0.500516224134429,0.08996444186898263
-0.048008134483261564,-0.2574272462426784,-0.12365734387307359,-0.020489969736198387,0.008520208247314335,-0.0007802583951640129,-0.0012854733327806844,-0.004472454870912455,0.00038523791709336487,-0.0014746267747908573,-3.452812979400174e-05,-0.017027020690703668,-0.0005394275003988699,-0.0004972553187236887,0.500516224134429,0.033727930950360176
-0.06354239746883558,-0.10067300364869478,-0.14961873443728285,-0.07670450948243702,0.010972895711996547,-0.0025979333256545985,-0.0010620197744593955,-0.003766066430686213,0.000563354361466402,-0.0009234261688304375,-1.6689832870225324e-05,0.008605231713002,-0.0007482004450134708,-0.0013115499416057846,0.500516224134429,0.11969317496452722
-0.02091436512829359,-0.2727923194796764,-0.10510587004613431,-0.045644784586712187,0.0034764012386037696,0.009630348112476724,-0.0016111607282380837,-0.003387587045483748,8.751923264776729e-05,-0.001105577085200844,-3.10980829426391e-05,-0.013694371438858632,-0.000549105684071549,-0.0005190664196030295,0.500516224134429,0.04835518699294549
-0.002431927199327014,0.14246679639005297,-0.1860033235459047,-0.04973451718208381,0.0052853707559785594,-0.040953379263930265,-0.0023961313182794754,-0.007777560071011441,-0.03860426019601946,-0.0010940123555179787,-5.2879735295814915e-06,0.0022475543137982774,-0.00030650733768581797,0.0008757045847716439,0.500516224134429,0.322084743735744
-0.009582414189742866,-0.10864930127724415,-0.11604267923100481,-0.03894975689752787,-0.08180179779656757,-0.04883122118562813,-0.0012624808249589489,-0.0029226766099947348,0.00024985345863111466,-0.0022921946687533257,-3.9614592539167964e-05,-0.03339472083168146,-0.0004726711173451009,-7.650641011925836e-06,0.500516224134429,0.05651689772906339
-0.05411423697099261,-0.26845779796433084,-0.1294346944879018,0.009266666406005878,0.007738532597536258,-0.0012076800245287072,-0.00027379048410479715,-0.004947810328161275,0.000555478607042493,-0.0015627091161769218,-1.5277283359050992e-05,0.0030821487259108066,-0.0006395348471330423,-0.001382146992766861,0.500516224134429,0.05912337197147335
0.007892763017775698,-0.10912250124866368,-0.18251995572705873,-0.037686945349850016,-0.02254237658908898,-0.009399403527300898,-0.0012838034360311066,-0.004151854925691665,0.000642182665044383,-0.001524846500350507,4.6027478196374166e-07,0.007034115063260596,-0.000693304599103806,0.0007062920899392189,0.500516224134429,0.14786704534209436
-0.006160118277094971,-0.04542781608408932,-0.1620050513167907,-0.0375249524382547,-0.017959198726187085,-0.04942347544677241,-0.0013189568150124196,-0.004902779714642633,0.00045336228262999223,-0.0020296687859397648,-3.665882826821099e-05,-0.022854914826879763,-0.00042058160739892424,0.00042086342753398873,0.500516224134429,0.1513262769772657
-0.009665077713129373,-0.16574459254611687,-0.15033477376250973,-0.05121491690773429,0.010437080688341607,-0.013407984656967468,-0.0005467985131681214,-0.005243493922052805,0.0005256561449076695,-0.001661350634744743,-1.6833975995751336e-05,-0.03202342923784478,-0.0005447916179692799,-1.8214769563122678e-05,0.500516224134429,0.08105670270988587
-0.03848514593245902,-0.17712875578184914,-0.12547332466663064,-0.05277271860551682,0.001256519947395277,-0.01652651534048399,-0.004592787196982124,-0.003628178214609745,0.00041003924443440247,-0.0014851146812902478,6.969520775568664e-06,0.007222998470343461,-0.00044066589781961685,-0.011541368117085221,0.500516224134429,0.07733817688265474
-0.01602153056687838,0.19975170899166184,-0.20877217557914923,-0.04884915992394724,-0.020008683474647675,-0.004272723967463204,-0.005457654226104668,-0.007852299133277984,0.0002932188348074106,-0.0011486726732732465,1.794997708158372e-05,0.005453181070483599,-0.00023701691011966179,-0.013052087213649222,0.500516224134429,0.38036027933995653
-0.03226985997427402,-0.24775986106197131,-0.09421593659583281,-0.04877958059313297,-0.04269125080329769,-0.003727397314319897,-0.0009621362652871594,-0.0051339194160460845,0.0002631195364950998,-0.001624854379528057,-4.558690176792799e-05,0.004472604899766992,-0.0004945177321512314,0.0008280122534507941,0.500516224134429,0.028375059786536823
-0.009521066965694755,-0.1746854734286484,-0.13876765663216087,-0.04264413705892683,0.0009616626891343692,-0.019900656726302347,-0.0013064407890710098,-0.004158873480953636,0.0006943752275318505,-0.0016764638887066675,-3.3723117359006345e-05,-0.02761184081974331,-0.0005898237487653086,0.0017666290626232178,0.500516224134429,0.08304273445739076
-0.009599650302319735,-0.05891196920448826,-0.18355318371467738,-0.07455786193744958,0.016251394983080373,-0.005865117064838143,-0.002156824708030503,-0.005277423745388706,0.0009710190027130992,-0.0010855812897764114,1.510375369365536e-05,0.00661471626340516,-0.000793414921588618,-0.0002546912449101871,0.500516224134429,0.18231274000385717
-0.009046025065992681,-0.19024237789157106,-0.15578098840499263,-0.048178328705515056,0.004568209211483933,-0.0003907693380305003,-0.0013036312106326998,-0.006094254664497026,0.00035265407491926604,-0.0017404809861338538,-5.5934149978584494e-05,-0.025685824833891948,-0.0005421487064098027,-0.0005158036526435354,0.500516224134429,0.06586051981054601
-0.02501243490514163,0.4410029782304515,-0.014577465008331706,0.019918275018464094,0.02907705924037747,0.01178768889572875,0.00039325497031493826,0.0007580157605289909,0.0005420365133900277,-0.00029992432701265125,1.8230403403399247e-05,-0.009922880648034826,-0.00031585074010056667,0.0012548296550511679,0.500516224134429,0.955140037193521
0.01444884186187313,-0.16487116562172008,-0.1343540194921565,-0.05825414168336998,0.0014193296133728115,-0.0075531406491556145,-0.0011241757622132906,-0.002693580881338344,0.000709379443233929,-0.001303643611379851,-2.2138699429808173e-05,0.011840960103092837,-0.0007535321859669042,-0.001678324247109154,0.500516224134429,0.15632687232216635
-0.009909963236227943,-0.18101371331701155,-0.14178742196742158,-0.0655157184722771,-0.002403911594786942,-0.006606942706754127,-0.0021004214195791474,-0.00490706341913254,0.0002950504645122221,-0.0019020620897457336,-4.7888644335596434e-05,-0.02484572060443311,-0.0005384893817043942,-0.0010222665695569257,0.500516224134429,0.058209691175977143
-0.011834307351721836,-0.05228385764794973,-0.18149324595159871,-0.05556971436105089,0.005721332765641113,-0.03200808115994081,-0.0015294792562459884,-0.004926595332556534,-0.033376834761182604,-0.0015851764225970272,-8.325151238108597e-06,0.0036475417336672583,-0.0008142186757751765,0.000977124172870168,0.500516224134429,0.13543238673475355
-0.009384365158421563,-0.09250035640854638,-0.13862957585380833,-0.054060885940345194,-0.08376068703217024,-0.04375912285521118,-0.0019142902852192954,-0.003998330473103427,0.0002296420634681516,-0.0020990389097748138,-5.699794620651049e-06,-0.034042276185498516,-0.0004375752956375084,0.0002811278706871997,0.500516224134429,0.03643478987623158
-0.024321846373638784,0.4129581538339117,-0.006090718560489403,0.018020336422145615,0.023008685603088493,0.012395447467206135,-0.0008209710730605277,-0.0013725463696467085,0.0007746722513654364,-0.00034092780655336987,2.133625072423809e-05,0.0019253780203924854,-0.0003454004560879893,0.0006729392532265962,0.500516224134429,0.9370007625970174
-0.007595165125692378,-0.16063461422429468,-0.16446461369768348,-0.03996384684525818,-0.021390834920531107,-0.009234299735415301,-0.002785319248903724,-0.004444557563232024,0.0005202963543784419,-0.0018058508894594162,-3.40193493725489e-05,0.0065119376922280255,-0.0007351575715601197,-0.00011161823863068019,0.500516224134429,0.09434856077100574
-0.0037258218989773806,-0.16271354883660968,-0.12787861325632538,-0.04572360622154044,-0.010682145799790141,-0.02647319690907368,-0.0017789990180866154,-0.0033929679975008833,0.0003581328276657565,-0.002157582384556739,-1.3498317111024807e-05,-0.03186058962753695,-0.0004847044209045338,0.0008859923258719093,0.500516224134429,0.08487507459995623
0.00475557680595416,-0.1730368612299428,-0.14691525270892916,-0.05575610787082052,0.007596646449169274,-0.008214826305091296,-0.0012041527525997239,-0.004422867959029676,0.0004262967755664951,-0.0011826959794960872,-2.121112426718056e-05,-0.029413660898742033,-0.0005362282369572074,-0.0011857160729949105,0.500516224134429,0.09140516302625165
-0.011329610242611015,-0.16125720261862833,-0.12288696543890136,-0.05250883591945707,0.0013417456478484792,-0.017040790378979938,-0.007565455816948464,-0.003998973244320386,0.0005365636918053919,-0.001581724594479268,-1.3068943672686359e-05,0.008442696662248061,-0.00039714427830597374,-0.009088792276593377,0.500516224134429,0.12316866638343678
0.011399746471332697,-0.14809699113212205,-0.08273702711242663,-0.0323374247063657,-0.015649852542772884,-0.007699780080763243,-0.0012559617844138352,-0.002104224190832632,0.0005725942334039085,-0.0014564753038221654,2.4948928921498245e-06,0.00858882097923292,-0.0006029379723811059,-0.01922366654871599,0.500516224134429,0.20991553933667773
0.016790818400165,-0.09831273227323983,-0.1252907432863526,-0.06722517608663146,-0.040854768684255686,0.0024723656325426157,-0.0006492829114067057,-0.0023499480561999177,0.000595445741153138,-0.0013259808509921396,-2.0650878464625357e-05,0.013113929186337206,-0.0006701706835521028,0.0022180612712994797,0.500516224134429,0.19900739065483464
-0.018529435183835815,-0.25189985080569466,-0.12515783889718365,-0.02871211173187788,0.015566653420164618,-0.016197016594376553,-0.0014812404730120943,-0.003053158834026947,0.0004897586587818028,-0.0016429157829794684,-3.177342724751839e-05,-0.015434988515260215,-0.0005295375231261291,0.0007106741622695186,0.500516224134429,0.05461344260702776
-0.006925919606486234,-0.18001089093430994,-0.13696880531178843,-0.0575163430625132,0.0025566819752504853,-0.012982792402632613,-0.0011770420242041067,-0.0038752376645755575,0.0008815596274321866,-0.0012929086177966705,-1.840277839414101e-05,0.008875350171372122,-0.0008873981110851101,0.000427600201189642,0.500516224134429,0.11160167559589146
0.01082378483344928,-0.09548289722216438,-0.1545558785041308,-0.03869195771190547,0.011939515711328364,0.0014613864224734014,-0.0011770879214803643,-0.0029085931340139203,0.0005764574049607951,-0.0014338079762781465,-3.053191091031098e-05,-0.03496733168676273,-0.00046884332985699934,-0.0001318181855994611,0.500516224134429,0.19546862092354175
-0.011250978067738714,-0.24057428775496195,-0.12480126563778159,-0.05300661799621589,0.0028780892958634205,-0.0015674554320110495,-0.0012236007364887771,-0.005267030882626514,0.0005349807767341955,-0.002062423726755717,-3.7872300291881285e-05,0.006261200658143943,-0.0004731393608036328,-2.7788706180258325e-05,0.500516224134429,0.06989803426331748
-0.03231188132130082,-0.24961856137216232,-0.12187013342410075,-0.04720519235387938,0.003329371008372039,0.010328379530388579,-0.0014605650893519662,-0.004232969787338252,0.00021696220226423283,-0.0012349889025448139,-4.0640875543798666e-05,-0.015258740848321083,-0.00048048824402410485,-0.0004952143553189144,0.500516224134429,0.040181560301570496
-0.00897448538104347,-0.1481694948500878,-0.1440062042655627,-0.04041250043180121,-0.00025254008279719357,-0.02427232991099333,-0.000541391826479515,-0.0036280693342299803,-0.02731518612611366,-0.0017978820441394124,-2.4936791987067382e-05,0.005648844226962662,-0.0007419882959113216,0.0008863877002683988,0.500516224134429,0.10691444672051702
-0.00687646904420585,-0.1232025392264153,-0.0601767606817091,-0.018268582533126205,-0.08115677896463795,-0.03826035038211409,-0.0012889229395686174,-0.001401088798804382,0.00022023176081069053,-0.0019397885730231715,-1.969008214729583e-06,-0.044788720420968514,-0.0004754174589429181,0.0017615178073544194,0.500516224134429,0.12466058567086716
0.00961125775727475,-0.1695618908900209,-0.14061810938772779,-0.03599164443017683,-0.014065502856403383,-0.018097616871605365,-0.0019112964318428868,-0.004922629737567752,0.0005639919786940228,-0.001611525577111247,-1.1292075558908663e-05,0.008256041856293214,-0.0007324928628096884,0.0017534751701840942,0.500516224134429,0.13317698977605397
-0.007112918264957212,-0.17054133287135245,-0.11811268586692622,-0.042165761049082144,-0.011307652379588496,-0.03329504622147953,-0.001493602195621904,-0.0034760362393856056,0.00029881931793912216,-0.0021898175941115327,-7.714695828233213e-05,-0.03819656052525225,-0.0004818282724126433,0.0016235098832062785,0.500516224134429,0.0739881648971246
0.0032809936013048872,-0.17976259341088022,-0.12607666670467021,-0.03037106465233651,0.009984756619733606,-0.009692609858170744,-0.0007785602926279527,-0.0022436402608431555,0.000679180357377965,-0.0013370476834125924,-3.0333870583363038e-05,-0.03813899024179468,-0.0005686260786697864,-7.900625149382047e-05,0.500516224134429,0.12538201540736577
0.00416872342207521,-0.1537272318294012,-0.12136549131670273,-0.04680066127783568,-0.005980552170481143,-0.014209580141397418,-0.0051128814649444715,-0.0013765478671000002,0.0005171771512833208,-0.001621438370421386,-2.256592484204096e-05,0.00970621401860763,-0.0005259348513850997,-0.004519193043104333,0.500516224134429,0.15964626046878302
-0.004382900317067628,-0.16350918727757852,-0.0985198225566824,-0.03216360674241585,-0.020743737475211167,-0.008450218568714392,-0.002920061384571096,-0.002471752724396442,0.0005561915900091722,-0.0016904969899765,-2.5254998304502025e-06,0.008467816664180438,-0.0005829149839130975,-0.014104784341479975,0.500516224134429,0.1599982235267846
-0.00298849650750582,-0.262899660883177,-0.10032679900776291,-0.03636664406098081,-0.046165157408170975,-0.005351363375490014,-0.0007877201134767459,-0.0038375897718719108,0.00029491038466074787,-0.002074526895218565,-3.5018938712540244e-05,0.003764037713314706,-0.00042003259688267743,0.0016002763590148475,0.500516224134429,0.04492243903217396
-0.010453407011790084,0.43942875871865333,-0.03617649445167,0.019856252135548057,0.03731247671486615,-0.023301067136412723,-0.00022662109457033595,-0.0007716637909402244,0.0011056760649254594,-0.0007712411577113549,1.7628901829228738e-05,-0.013876570652120656,-0.0002813747146192243,0.0022237785014672666,0.500516224134429,0.914602355161886
0.0054730705797232495,-0.17344366080600804,-0.13459927409304942,-0.05580835546450594,0.00013547358537011875,-0.010471690068457025,-0.0011369401325248452,-0.002498099906824486,0.0009316455500946966,-0.0011166973444771127,-2.442204203676257e-05,0.009351019357723644,-0.0008582882605905936,-0.001117352159756971,0.500516224134429,0.1353326529291134
-0.00170136756675796,-0.26005122669593733,-0.14154348581919687,-0.039661520703701526,0.004059293049360468,0.008525349627166338,-0.003054783060416585,-0.006343180275828163,0.00025604077971465116,-0.001705854194325413,-6.739757530958763e-05,-0.01694955837059171,-0.00044733934866415424,-0.00047009668957180925,0.500516224134429,0.041361097290372364
0.0030442519624029702,-0.26762284770652894,-0.017469120608201084,-0.051169911411395194,0.014472525093337045,0.0069412644524153855,0.00019535267234453214,-0.007316515203145301,0.0004235779407196123,-0.0008592173286657711,-8.465028606550276e-05,0.005329950591559024,-0.0006739394436666779,0.00239793371107596,0.500516224134429,0.18812487857061783
0.015276034945507083,-0.2499643337381719,-0.13541955666370428,-0.04443630867942487,0.0012491973015525152,0.003998192172969008,-0.002015956815728979,-0.006531398059130753,0.00022003396205095833,-0.0016219284292561418,-4.2541329174024374e-05,-0.01873297812032653,-0.00043245890490080195,0.000848445580016265,0.500516224134429,0.06291066735671018
0.005117916196158778,-0.13010453196880026,-0.0862920283445386,-0.038341329020601014,-0.004006741999979322,-0.017395885543968787,-0.00027275939177599323,-0.0017650281200574372,-0.03273364289544775,-0.0014744019029231566,4.052565697633303e-07,0.00864848908131191,-0.0007777300761894945,0.003345571786435284,0.500516224134429,0.20446452719062708
0.011087918420905084,-0.1249228309201809,-0.1240897223458218,-0.03977355475573571,-0.06751703731245859,-0.04509291091042638,-0.0027188234389014486,-0.005446025101339988,0.000166240538203437,-0.0020245960732321695,-2.6635606079825943e-05,-0.05025444689763167,-0.0003426885293831046,-0.0003691819021292626,0.500516224134429,0.049191929300219615
-0.0031622509710787228,-0.2470377030572003,-0.032964229879494523,-0.002844692559324802,-0.020024671324793273,0.008037100146827523,-0.002947151129273665,-0.006505751573101459,0.00010766924473050165,-0.0006752425010599248,-6.758352891612347e-05,-0.0011605658048290206,-0.000557019702913565,0.0034793465623250935,0.500516224134429,0.19419347805633155
0.017644047497222228,-0.1383724626823421,-0.13265593597487108,-0.04918603874906249,-0.015305342664183071,-0.03445299554434049,-0.0035946697030119954,-0.006022384363086707,0.00026179814281374823,-0.002144414160317746,-7.455855011409448e-05,-0.05188202425559421,-0.0003509946554927548,0.00011209286878111062,0.500516224134429,0.08449234134083274
0.011716062577356861,-0.1569433286325777,-0.1557032242180827,-0.0493744627700068,0.008285100417976204,-0.012938398830451853,-0.0021690800205277946,-0.003495723561439217,0.00045645652742335244,-0.0012371919102910002,-4.2955591166230434e-05,-0.043643433911004864,-0.000407237982995844,-0.000201885748469768,0.500516224134429,0.09481692048017455
0.012588495704565402,-0.11026034085290663,-0.14808275181026986,-0.06902965593498464,-0.008722871666242674,-0.008929408816678095,-0.0020591302081371145,-0.002282465379975768,0.0004715908607360903,-0.0023938360415924897,-6.665492965609542e-05,0.011102241277088306,-0.0003352512508132091,-0.014801374787611135,0.500516224134429,0.15771481029795456
-0.004355247509273079,-0.13003748512422914,-0.10987725098989595,-0.03601415514396283,-0.019173582925009106,-0.01718567431994336,-0.0025225490837700085,-0.0018580672666796425,0.0002971179984027519,-0.0024608389956174205,-3.6661656934435974e-05,0.009080771758231071,-0.00031074979967246044,-0.013382633871691828,0.500516224134429,0.1726792172043869
0.03145723011631013,-0.10141558453892147,-0.05450349709134029,0.0064519251857430085,-0.009273694568506852,0.024147347936440328,-0.00018889958211097755,0.0027039010696029825,0.0006315036784847589,-0.0009350118376958721,2.4869340909686858e-05,0.01989872521067011,-0.00030460584056117964,0.0031774737480102914,0.500516224134429,0.42238790696146744
0.08311831650623061,-0.07343136893376281,-0.07813166106089264,-0.010013929155355058,0.03542317081175353,0.017936648062410392,-0.0016996676927135692,-0.001855818321533114,0.001237603612535769,-0.0009377196511917383,-7.4699183198322695e-06,0.022089112379730786,-0.0003241287400336413,0.0034046192795404305,0.500516224134429,0.4973239313128316
0.0055667507145768375,-0.159800311732932,-0.17497058843707558,-0.053218252165349506,-0.005039557316593895,-0.0028769062752525124,-0.003379950242358779,-0.004794310163294972,0.00028868070841233555,-0.001659891142409324,-0.00010040530345982264,-0.033859817434965196,-0.0004417314319453878,0.0006309980089382628,0.500516224134429,0.0668609319207226
0.012385217391573392,-0.17691385807770466,-0.1127306254409217,-0.04044663774120852,-0.000666936082567609,-0.006124826214064654,-0.0018714894499408195,-0.0013224235191289704,0.0006688611338029448,-0.0012025568803629772,-7.504934262845449e-05,0.011895833961495414,-0.00040606352319939084,-0.0003631556110731321,0.500516224134429,0.1833425147385043
0.001723879270834313,-0.16472070031463734,-0.16761468477030383,-0.05341399262091777,-0.006761331694328023,-0.0015056220077223684,-0.0034188677085373476,-0.004286517656224726,0.00022704374753553604,-0.0017615254269557677,-4.7005076582758074e-05,-0.03094660790410969,-0.0004204747379280925,0.00017538512377638922,0.500516224134429,0.06774520235833026
0.043432498120790315,-0.1142474199703245,-0.12124022558810359,-0.04041269315875401,0.00680135977173787,-0.022113325078298572,-0.002007844253706782,-0.004075578359268284,-0.03377313492655008,-0.001475532162721222,-1.654592147939423e-05,0.01272915173956838,-0.00034870824792824996,0.0020644829448108336,0.500516224134429,0.22583270904420577
0.010359687215139355,-0.13981407323606246,-0.09412820659832609,-0.04172924450477586,-0.07140681913458775,-0.05150638184025607,-0.00206772537155899,-0.005323452048691114,0.00024119436631489576,-0.0022480318570164393,-4.7802946587363825e-05,-0.042744705612625354,-0.0004661139346074962,0.0011386687564549046,0.500516224134429,0.06077321738724671
-0.007094429115256945,-0.27127360914581333,-0.14188319090704044,-0.023144592690313267,-0.01368494640270161,0.006688453944868476,-0.0036080544764378253,-0.006574723913617267,0.0002837985371781781,-0.0016181489275976547,-3.3430047039191475e-05,0.0029799747367342693,-0.0003931775517776368,0.001112140769473798,0.500516224134429,0.04227228894509152
-0.011418352878020416,-0.24513788011238277,-0.12590027763104972,-0.02672237473101106,-0.012258448542531284,-0.03144598667298733,-0.0017751855216728489,-0.003258931925283901,0.00016393250789871372,-0.002455962767193293,-0.00010372811717776148,-0.015335425844396403,-0.0004034920604873352,0.0008274444789759165,0.500516224134429,0.025291554317112476
0.003948751438263287,-0.26621376266708,-0.13196947267255169,-0.036425831555580386,0.012666005034917379,-0.001127335781953846,-0.001149533284538683,-0.004561815098463991,0.0003572225491515214,-0.0013826702167389392,-3.860218429212859e-05,-0.017876644584033652,-0.0004366055744882059,8.70545852694542e-05,0.500516224134429,0.05639298412231314
0.006226829491990655,0.42507568396879547,-0.026988593698812,-0.01819061753832105,0.010608263740472414,0.010935547389382334,-0.0005022228957261622,6.055071391015627e-05,0.0005326897222223922,-0.0003728550832676323,4.504822571712526e-05,0.003685893880995235,-0.00019352909756513816,-0.017453234108022804,0.500516224134429,0.8939856788462053
-0.009391582420293367,-0.25453776212986906,-0.13228980892056677,-0.021866293986251173,-0.017352167905292155,0.013574445009855898,-0.003801456877165919,-0.004078022183206943,0.0002876249504640566,-0.0014938195174725554,-5.366587165084792e-05,0.003638781147499269,-0.00034054452513089187,-0.013908649367005492,0.500516224134429,0.05890330153834699
-0.0009763638999549742,-0.19837697697095627,-0.158351257328081,-0.041548739022662554,0.004021925024852076,0.0007431846579209757,-0.0025505611459658286,-0.004016048968663749,0.00027219702475592134,-0.0016804033712650257,-9.532611047590626e-05,-0.028343537252009908,-0.0004972005910733323,0.0006393628135525596,0.500516224134429,0.06975647899440526
-0.0018101552558271161,-0.23986673811104048,-0.13181796379180005,-0.05161752758530423,0.0009898216501953636,-0.00025998004019595793,-0.0023606757866232206,-0.004815554743718129,0.0005319780027773362,-0.0014286137389568406,-3.399810895719964e-05,0.005620337812330857,-0.00042395149705813656,-0.00034685951936620096,0.500516224134429,0.07287634342088835
-0.0004285298056694398,-0.25388658418585847,-0.13184505278313208,-0.03348184409975414,0.005578909323108752,0.0035182464960123883,-0.0012886237501574386,-0.004706616409185506,0.00032477725575791555,-0.001639100953153661,-2.8970190217154133e-05,-0.015023862035610102,-0.00041472270158609317,0.0013461123756818834,0.500516224134429,0.06854036267066928
-0.004858656708980127,-0.2538529438298991,-0.13271529106857263,-0.026699003744222113,0.009879130531376956,-0.022571211147765797,-0.0007130360631765041,-0.002950165448774004,-0.022116637719336793,-0.0017148313836837922,-4.021439815181271e-05,0.0028310093038948474,-0.0004289342525141942,0.0005073485744362362,0.500516224134429,0.04507278677906368
-0.012321595921737384,-0.2143833468161383,-0.09640308812271314,-0.0300007448198949,-0.06962448342612747,-0.04272894325946372,-0.0017571947688256738,-0.005492857002469306,7.544114346377063e-05,-0.0023850176382143313,-4.398663477790868e-05,-0.015905521740300098,-0.00039897668960941503,-5.137971574333261e-05,0.500516224134429,0.009094528721881245
-0.005785842739638237,-0.26501536202184417,-0.14752539318781407,-0.024794911042553033,-0.014923989949313111,0.007211408865633339,-0.002964267961849338,-0.007410177794427683,0.00024873084705381187,-0.0017885210735565436,-8.22266563913466e-05,0.002973965374791115,-0.00039608263017928643,0.0012331713370475849,0.500516224134429,0.041496725501390504
-0.008799090848672994,-0.25905961681295825,-0.111968849630886,-0.02647017930869434,-0.012448806872781134,-0.03130172428493822,-0.001221437023395607,-0.0025267773099349367,0.0001294767538402499,-0.0022158646033312297,-8.946683005805322e-05,-0.01609928194945508,-0.0004037997265943192,0.0011722078071669765,0.500516224134429,0.029213013493738983
0.0008065798359161077,-0.24762709267225652,-0.1582479918020574,-0.019255302366661578,0.009284586358266343,-0.0054687149243638,-0.0007014396541041355,-0.0038442096453481156,0.0003966220736141703,-0.0012193830944001957,-5.4796069541755514e-05,-0.01754875837510142,-0.00041899810355517866,0.00015773758791707011,0.500516224134429,0.056775063282755216
-0.014089049368657796,0.3508777651867518,0.03343739879682819,-0.0025841984984071222,-0.015336533878699501,0.023973458589980307,-0.0019425685004413268,-0.0025840371899511047,0.0004900170914970694,-0.0005659787854235387,-1.1744266072718882e-05,0.0014533365764138122,-0.00025704867991876957,-0.027352526814053403,0.500516224134429,0.8460245143942798
-0.00427367893634506,-0.2657645498221638,-0.1603501530163365,-0.022750822385300826,0.004271776534773001,0.009628661323214511,-0.0033457394807467917,-0.0058834323518536895,0.00013453878173756267,-0.0017044884737290552,-0.00010328477467495883,-0.017201318330815386,-0.0004659583112267905,0.000293463211140108,0.500516224134429,0.033001238102104126
5.036349273069179e-05,-0.25649979681220125,-0.1307696232592339,-0.04321778981852241,0.002845156694024189,0.00022632761952892858,-0.0025024014592757923,-0.004305228594310217,0.0005048209117777105,-0.0013406812222841963,-7.818775224724129e-05,0.005691788093812622,-0.00041820455793684146,-0.0009769193568877862,0.500516224134429,0.06972584811340782
0.0043271891779458,-0.24193425427574244,-0.1428309606540565,-0.036310669976398965,0.004048582927213728,0.006399009781048722,-0.0027361081787937447,-0.004673931865295695,0.0003229670692110081,-0.0015431473740491763,-3.444667291137688e-05,-0.013561537881389807,-0.0003946740493938038,0.00114228144939811,0.500516224134429,0.07273652361121763
-0.0040198823353399275,-0.2477419192223207,-0.14572361900857653,-0.029909760173737455,0.010029768549811142,-0.022680036405318297,-0.0010116346024003895,-0.003930254738482779,-0.018213373339381923,-0.0017463737891496324,-4.738281002966012e-05,0.0032540625538262187,-0.0004233770612506572,0.0010315019661757765,0.500516224134429,0.039383943718257826
0.002799766255600823,-0.197480246803759,-0.11337722007640332,-0.03534404745990785,-0.06260617940403732,-0.03804487616572642,-0.0015347929562278032,-0.005267221432525945,0.0001527401098297253,-0.0021350476274651403,-3.668046825731116e-05,-0.02296050452823143,-0.0003273915234397967,-2.2654832262941903e-05,0.500516224134429,0.0243318672216194
-0.006401964671754416,-0.21616252611603395,-0.17002320963917408,-0.04371424761568641,-0.013005292916894588,-0.0031979314169917,-0.0031793538909748635,-0.00692100018094212,0.00031540567510517244,-0.0016932461008758544,-0.00012700255372826187,0.0029219505150062225,-0.00034970043825669503,0.001011104182068995,0.500516224134429,0.03998920896529963
0.011607651340353086,-0.19443788410696408,-0.15491698926562997,-0.04405641041045778,-0.015688321706459056,-0.026116230775864623,-0.0029309594341580428,-0.005964839179240047,0.00020628380927842916,-0.002028972575378054,-9.721188744615193e-05,-0.024902490065735895,-0.00033657763033349245,0.0003033872974354469,0.500516224134429,0.04115665954383219
9.781483383051072e-05,0.4440649270183022,-0.07448051905125176,-0.0016405995374171637,0.027261619688609507,0.00961210239986782,0.0004351619514028102,-0.00017493001156604037,0.0006750205244620147,-0.00048506262685719275,1.9563125812966564e-05,-0.013115984741451175,-0.00018076335145445705,0.0015629259710678326,0.500516224134429,0.894167500327791
0.013525797273458534,-0.22032958292785584,-0.15667332804638526,-0.0601072912554697,-0.001379086547034719,0.00023719452456428871,-0.004747707637456538,-0.006220554600312486,0.00022193074619357902,-0.0016307762351035933,-9.593957029250601e-05,-0.021910983817785067,-0.0004216169056659045,0.0003858209807273884,0.500516224134429,0.04137010011601349
0.0026635491666556583,-0.2273029019782817,-0.15281527711886486,-0.045533344223759514,-0.0016378013028164663,-0.0038914432203726525,-0.0019365540533232855,-0.005216151701164763,0.0005057446391516866,-0.0012240624218619479,-8.905063296670627e-05,0.00603990230900876,-0.00039317110998173915,-0.0006873880246934347,0.500516224134429,0.06899827446116151
0.024785534152717205,0.28557798453893707,-0.08668929957894364,-0.024070978657019865,0.0126958569827585,0.014367144924985774,-0.00010382629070103083,-0.0030349831246504265,0.0006346006408687524,-0.0003514265561389447,1.0923549358833106e-05,-0.02071354541671488,-0.0002378411731510508,0.0014877041466150023,0.500516224134429,0.704874072273354
0.025680005496932782,-0.21502545150499094,-0.12668869888472034,-0.04244220438141762,0.005706610900999439,-0.014145992603864614,-0.002018698231753803,-0.006425314528602372,-0.02520170673792097,-0.0013702070057557015,3.84359384131747e-06,0.0072786254251536635,-0.00037237562361331413,0.0008956403381033535,0.500516224134429,0.10639030038682332
0.005570691407367748,-0.18316167060923974,0.08476465864225993,-0.0013409965456174277,-0.14199000556322966,-0.0770372827297833,-0.001154151216067027,-0.0016210992606997575,-0.0002249661305553091,-0.0007422520040785542,-4.2463608772491784e-05,-0.022411460309729393,-0.00045694935401581715,-4.958444614796102e-06,0.500516224134429,0.16066331840765696
-0.00823588828635006,-0.1910860547022042,0.05816234136918687,-0.0027654905502218267,-0.02690245538516304,0.001229946588430597,-0.004718760293727531,-0.004857407226158313,0.00017259123277616885,-0.000244223677129813,-5.283186972510962e-05,-0.00011183746372624151,-0.0008291836665883796,0.003568790957986602,0.500516224134429,0.32384576116181873
0.019968946357766592,-0.17553869170226505,0.12208009550609367,0.012807328885645022,-0.00887608880066362,-0.05034068487203352,-0.0016806128853081087,-0.0007099098809778745,-2.6572071587359866e-05,-0.0005019753884744134,-8.105966487200811e-05,-0.018660640152553577,-0.0004608102168623577,0.0027185266852843893,0.500516224134429,0.4012140759336246
0.019441615950438938,-0.05621030556015901,0.14211054190143946,0.019875032796474366,0.01568774578394536,-0.016512573150407935,0.00022522882625154546,-0.006161626456359549,0.0006502517388801986,0.0002169262319998152,-0.00011117226355564283,-0.003991506303044168,-0.00042780586769049244,0.004364276639846673,0.500516224134429,0.619672854402492
-0.0019212205683671391,-0.2296043927003743,0.15312436451900074,0.004195333899371406,0.027953784233711754,0.013566548791999714,-0.0020885284095870527,-0.007899611862056725,0.0008485572260971177,-0.0003325830741197955,-6.155271154150343e-05,0.007053526209152256,-0.000696592719604348,0.0038005486476729512,0.500516224134429,0.4684544056157866
0.01315840537284758,-0.15768208603345796,0.16462937828378438,0.03140883087629927,0.02893094452643515,0.008027818253140926,-0.0005734717942387188,-0.005729724452502694,-0.02067058015423893,-0.00018476070134355326,-7.425684920067011e-05,0.004055844538793636,-0.0005308276204694777,0.00364675967973245,0.500516224134429,0.5689284980600143
0.03944087167566709,0.07124759391586409,0.10790083623914201,0.008501594124312168,-0.10406051088464138,-0.08336901777316506,0.0015713873595063817,0.002673268389199769,4.252379894855853e-05,-0.00012678884117937138,4.685441898557503e-06,-0.015570253998509512,-0.0003133390069790195,0.00321588448194512,0.500516224134429,0.5316749590564429
0.06046152076953558,0.06572346779620072,0.14253840649273836,0.020274754175441285,-0.000802402995161826,-0.03055863300448126,0.0011714201351103772,0.0009788738121392828,0.00024172822838248868,0.000170791889141667,-2.5007431840264387e-05,-0.00933663371547822,-0.00031165091563893627,0.0052100410516162515,0.500516224134429,0.7562529004221383
0.04143189172999551,-0.011542971709066995,0.1564111503328818,0.025610273929033135,0.021232538103025066,-0.01864376343640273,0.0004219787593542178,-0.004111734190485538,0.0007712564076005001,0.00048032780663159513,-0.00010153902463199224,0.006337434637148954,-0.00037248892442786355,0.005487216992142074,0.500516224134429,0.7239277955472302
0.0393885503746783,0.01053238612275089,0.15900678104918156,0.027738637955848314,0.011418595574529303,0.012379245726475828,0.001429418262755158,-0.002216521197651761,-0.02459265813125422,0.00024232382293560322,-1.744395656627028e-05,0.0018623875867886865,-0.00040836522681906483,0.0062002960717312825,0.500516224134429,0.7434798581698157
-0.04399728612160913,-0.061688288676155244,-0.15946127711080038,-0.09291691780382509,0.006845462717754593,-0.002306225501095861,-0.00384966799985129,0.010090684787962658,-5.19812963693048e-05,-0.0008529362915898108,-2.8309506430825308e-05,0.003540825479143031,-0.0006379172781577011,-0.002536835648341802,0.500516224134429,0.15266555388506642
-0.01709150863110886,-0.25302044438603477,-0.12104239565935809,-0.06781213494620006,0.0038954945386414225,-0.006271860224196116,-0.0010259339811992004,-0.0061275809208229046,0.0004631190544073581,-0.0011954747207239187,-3.679784095908886e-05,0.004961823360857047,-0.0005443514121429306,-0.0014030219598574196,0.500516224134429,0.03426515640573417
-0.0557003454087887,0.12378573687957606,-0.23308155630329103,-0.1444692519989081,-0.004866820358787227,-0.015059421488973648,-0.005410244248010327,-0.009194073103389657,0.00013384869994172334,-0.0011244080995068165,-1.810707364140403e-05,-0.029080909018376705,-0.000375588329711216,-0.0009605859418403683,0.500516224134429,0.1250944983407227
-0.03344655336444426,0.15784998170809922,-0.15970958243659975,-0.16067441586995287,-0.0021733276366851565,-0.012087349094700207,-0.003275257321274428,-0.008897835055963239,0.000520173665774921,-0.0013164170608550177,-2.1983231269183423e-05,0.0030389592236670154,-0.00037893098101157095,-0.0022023536428522985,0.500516224134429,0.27774133303636556
-0.049681676619756435,-0.01362431475199329,-0.1612660329907466,-0.08587248715943252,-0.055215857423071814,-0.009041007616543952,-0.003702569419510668,-0.003740714522369567,0.00021587250676103134,-0.0015309193670671308,-1.460325964333054e-05,-0.027734590558643656,-0.00043353599356644063,-0.0013815093545558354,0.500516224134429,0.08749227760429192
-0.024560495598665417,-0.21741408134135606,-0.11462269339260936,-0.05941222904614381,-0.037960869613792844,0.005459348085904969,0.0007077703068190378,-0.005988986813857416,0.00016508206052978376,-0.0015379681664413228,-5.609744473392108e-05,-0.013814760500261099,-0.00048018748472749445,-0.0008029562615010546,0.500516224134429,0.03019709892359641
-0.028740374954137355,-0.1760113136248484,-0.12187204731683463,-0.020570691087672937,-0.015164392929558375,-0.015359933391970965,-0.0012756775219863715,-0.0030134965472057382,0.0005582248682001,-0.0011276077986169656,-3.829219940469902e-05,0.0070881952143646,-0.0008282742165307058,0.0004157744824137838,0.500516224134429,0.12457631711064492
-0.06155695773959609,-0.14478249273345103,-0.12568437186645223,-0.06821353392371722,-0.0005900759288354098,-0.005811804094023117,-0.0007110760029993857,-0.003587356220970124,0.000502125557647896,-0.001128891781600425,-4.878845996320752e-06,0.008193863369187556,-0.0007205082307511074,-0.013384351892434511,0.500516224134429,0.08303591380044054
-0.06067374658080285,-0.015374673634927897,-0.1504289580690755,-0.09431790100657318,-0.05810267582284631,0.0065691105726762835,0.002771003039640545,-0.00495276302056912,0.0001517480887041618,-0.001787710722772367,-3.290578198482083e-05,-0.024467124463810247,-0.00041685939393344224,-0.0010130551014759653,0.500516224134429,0.09843971223668106
-0.006509127693604037,0.3778296118610581,0.060840966467259526,0.007956929107195006,0.019973419049545058,0.016156239542328827,0.0012503553470609421,-0.0031422154527584404,-0.024769763335948672,-0.00020550594822404077,1.2878521732348851e-05,0.0025385583787419256,-0.0002457641123581114,0.0002064577007300188,0.500516224134429,0.9524092635671895
-0.013455182555018055,-0.18637247673694218,-0.11890697517372573,-0.09874005667463664,0.0016577721049432824,-0.006525008433545968,-0.0012104106737504071,-0.00757434467591459,0.0005025574949368899,-0.0019084774677551348,-3.9771491184660615e-05,-0.02410478401177731,-0.0006695373258269437,-0.002431744820079466,0.500516224134429,0.040737783694154955
-0.04530668894441446,0.15954666891004982,-0.18046281926054603,-0.07580798605132058,-0.002281890796843346,-0.010811126559767138,-0.005361653638734451,-0.008815740730441427,-7.892265555493888e-05,-0.0007642980193113561,-9.502431086406887e-06,-0.00015040100994108332,-0.0003525498199141843,-0.0023340494225672147,0.500516224134429,0.32752526370403956
-0.02844823206368012,-0.2589656179150139,-0.09279093200448413,-0.0634645350346686,-0.0003577713178307468,-0.008025718348898907,-0.0019734875909726973,-0.003816106230963075,0.0005624307447885688,0.016204365119752345,-2.3667959864995513e-05,0.004224183697169719,-0.0005554970708493607,-0.0004875323795057079,0.500516224134429,0.06259810577941023
-0.03637717747600548,0.16575286623710986,-0.14264056938587028,-0.09317180020825835,-0.14260781216414842,-0.03729043251604644,-0.005114253661896091,-0.007891855708863079,-0.0001727743488038998,-0.0015825794677122194,-1.3962031347398977e-06,0.0048837755941640955,-0.00030568052989045634,-0.0005471951728025302,0.500516224134429,0.2034493391222737
-0.021301407206079426,-0.25658610620981176,-0.1290460323813514,-0.05597052337790998,0.0004271526594287406,0.0011199296261440819,-0.0019314009609999745,0.010606702617913067,0.0002738936457237715,-0.000872009431966203,-4.768403541204169e-05,0.0026803301643192395,-0.0005155286099153365,-0.0016150820803464392,0.500516224134429,0.047738458554168986
-0.04635565317901367,0.23643188005402815,-0.27266054734033557,-0.16920661892941566,0.01518464159024236,-0.009933185858858022,-0.004117755005891365,-0.005270707171805335,0.00012423823292836717,-0.0017362307083095582,-1.3272730936567363e-05,0.00177164946692039,-0.0002808336240147011,1.6528896371087634e-05,0.500516224134429,0.24447035782634075
-0.06312130268613919,0.13942143373761,-0.2867668172707831,-0.1688782353187305,-0.004685971888445956,-0.017474325267939197,-0.0046731566064529126,-0.006766300520841547,-0.0001654454334710309,-0.0021583133340376147,-3.295949917165012e-05,-0.026227082622831736,-0.0003542523435853807,0.00019167420612906908,0.500516224134429,0.058825169285740164
-0.025003587000482524,-0.17339305405559183,-0.12466649684991728,-0.09340327956216699,-0.0011903414016733189,-0.015418904489121235,-0.00067809497613899,-0.005575343173043004,0.0007015353425246926,-0.0017266574357382635,-3.0177091393899253e-05,0.005847268034042765,-0.0008337747945375684,-0.0024739879309326187,0.500516224134429,0.0626713287502625
-0.05585905012082069,0.16839227942050053,-0.20363442653563135,-0.08006094943484764,-0.04953911428613884,-0.010269470094947705,-0.005589443857181272,-0.008132093261090665,0.00019768216143487626,-0.00122824058741905,-3.520711807394619e-06,-0.02658053723135666,-0.00034494288610133504,-0.0006878851852215031,0.500516224134429,0.22717651152380253
-0.019631344841702918,-0.20840114906334398,-0.12016245961948802,-0.0738581435213141,-0.03951402093526949,0.003507960136549694,0.00083700592212426,-0.006005692995773504,0.0001909659267553691,-0.002067350282582617,-5.214946617793338e-05,-0.01377231569236569,-0.0004776179309647216,-0.0010413539806894314,0.500516224134429,0.02006855779018901
0.012034578600881776,0.422630331813268,-0.020625227410736705,0.025411348930614936,-0.0025149789409045506,0.008111661235634208,-0.0001552870610855973,0.00010403301743543146,0.0007721591488863564,-0.0003518269016579229,3.133880624964555e-05,0.001643128642313263,-0.00022031125927931603,0.0020961818485023035,0.500516224134429,0.9494833546045564
-0.04029135395361595,-0.1057434996184096,-0.1554115678172804,-0.09793112145708838,0.0016343587574851916,-0.007195728373633931,-0.0005515716421436904,-0.004321556674850478,0.0005267466035758158,-0.0019318307319507557,-1.4047199145695578e-05,0.00862540030179416,-0.0006696644834173053,-0.014660685585263938,0.500516224134429,0.08258010226048801
-0.056241205788492434,-0.052293305947463786,-0.1797428766783573,-0.1070046955401703,-0.04631920001061862,0.002083031542546155,0.0012448140301407795,-0.0044561860664660505,0.0001634545638517716,-0.0026093062281418574,-4.185600826160091e-05,-0.017983854173814998,-0.0005108821719761467,-0.0001852241611987913,0.500516224134429,0.036618931496009276
-0.012170638076163283,-0.22037796961955106,-0.12041956733136902,-0.08470773812700894,0.0036091654729818977,-0.005792702418487133,-0.0013167410940756862,-0.006606983692337121,0.00039847451497831765,-0.0017854507553897708,-5.059036115761231e-05,-0.015079570819132923,-0.0005197629265516906,-0.0019167224842450235,0.500516224134429,0.033779426416922984
-0.04036291818761704,0.17730609314936846,-0.28439615320540035,-0.10315229638173264,-0.008459442112375839,-0.011151795732164618,-0.006229718134190154,-0.00780556053526159,-0.00029372421301172456,-0.0013260961896133993,-1.7309773049733788e-05,-0.0016523589791745553,-0.0003636594964489448,-0.0006337492121423042,0.500516224134429,0.21197753513161732
-0.05207039894954448,-0.14199953411365412,-0.13608242618057073,-0.07732407789168808,-0.012010292025300922,-0.007229154913341605,-0.0033661327270197187,-0.003719304931612427,0.0005207703339759251,0.029629302007833192,-2.5010934408262783e-05,0.0066195128617959,-0.0009726242550930225,0.000594943700181997,0.500516224134429,0.1030817961159865
-0.038525235121205544,0.16579712311287953,-0.21903137274928733,-0.14523387222230785,-0.11142151691386887,-0.030646920719356836,-0.004500786752339561,-0.005901606465017478,3.402372622030195e-05,-0.00258807378765806,-1.4504662712198334e-05,0.0038647638728361504,-0.00031880487627956075,0.0008165094635786169,0.500516224134429,0.11284595003991296
-0.04344765337539427,-0.2623969953055949,-0.11197517789565807,-0.019548079168063105,0.008849014926179299,0.021527445823607317,-0.0017034718340593862,0.005937604490967688,0.00026717076225846355,-0.0018956229365884106,-4.088776058818419e-05,0.0031168445793464225,-0.0005564375692175831,0.0010671643469553605,0.500516224134429,0.09971714321858367
-0.031634900644654046,-0.24445373878656756,-0.12327814451221908,-0.05742403393467388,0.004648538546768697,-0.0049163567701091876,-0.0009784304083360125,-0.005260412684003008,0.0004257726325199961,-0.0013432694059685862,-3.122740182687878e-05,0.005844223315053816,-0.0004964073781467066,-0.0004379050493035528,0.500516224134429,0.04117993165296587
0.00638477832288815,-0.17125859523728215,-0.08445480986896854,-0.07252329089180767,-0.0004651245062816197,-0.015072042480952579,-0.002242078498662568,-0.002598480594722278,0.0005295214501451703,-0.0014312090310647297,-2.3178522810262736e-06,-0.04463804413996035,-0.0005035604079850078,-0.0007309259085316498,0.500516224134429,0.11151004448896482
-0.034514990064445854,-0.15976810926364685,-0.10814626232965878,-0.06884513651316229,-0.006618404017652446,-0.01377542969694147,-0.0001906728490254537,-0.0033790424414888204,0.000730101635935299,-0.0012013425640552305,-1.2393581417158831e-05,0.00697413995067617,-0.0007596519573801653,-0.0005506001297898562,0.500516224134429,0.1104584303123797
0.008472941305334374,-0.1681613086040946,-0.12252732543500297,-0.05517917489908353,-0.03332730977429553,-0.014163269688173868,-0.002653268967853683,-0.0030044143709173714,0.00039196938541561326,-0.0015523759506808588,-2.1343045893785803e-05,-0.03644339225773341,-0.0003999502287758732,-0.001667038618144379,0.500516224134429,0.07028096298453304
-0.037458970571833325,-0.2356910457921551,-0.11023901827561194,-0.05417241505909392,-0.03573255841679308,0.014069009641458319,0.002148671289516817,-0.006719518187969532,0.00011260189492928672,-0.0016412221506942395,-4.113407045110338e-05,-0.015003730526637123,-0.00041163519826584546,-0.0002122889626153036,0.500516224134429,0.01952296974821663
0.0014024929630876747,-0.16194271520548842,-0.11342777429833834,-0.06290676001713114,-0.011575137790024755,-0.0075214880374521965,-0.0019493442295727764,-0.0020758504495924186,0.0006504574662346878,-0.0012236579283977167,-1.4912727740106989e-05,0.010629474682086493,-0.0006181486153257707,-0.01753299815129549,0.500516224134429,0.13240986179548253
-0.010877357694463139,-0.1809356874986059,-0.12642219878436314,-0.04924343592886567,-0.03212148877848234,-0.003379112948368472,0.003507521339058361,-0.004806151954870286,0.00025984910873464904,-0.0026519737248181015,-4.534582474803988e-05,-0.02838646398247946,-0.0004300548556138499,0.00015398701483914845,0.500516224134429,0.0651383096213867
-0.03302188464074612,-0.23013868042399027,-0.11498564694508058,-0.07648362225957402,0.0022174143943977094,-0.004124614764597555,0.0015562109564133076,-0.003941767083748,0.0003086784212593871,-0.001957067635033073,-2.902766221736442e-05,-0.01645117418473655,-0.0005022191930364408,-0.0010366569445538593,0.500516224134429,0.021926166169188452
-0.006786977176957192,-0.1843256415921784,-0.11746841365343064,-0.053964831629603645,-0.012385258171013864,-0.016339239312350932,-0.0007798378309873756,-0.005657030827778972,0.0006960961431621519,-0.0014596635371224196,-3.2205753396596324e-05,0.005404317205654899,-0.0009021397083727737,0.0011489977077318138,0.500516224134429,0.10766439599778835
-0.0542864970885875,0.4293274823710136,-0.014081964340596328,-0.03305564960705048,0.02310084732242427,0.0014668226346429608,-0.0013892671404587683,-1.8838681423301013e-05,0.00030510461223859223,-0.004096891983580923,1.2777672953990343e-05,0.002624893707479125,-0.0005089333817442522,0.0022798029994043276,0.500516224134429,0.8521959132311484
-0.003313213793230278,-0.12291245428746592,-0.08062332386576734,-0.039760961758098075,-0.07746463644261366,-0.027031483758696153,-0.0014408490877512547,-0.0038871740907047126,0.0004213129661874798,-0.0023617468942079244,6.248669426494315e-06,0.010365322250747603,-0.000405068981243504,0.00015297834982300217,0.500516224134429,0.15226117341083795
-0.04235077342578869,0.4508462630333543,-0.042939054645961046,-0.02002505560056125,0.01674782288806228,0.008224643202581075,-0.0011317409923485694,-0.003571701770583669,0.0006337127828946374,-0.0005266827361605067,2.0253310468964513e-05,0.004174934899909612,-0.00021566787942851087,0.0009064395238885103,0.500516224134429,0.87130961672476
-0.05190265697948726,-0.17052331791367248,-0.1554332352057065,-0.0671124754775168,-0.0018646077932692117,-0.009942900086328183,-0.0010026462369978819,-0.0054891033684417835,0.0003504469661594075,-0.0012212137863190826,-4.16466944149751e-05,0.0035792292273599683,-0.0004819597937979507,-0.00045957918045164587,0.500516224134429,0.03897055781154787
-0.023923221370295396,0.13408950489673185,-0.288333386583934,-0.17062017424105425,-0.0008720186183851185,-0.01648493510464348,-0.0047967443384148096,-0.006728634816647637,0.00019993100948001395,-0.0021241169950729105,-3.0646347696132103e-05,-0.023313119210296017,-0.0003467557454427702,-0.0007179436540606051,0.500516224134429,0.09651396301469935
-0.03466222354497102,-0.2140170765883741,-0.1305363730932226,-0.07262275088649624,0.005193689381125651,-0.011168007066576408,-0.0007190768489947938,-0.0060524153170910455,0.0004900661957570609,-0.0018067407649668024,-4.306540573817944e-05,0.0036005784032624747,-0.0005354296287871876,-0.0017412666341467694,0.500516224134429,0.03589613233521289
-0.04386015324494914,0.14617051052391175,-0.2788568945863572,-0.16850153815041752,-0.04831854978925301,-0.01606304253814454,-0.0046434473530976164,-0.005149660457141449,-0.0001845812575605829,-0.0026579190907510945,-2.2641741384074092e-05,-0.021247431289524353,-0.0003228209459487733,1.912361716395239e-05,0.500516224134429,0.05687717783097751
-0.06391237649125747,-0.12783524280912215,-0.14811206430742102,-0.08296901815744578,-0.03433515428158899,0.004063701927969947,0.003803857996642998,-0.006408557767492264,0.00014283914310659357,-0.0026394805165304304,-4.163367419993173e-05,-0.022288010533868925,-0.00046818281541950165,0.00012680679577050402,0.500516224134429,0.01964370864357517
-0.03793033469721604,-0.10560885928441756,-0.158098114350887,-0.09645975076232505,0.0012523542305566593,-0.0052014297354781745,-0.00043451725187519674,-0.0037382499707878,0.0005355985034287983,-0.001939973659359794,-1.3629608810451892e-05,0.009120392903090644,-0.000604081325432082,-0.018935670598934945,0.500516224134429,0.08245995852598514
-0.049775907449021654,-0.0804212007074536,-0.1781151871531143,-0.10744474167113932,-0.045941196489674034,0.002882675859854826,0.0017808042387833906,-0.004144965649996572,0.0001546919157246602,-0.002781219281886531,-4.16302168158245e-05,-0.024054484098724235,-0.000505767382008375,-0.0003538246160405533,0.500516224134429,0.011754271432920002
-0.04284731568921478,-0.2102709917341265,-0.1255521432076778,-0.0788552062303302,0.003054661688617174,-0.005573636457821378,-0.0017260396680360526,-0.006181217471795637,0.00020366702139098847,-0.0019880145777583734,-4.746481289640903e-05,-0.01563585337542566,-0.00048260523147326654,-0.0010336669340264256,0.500516224134429,0.013580397453857996
-0.0618390367279994,0.19457618142195376,-0.2173396942760725,-0.08825531919115229,-0.008654228674317806,-0.00899932662419839,-0.005841871485184602,-0.009460134177838317,0.000339290039198132,-0.001100118589925397,3.7054773136537672e-06,0.0021219910230844577,-0.00033602833161407386,0.0002422165944205212,0.500516224134429,0.29597385061209924
-0.013745796170354149,0.13453024506341088,-0.17268447432069317,-0.09473765646350409,-0.12460036243253252,-0.0332564432178567,-0.005233681694632568,-0.008116388995986127,3.874138409998087e-06,-0.002216991693109151,1.341961333646747e-05,0.007762347229629125,-0.00022973161732797845,0.00015479939243890874,0.500516224134429,0.18815938296566043
-0.050099659216526336,-0.22997571210063042,-0.12590139638609052,-0.05709777027571137,0.0033330675925700394,-0.006788716245254663,-0.0006802843954915726,-0.005666587231453431,0.00040976103681884715,-0.0013780267204162326,-4.0177426785367665e-05,0.004872072536079468,-0.0004704364260887319,-0.0008436306581512925,0.500516224134429,0.03018872821730072
-0.02819381422000084,-0.25181042871418524,-0.10772856335328232,-0.05213845631682712,0.0013141921405816802,-0.005721773423741078,-0.0015121840882495465,-0.00460593001771001,0.00026525931870843774,-0.001169621619412732,-4.458756072975177e-05,-0.02008599456246859,-0.0004863161899732208,-0.0013846687844567172,0.500516224134429,0.0272133367426849
-0.04180714923538884,-0.15004968044834463,-0.12885348700678867,-0.09522956697430884,-0.0029661431815823707,-0.014894285982166753,-0.00020991787418152762,-0.005039903092388192,0.0007242750949318689,-0.0019412224978025679,-2.6295542470862404e-05,0.005784580920851196,-0.000791153704782989,-0.0006872193903521308,0.500516224134429,0.064529055219658
-0.0047012034174437585,-0.222951250359554,-0.1238893531004322,-0.04122460189619896,-0.03425562741632398,-0.010679011780787189,-0.0023737962477421155,-0.005556410255507943,0.0002288782495772988,-0.001940729787483488,-4.528391350089818e-05,-0.021997750493272183,-0.0003723462697276865,0.0002815430401536167,0.500516224134429,0.031039280486189938
-0.04994533823776427,-0.22123483390537094,-0.10221679756020359,-0.05381674888584869,-0.03850709477969535,0.00998541613375078,-0.00045893213889261757,-0.005287356771496836,0.00013297914307310203,-0.0012950747354673537,-7.746490140601594e-05,-0.010629253784101459,-0.00043801294471865286,-0.00014795921634724575,0.500516224134429,0.02657975154994373
-0.015884187021816307,-0.1654575876895102,-0.1159846529161113,-0.06723734833986703,-0.006996242007706894,-0.007201292919661857,-0.0007726176769723731,-0.003336262093845431,0.0006061891856130681,-0.0015196953541533524,-2.0186994084283118e-05,0.00916135565269886,-0.0006753047938531005,-0.01879500145376836,0.500516224134429,0.10640338971139374
-0.04065295543231069,-0.17274436990260042,-0.11939225582515245,-0.07460203633570124,-0.03983865351433266,-0.0006695663424534958,-0.0001989317607503935,-0.005013168536261317,0.00019432247570114335,-0.002044149073045843,-3.718935878529656e-05,-0.02674318438065346,-0.0005337382383612053,-0.00026261578695978884,0.500516224134429,0.017977732122765735
-0.029452404381339305,-0.21519909402267864,-0.12437344681463028,-0.08178716705904995,0.0014846832083878626,-0.004139294588089002,0.0008755727397980759,-0.006339228012850282,0.0003277330279238416,-0.0020259297114363505,-3.7923913584581855e-05,-0.018167452673649477,-0.0005083987908817329,-0.0005560576992818839,0.500516224134429,0.020617815443070318
-0.035829697436265226,0.4065072636636824,0.03816407105773869,0.00032326016050411317,0.026319846037583215,0.018775086109194095,0.001392758741089094,-0.002081772858049267,0.0005631222835212295,-0.00022162519258266182,1.0430508935215587e-05,0.002583509234609414,-0.00030177822919865457,0.0025215721528045664,0.500516224134429,0.9592422703679983
0.0020111842299822408,-0.1194315794575378,-0.08775692488562593,-0.03030121235574497,-0.06693633149546138,-0.015607012449355353,-0.0009001391774438099,-0.003430039639735262,0.00041588030663434615,-0.0024512125422453167,9.697984238630856e-06,0.012075905294311257,-0.0004012057549189719,0.0014254655706311974,0.500516224134429,0.18923869976216165
0.002140911808665358,-0.23031654139420019,-0.154728686895505,-0.050901039498549336,-0.0005786904189087485,-0.009165402697275503,-0.0009741603013784964,-0.005097775696561488,0.0004167771936038638,-0.0014587750387708921,-3.533982848516012e-05,0.005765764970993203,-0.00037919314373588956,-0.0005187282269427006,0.500516224134429,0.0546853449673816
0.02229399610981746,-0.20048840625907138,-0.1474626845114085,-0.06685467125637853,-0.003292462996749353,-0.003639007068773884,-0.0032955683418947283,-0.006151436657006501,0.00031635595765972636,-0.0019097141349749094,-9.108371289588613e-05,-0.03130511168871862,-0.00039634146511370615,-1.7908520214128324e-05,0.500516224134429,0.05822217958870892
0.0013436577801762574,-0.21175508095745288,-0.15769054875112118,-0.06799915948685284,0.003780450279532883,-0.008422459375090894,-0.0007961927742247201,-0.005392288445531483,0.0006331441715399294,-0.001904210582261337,-4.024160213254341e-05,0.005021894128126402,-0.00039968162014694094,-0.0011320541111706755,0.500516224134429,0.05576345278782306
0.01211175990635618,-0.10311058898713056,-0.1799195530304694,-0.06791043929052919,-0.03599074774378955,-0.01220093952989271,-0.002552857516195475,-0.0018076134258865045,0.00027294823342920686,-0.0017231475848681294,-4.041594764957936e-05,-0.04337299824604479,-0.00042680637212027443,-0.000997442351638537,0.500516224134429,0.0628473822480024
0.013240178860638422,-0.13317847267337507,-0.202948346890024,-0.06001561780126461,-0.02972701488399357,-0.0010633204930886168,0.0006182619123595808,-0.00521974470627054,0.00017761960713976558,-0.0018387218297237684,-6.991759516207406e-05,-0.020552157568563635,-0.00029303319351849414,0.0004964251158694835,0.500516224134429,0.060142361995453884
0.011378555149692729,-0.15378647463959866,-0.10630216908881256,-0.03862837442062113,-0.011788862686935414,-0.0026806024011740643,-0.0014014629422380554,-0.0024787627190351437,0.0007775164821364519,-0.0009930448618927533,-1.7158467495378537e-05,0.011905539460133611,-0.0004312615146195126,-0.01893242537833339,0.500516224134429,0.18713723610563957
0.0025338522506932375,-0.2205940490809383,-0.14726305281349825,-0.048629405460854376,-0.034376863851882634,0.008729920396305303,0.00631930814235836,-0.005661647637028828,0.00015029792596743196,-0.0020342077769374424,-5.466262545950212e-05,-0.02021810292192354,-0.00035877997643579695,-0.0004850008087649058,0.500516224134429,0.038573829896033106
0.0005674337352006819,0.394447541907709,-0.028668250796110625,-0.09627979563358946,0.018254764294500885,0.005372623451894805,-0.0012385065315007344,-0.00220171681634642,0.00042810849150525833,-0.0009305908136747754,8.134684542494834e-06,-0.011471563994673367,-0.00023340116415214267,0.00020858350094843137,0.500516224134429,0.7787795884506876
0.023815142248344846,-0.10661406727962816,-0.0782568915108458,-0.045599869271159915,-0.08366582386601737,-0.03116621979025221,-0.001988395436845808,-0.005609222305787528,0.0005803690108950863,-0.002065124337857373,2.2151803096878653e-05,0.014785778799234867,-0.0004862430372013817,0.000904473640612935,0.500516224134429,0.18517228280102105
0.0037940848467890977,-0.14160513407372657,-0.19253651936908858,-0.08699694596688032,0.0019227527669258703,-0.0069565075544868234,-0.0012355751483026194,-0.006980008992995053,0.00039666880415217294,-0.0021281698714973644,-3.7664134143160085e-05,0.004684546802099739,-0.00038049380444420095,-0.0003218117567684949,0.500516224134429,0.07213544668206634
-0.010910589954999866,0.2515269993495923,-0.28408836816048927,-0.18755535194726666,-0.00043188724871679227,-0.009147074593497591,-0.004615695552683896,-0.004182664601346593,0.00012901496153651165,-0.0020911928170340792,-7.339151977727382e-05,-0.023229892134397502,-0.0002473777968343673,-0.00022576503615869367,0.500516224134429,0.2253729870823568
0.002036705106683271,-0.16821392658709497,-0.18261709249473174,-0.07391844280842896,0.007473164317435375,-0.007389619186194391,-0.0011389516855939664,-0.005376319811072632,0.0005802114593823503,-0.002012930237320901,-2.3106191487493304e-05,0.005561508132572443,-0.0004004286901412503,-0.0005165753367577546,0.500516224134429,0.0745604201216826
0.004176369256939492,0.08648512663806779,-0.26665867586367414,-0.14128927888690207,-0.044461112153028656,-0.007631995843105892,-0.00368935464836946,-0.002642336052308907,0.00012820316324224111,-0.002281207029615813,-3.8097327804574695e-05,-0.026611534881519475,-0.0002959226762240475,-0.0008954766637375687,0.500516224134429,0.09481093116639121
0.006393402798760896,-0.07303288020958533,-0.20374445211146044,-0.0888828699257202,-0.026358043609431406,0.0016157158894738394,0.003293586254476465,-0.005550812652832216,0.00022386422211803333,-0.002279894097595709,-7.91443521214391e-05,-0.020481115937220476,-0.0002799297146311085,-0.00133911229251805,0.500516224134429,0.09001453839614385
0.00286523002412235,-0.17831568281650906,-0.1553356771211871,-0.06430948793666277,-0.004361338030662584,-0.009208268627299064,-0.0020336148392696867,-0.004321390576530963,0.00037150484560638183,-0.00232754282276118,-2.6513254344071092e-05,0.007084616628202232,-0.0004531551718422995,-0.012937875593598377,0.500516224134429,0.07720702884169643
0.016217539036639916,0.4446003232388457,-0.05597301623452715,-0.023997251969501702,-0.027554458921364072,0.017865347738595497,0.0059892318567451855,0.00017468124081258235,0.00041688188651943487,-0.0004427698180277606,-5.708450334925085e-06,-0.010707931122820816,-0.0001779028475564058,0.0004633914471077474,0.500516224134429,0.8673845812155669
-0.020442197535845485,0.16685637866370834,-0.2276462525330494,-0.14382305861546915,-0.12490803456992729,-0.035694855364929765,-0.005023687940025858,-0.004790308034835299,-8.33424494010472e-05,-0.002660943858475323,-2.708386850841985e-05,0.006029224153185326,-0.0002364981882733866,-0.0006552338700084516,0.500516224134429,0.10741033012257567
0.011833357593419698,-0.21497099087433175,0.11435815299143497,-0.11233538152159185,0.009016182726902862,-0.01104241265318306,-0.0023174236432111995,-0.013308252297064864,0.0005392793272948793,-1.1603459065487774e-05,-5.4364091274064136e-05,0.006262298625302235,-0.0006284615541817805,0.003096308458321258,0.500516224134429,0.2909529137632038
0.00221920675861806,-0.2561331444409874,0.09641174143068336,-0.09009819219396968,0.007541942671845276,-0.012500867004674168,-0.004371171221825536,-0.01071051504002734,0.00017807670886362217,-0.00021175366349008464,-9.181152292069354e-05,-0.02647809476839951,-0.000689490192559564,0.0021798786590725796,0.500516224134429,0.20776203031466156
0.021551762943720364,0.34445656103876554,0.0661310726735049,-0.036337628987961154,0.025339339523620934,0.008799809497810302,-0.00014882963685582497,-0.0024231430640704247,0.000532194447897255,0.00014184546685618843,4.098310965272007e-05,0.004163069954857168,-0.0003134232606500147,0.003190145840885918,0.500516224134429,0.9356399836824668
0.001561840584174639,-0.25923817355237205,0.0868070461487205,-0.051476548248663746,-0.06134006390721987,-0.008543014592478599,-0.004018365630313771,-0.012389400317748812,0.00016865109077548326,-0.0005164703541126747,-7.099485860212689e-05,-0.021595231490344806,-0.000669842007651883,0.0037837113113094365,0.500516224134429,0.17297936830990554
-0.001533282314142511,-0.0766946322256988,0.09718004784466447,-0.096282151614117,-0.03528854101423875,-0.016201496847477487,-0.000840158212477259,-0.010131741055021945,0.00026518708371515564,-1.6068080535404137e-05,-8.164344979973685e-05,-0.017034102803717456,-0.0004543539553934507,0.0038556199979359533,0.500516224134429,0.3472589074881291
-0.02046996079429075,-0.17427901392837614,0.1197249460507565,-0.07900779499247765,0.0017273120753799462,-0.026351424112878767,-0.0021025211080687146,-0.013610240059447887,0.0005898229213886875,-0.00035732858016923006,-6.502183281096041e-05,0.0018318158290718887,-0.0005602806104793331,-0.04587347423831407,0.500516224134429,0.2617130607537157
0.005560194315633267,-0.23658307105836554,0.06785836761063042,-0.049361889364919864,-0.12155954631720531,-0.054429576322123745,-0.0016441230680509225,-0.01031737294085726,5.676143105808059e-06,-0.0007287323607341675,-9.570074420450342e-06,0.002914500300024252,-0.0005346528584063179,0.0016202697105583267,0.500516224134429,0.10330669784930108
0.011080589814756882,-0.08163211316541884,0.10129762846120999,-0.12896999219307417,-0.01214563535668416,-0.03140814706332187,-0.0022342766270757896,-0.012488453141310809,0.0004755916923320961,-0.00012605133888329538,-4.579966914174524e-06,0.0028720962262813073,-0.000500350605200463,0.002870102991280138,0.500516224134429,0.3496026338624097
0.0072270975566850115,-0.20148150371599788,0.12020152281275188,-0.09671443613682322,0.0108200690146668,-0.027205340125993117,-0.0034220656214453467,-0.01238054876197399,0.0002502801999254648,-6.0672677350235665e-05,-8.178684890974822e-05,-0.021094995814020294,-0.0005963793007066615,0.002344457144627831,0.500516224134429,0.27832192185986826
0.006282987554025152,-0.19799395837945263,0.1082678791977827,-0.04984976800837378,-0.06277035553186384,-0.02169937643831905,-0.0027662083759524203,-0.010922363893558008,0.00021365385092494418,-0.0005051617280404385,-7.182837603267093e-05,-0.022103247522983125,-0.0005794095148849488,0.004558425893433666,0.500516224134429,0.25057749286113773
0.05613371755221912,-0.1393263858894111,0.10248977452508529,-0.03003566784017719,-0.021218444982456678,0.03423640884485915,0.025658642412930224,-0.007675945399499135,0.0003788853281884626,9.961868074664289e-05,-2.8629915108135204e-05,-0.010059470648000191,-0.0005978928927378908,0.004167210906091995,0.500516224134429,0.514738044817164
-0.031223080734509995,-0.20600413456835193,0.10154972693542122,-0.07922430549029327,0.007564671862620928,-0.021023517721553295,-0.0026926538880908146,-0.010756253441576415,0.0005939778435702156,-0.0002518281161689171,-5.743847197023161e-05,0.003295147673690942,-0.0005773553685291732,-0.04079488056462326,0.500516224134429,0.22091430008406873
-0.00355226600900008,-0.19144775269966796,0.08032543651856545,-0.05007698866215002,-0.13262573511834913,-0.044436886434343036,-0.0008348681078343197,-0.010181225930618792,2.1042148196577185e-05,-0.0006316731579589585,-3.206437165944845e-05,0.0033828785992738113,-0.0004857789311204618,0.0015635364477534597,0.500516224134429,0.1515038784255199
-0.009590820238945096,-0.18362478304093036,0.11137284923999718,-0.129275315636546,0.002919920811989621,-0.025239444528857388,-0.001979918427782311,-0.011527034777464867,0.0006145652450148445,-0.0003451060023875406,-2.784009048118511e-05,0.004148359832925303,-0.0008046291635271386,-0.0014450226637086816,0.500516224134429,0.25571200469372973
0.020096863993597076,-0.18050965481401104,0.12368911633028914,-0.10366341458237285,0.004358535329994501,-0.03240960817321447,-0.0016678306960981085,-0.016819048134271503,0.0004142246564980201,-0.00010613423170971757,-2.8892235995235924e-05,-0.023545293994284254,-0.0005963616085326507,0.001783284255006898,0.500516224134429,0.29151201022932777
0.0414437306328488,-0.16020166722553855,0.12250001522348064,-0.058054934004089315,-0.048126820240937715,-0.0289461584753342,-0.0016809219517245138,-0.01801583211351283,0.00026634047419432666,-0.00041918371318546717,-8.391188067386697e-05,-0.023467700350893583,-0.0005625793277772796,0.00432093910996656,0.500516224134429,0.3294875402912545
-0.009016060601188619,-0.17231910452677565,0.12073607790404216,-0.08435080278702152,-0.0003655029143625827,-0.02565783991575478,-0.0015784396864192273,-0.01501304769225039,0.0006485062334628493,-0.00026522195819000786,-3.840284369496664e-05,0.0014340718265997419,-0.0005801993236028713,-0.042053526628357464,0.500516224134429,0.2720967312209193
0.03192570285718842,-0.1427657032741454,0.10394407469363792,-0.050935650318610956,-0.14624234155574084,-0.04278008684279927,0.0003409138840780562,-0.009968268800515602,0.00011199954190246865,-0.0005791763596695412,-2.3849638629028913e-05,0.0032460290632964654,-0.0004327021402936153,0.001973214785431656,0.500516224134429,0.24833038002956329
-0.047481379838503576,-0.18734476277040762,0.08388703621495418,0.051190173700768726,-0.004562160900939854,-0.005824908138782282,0.008645128070227298,-0.011440291427011175,0.0001394170488966288,-0.0002507603860584932,1.0797626929864385e-05,-0.022826281325063986,-0.0007721727116235029,-0.00045778736621976006,0.500516224134429,0.36342827193159927
-0.07720659515729257,-0.17895689814488266,0.03852522163004967,-0.09131263567091645,-0.06424755262164016,0.004562558533498467,-0.0057047972556843575,-0.008793305335259741,0.00013090636536184944,0.005001043370149931,-1.754850904067187e-05,0.0038992820427816875,-0.0013712587492853937,0.0005557932543064823,0.500516224134429,0.12558043788657883
-0.056250747962601454,-0.1782846716644735,0.03175066666622876,0.020613101246609963,-0.11351464627620328,0.008172576973624623,-0.0019574240250367263,-0.005775029504364455,0.0001844069895459594,-0.0007394236403969094,-4.861929177261595e-07,0.006843051204649777,-0.0012285562986955685,0.0009205400572958118,0.500516224134429,0.21124958170769775
-0.09160433384029278,-0.18153429303766905,0.0827395662588088,-0.037098687599846206,0.012738717337188935,-0.03916181036743713,-0.004820480638854236,-0.006938907308369764,0.0003192417871711409,-0.00018790147214385415,-2.0674020359792115e-05,0.00743660069297228,-0.0013592478254185736,-0.001877555643193641,0.500516224134429,0.23914645845698834
-0.06213817763923475,-0.16365528589549783,0.10277082772464645,0.040842053160809855,0.03080818786808047,-0.002438561768913526,0.014296179257325724,-0.0018512517397265315,0.0005972366527541457,-0.00043454349665488027,3.227679603298664e-05,-0.0260492478584926,-0.0009750592401966329,-0.00039653314807369796,0.500516224134429,0.43192432480729154
-0.058101537180347114,-0.1962611511512313,0.07808740052038265,-0.12492634961168998,0.017368108236158687,-0.009870019389764235,-0.0034921155840234156,-0.007839771634278972,0.0004484105122240954,-0.00015083165139836825,-1.2938800303765436e-05,0.0033951872505023606,-0.0014225809735418974,-0.004813654674720856,0.500516224134429,0.192924380002401
-0.050821631812884245,-0.1811061116295493,0.07428149137832324,-0.0243674131858501,-0.07740208644407189,-0.009566587114456017,-0.005572277990373879,0.0055084997953963955,0.00034512380746383865,-0.0006851783438052259,-2.0784152668309828e-05,0.0063225284995185,-0.0012514191319564659,-0.000274792944346817,0.500516224134429,0.23590558486517252
-0.0815227438486069,-0.20042916133272928,0.055585615401573404,-0.0674404679365141,-0.06873571946544396,-0.0048398398651814,-0.0030217680197732657,-0.009379029093761307,6.212775371209107e-05,-0.0005389455239758259,-4.502677562983162e-06,-0.024543251337798194,-0.0011676982089444212,0.0002044837816699978,0.500516224134429,0.09474532376109712
-0.08981204667047728,-0.19884139402787804,0.07066281861127553,-0.02435718450974018,-0.05919507272364804,-0.006361449598913419,-0.0039769905720633885,-0.005615327767994266,0.00026399353603275715,-0.0008273594450754836,-3.7197725513275e-05,-0.026935738625958123,-0.00122680783796631,-0.0006185973797933082,0.500516224134429,0.15363786939672003
-0.07560399962825111,-0.2009110179231358,0.0870612746002765,-0.07718432772530155,0.023935934946949386,0.015354766510520208,-0.0015312681843632375,-0.0044890662904314765,0.0003149985206141985,-0.00023360685818594754,-2.0266623870226278e-05,-0.02667320090229188,-0.001037191952193523,-0.001972122136655502,0.500516224134429,0.23752713048811205
-0.04421559090636774,-0.17564367932236197,0.11736994716802579,-0.024464006249487514,0.029484739884724394,0.007854400619346212,-0.0009762940742359899,-0.005271381616927809,0.0009440722624334183,-1.995560219936791e-06,-1.7785609500032354e-05,0.006653924100853892,-0.0014638118899953044,-0.005619237149026647,0.500516224134429,0.40514952579169433
-0.10014239713476845,-0.17877935721847082,0.05511809483334604,0.0042241915232039545,-0.08514682847286753,0.014755154853348044,-0.005434979019641856,0.01194292077126078,0.0003693126130191759,-0.00018666424134456826,1.2747496955559718e-05,0.006257896028108707,-0.001083494820456284,0.002230372391022315,0.500516224134429,0.22465319373714732
-0.02202714247568789,-0.16225461521541654,0.1028330015784477,0.005891305988757382,0.020685169565424443,-0.003927933490850407,-0.004429343866974827,-0.002668618010061411,0.00039690694713587975,0.00023323384081672672,-7.331577149723821e-06,0.007924341313488093,-0.001374649861906801,-0.0031583829406428643,0.500516224134429,0.4386321659298122
0.008949751319191686,0.41586337682013247,-0.08224491350489223,0.031139056839884025,-0.002047889088333492,0.01696581977726324,0.005828234817853323,-0.0023081389893672834,0.0005086979214437427,-0.0007305706786067368,-2.4255867606879872e-06,-0.006065991838522991,-0.00020875950089653547,0.0009062847302429655,0.500516224134429,0.8870687571730627
-0.06509562955490385,-0.164797654586861,-0.12149187341280578,-0.041801118791551725,-0.02627217392741323,-0.007407351076121913,-0.0017054551860474344,-0.0044822483737690395,0.00018869040513999884,0.038532849932083627,-1.4787718730865897e-05,0.005394533697687967,-0.0004246546527508254,0.0008534238929503848,0.500516224134429,0.11199277478133934
-0.04392695493820725,0.1506641295158335,-0.273548939045597,-0.17302854430751793,-0.04188518103597411,0.0027743054488940204,-0.00503708949147036,-0.006091580872734336,-0.00013732963580997208,-0.0024309844989933095,-2.4194305068325994e-05,0.006662529419652092,-0.00032287495746894474,0.0006713851681023216,0.500516224134429,0.11485490059807178
-0.06110152884934924,-0.15572295860797927,-0.14015328692003032,-0.06768872553682298,-0.006509743268063553,-0.012941986283674285,-0.00209202068312956,0.010159789732507972,0.0003899593945013278,-0.0021197313689471594,-4.29503195530965e-05,0.004623706979380704,-0.0004941625689004499,0.0005417077286991277,0.500516224134429,0.06736429356307125
-0.05188171444873757,0.21368019682623798,-0.25762436154453955,-0.1962798139407454,-0.007559111544994992,-0.010564143276235036,0.014525481528117046,-0.00492869700981652,-9.627379731280117e-05,-0.0023625378891207376,-3.099480721194265e-05,-0.015651926076085076,-0.0002992237619267056,0.00022427652821633743,0.500516224134429,0.18166738092027634
-0.011504092046806393,-0.19089326704483572,-0.15139719345095473,-0.08313340641113208,0.004507623369429365,-0.01091787579971444,-0.0015099880810342011,-0.00763898617998432,0.0005049010423834703,-0.0021447242862146455,-4.155304851399131e-05,0.0026876720103378706,-0.0005576018567456354,-0.002947043511676924,0.500516224134429,0.04553068883897002
-0.05684388647958805,-0.16615064690516648,-0.1508125831740746,-0.06891044010541766,-0.035273069490432345,-0.013275083699183019,-0.001795679940794071,0.00595799050437028,0.00018893800712624112,-0.0020529191914043132,-3.864608798862066e-05,0.004242274575537175,-0.00043689785064079256,9.759883392417963e-05,0.500516224134429,0.015413173130701244
-0.04552360948120895,-0.17217422945270267,-0.14076631164808506,-0.06697897987808223,-0.036265522112347036,-0.005169399672701638,-0.001427148053977237,-0.004698502345925261,5.046304554446087e-06,-0.0021136076108707316,-4.6253584826927316e-05,-0.0183627493586932,-0.00044910926928033913,-0.0002117244579319081,0.500516224134429,0.006334123512353208
-0.05161829829366832,-0.1056500224690978,-0.146052015629209,-0.08794557417553188,-0.026944056155687207,-0.0028040796357635006,-0.0013509116121712317,-0.0035494622134491114,0.00024477686881726427,-0.002289029641153818,-3.80462089190961e-05,-0.03275027916031147,-0.0005639894545207411,0.000669321995435677,0.500516224134429,0.03987455834920209
-0.0535386178196011,-0.1302948078644353,-0.15276212826747188,-0.09640485981372303,0.0019543740685361286,-0.004166834098302507,-0.0013270602462695396,-0.005910708098816526,0.00024567493530223923,-0.002374663257464538,-3.8880880156540235e-05,-0.02035866266191736,-0.0006067801666415605,-0.00044747540841072323,0.500516224134429,0.03448479455505957
-0.011383719228029436,-0.19271605661701766,-0.1484082930980097,-0.07264256402868652,0.03504333246102925,-0.001089358038190951,-0.0007448819560605072,-0.006518735861327727,0.0008397841957113201,-0.0017109977198872272,-3.7557066949899786e-05,0.0047664458742432475,-0.0005515992791600003,-0.002187029789772909,0.500516224134429,0.10317499398232431
-0.05542231062768373,0.22560618433600932,-0.2684092412890401,-0.17456276276277422,-0.05920627842315321,0.005092987463594136,-0.005416463846431425,0.0070691507952832956,-0.00013839649555881777,-0.00207031525694407,-2.5388815806481036e-05,0.004826951327018294,-0.0002658689404627077,-0.0004619972556733914,0.500516224134429,0.17713247434280813
-0.029942623978955665,0.4533338245574523,-0.11133867594833134,-0.008564387626267421,0.022764576646995143,0.0013275727326314234,-0.0014472381331590866,-0.0010190322453943268,0.0007282661467736484,-0.0006311173273900739,1.2195866105571639e-05,0.0038865519376043707,-0.00020998017885103017,0.001982051204385959,0.500516224134429,0.831398207788032
0.009018095469236457,-0.17953821721334168,-0.16152459373957243,-0.058004560628557744,-0.027830181339743285,-0.009989927374553011,-0.005622473537007568,-0.004437906333374832,0.00021171250160936735,0.03665836719740706,-3.4146999426402126e-05,0.0061026750523042236,-0.0003454782775702874,0.0010296052349266804,0.500516224134429,0.10620919414676915
0.0023844345712240663,-0.18517256149021546,-0.15663574226761898,-0.05805976701390296,-0.03166002006007835,-0.00047777390380793276,-0.003015083758763868,-0.004487188745949972,0.0001898317239928835,-0.0026293917521597273,-5.422033317492933e-05,0.00695153466116212,-0.0003449257010788207,0.0001478316597628422,0.500516224134429,0.06765318172382367
0.0060956695265869856,-0.20885367172153918,-0.17755029054356164,-0.04897136576281917,-0.006831995751710939,-0.0177469995382112,-0.0018329960886177984,0.007612924636745011,0.0004240952332661565,-0.0017892612698551362,-3.9467066613724336e-05,0.00466185891585956,-0.0003936009569605347,-1.4737615588638864e-05,0.500516224134429,0.055286386131410625
-0.007745453604744406,-0.19131952847208672,-0.1835916229925457,-0.0509571222043474,0.0032576586417186735,-0.008754962886707749,0.0015381218283148652,-0.0047567160471566625,0.00035563520994199747,-0.0019206486470679303,-5.0754600232531615e-05,-0.017666394840819773,-0.000417318509335433,0.0004330809227171593,0.500516224134429,0.03892019793207997
-0.03439028750161673,0.43418152144738276,-0.09669373113103592,-0.07510127188815396,0.0013650253232035375,-0.0013652318481692904,-0.002092247521069709,-0.0031474416969428055,0.0008899451261713108,-0.0006381108765308471,-1.0603829428353192e-05,0.0020217276698779366,-0.0002636558362335469,-0.0012108853247797286,0.500516224134429,0.7240609762471065
-0.003837183171475866,-0.2299899789093716,-0.13861896304050433,-0.042744537234893194,-0.03094492672216326,-0.01550688853891538,-0.0015837094839331338,0.006351509067498151,0.0002601843737588836,-0.0015672444960668516,-2.6130125852461128e-05,0.004571999317891658,-0.0003734293948456675,0.0002728177862535887,0.500516224134429,0.046779743561814004
0.006315309145638239,-0.12733904042261573,-0.17602444931068384,-0.05835465746461419,-0.02878295421980629,-0.009026602414667951,-0.0016550466688740877,-0.0022439963851306104,0.00027768047482975357,-0.0015598734505711683,-3.0425257959078754e-05,-0.04009277682270372,-0.00038323669217575716,-0.000506067199112482,0.500516224134429,0.061110087445985097
0.0023751634509814722,-0.19619271089868878,-0.16850417792782638,-0.04373612677560292,-0.021990745236103428,-0.005577340812912443,-0.001541821222396842,-0.004295596396493005,0.0002021238459444996,-0.001839237656341659,-4.488177799039965e-05,-0.028453601849455345,-0.00037342500704945166,3.779560974053335e-05,0.500516224134429,0.030581641480238314
-0.009250285371353376,-0.20293106592087742,-0.17390133819977793,-0.07660454246968981,-0.0010815207819975699,0.0003677095764681913,-0.0018478861978523963,-0.007456428429698436,0.0002460779895901891,-0.0024142620039236356,-4.897230999595442e-05,-0.016024665208473673,-0.0004518996829824556,-0.0001332384794595635,0.500516224134429,0.008983906644406426
-0.038048505838921366,0.4497962973201344,-0.06740739272057909,-0.03062872834972447,0.03041317845900643,0.009811864063452627,-0.0001365966543898278,-0.003243153836167153,0.0010852824937032399,-0.0005565372473815407,1.1401169265120901e-05,0.003599108259911026,-0.00021928883189553363,-0.0005904652902664894,0.500516224134429,0.85440268713058
0.0023232127680882153,-0.20756911640320147,-0.16566197497661211,-0.04389627436412325,-0.03189620725289116,0.005705379647804134,-0.0037634601005924226,0.007489253093649845,0.00023037726343946507,-0.0014465536270283253,-3.696064232634289e-05,0.005281028321080945,-0.0003309590003558246,0.00012475615557672325,0.500516224134429,0.06706872501694067
0.0119682515967814,0.34678457077965974,0.038961522311277814,-0.03471943247588639,-0.04500169152754374,0.016094987155812337,-0.00283592339598129,-0.003827428344075647,0.00026079988646084454,0.0018790251886906728,4.881601802922649e-06,0.0006740394264254409,-0.00021450367014777462,0.002825374051159518,0.500516224134429,0.8333706967188691
0.004660032329506996,-0.21412629975717062,-0.1374687055466835,-0.045484311215703226,-0.036151685337238955,0.0039258425230053575,-0.003999712358069078,-0.004484002295522188,0.0002237955067066943,-0.0019316600466379584,-4.081589797193959e-05,0.006372373766610443,-0.0003524600263346384,-0.0005459511157633954,0.500516224134429,0.0711126646631674
-0.0020673079482341028,-0.22676380046332603,-0.12896804591324385,-0.04703246458420554,-0.005182212229296245,-0.015585473510893249,-0.0027310118607584005,0.009878127127288949,0.0005090481096442183,-0.001620228664862234,-5.142513997115783e-05,0.005260016918372226,-0.000402404139919621,0.0002400635180336978,0.500516224134429,0.08599910535306071
0.007341678936806503,-0.185184117023086,-0.21281426298837958,-0.02304481330936518,0.006841362420034215,-0.00671281013960746,-0.007934150277371673,-0.0035093606659420754,0.00041521399079038235,-0.0017170104205692155,-3.6196512252135814e-05,-0.012517366828951161,-0.0003571406004304678,0.0017223770404092371,0.500516224134429,0.06300962775651676
0.0010193874100860977,-0.1605410508169398,-0.13803898910618545,-0.05067537941455577,-0.030939347180228418,-0.019759244795751488,-0.001919957071128759,-0.0034906630037781,0.0004492749038535677,-0.0015905008741837813,-1.2058265520920599e-05,0.00839494781655812,-0.000713012766968951,4.2626488774096556e-05,0.500516224134429,0.10274225745846383
0.0063411150569221385,-0.21897422921182286,-0.14004830098473367,-0.044470660213253035,-0.03535865015116737,-0.011390090213549607,-0.002275583255163021,-0.004316371159061766,0.00023618731131752325,-0.0015759708815027082,-5.733300394350877e-05,-0.016776461885593365,-0.00033513649841122254,-0.0006198572213162133,0.500516224134429,0.030894881823154238
0.006640859019550963,-0.13036937712603627,-0.17595864417181187,-0.05368480108709898,-0.02474128402244077,-0.0025848115456685223,-0.0019392931946831528,-0.002010855383653347,0.0003134161459363456,-0.0017195249108712368,-3.871709230361519e-05,-0.05090938508307999,-0.000467783410256336,-6.915199985939324e-05,0.500516224134429,0.06297687027215594
0.002515043918249375,-0.2485296670927826,-0.13532486027033608,-0.058239162337238,-0.0030733807037276375,0.0017416982048149322,-0.002932284811683016,-0.006004115435756255,0.0002884625181925984,-0.001490012193534119,-5.7152341948101065e-05,-0.016403126082260876,-0.00041760237982548946,-0.0008611824686462323,0.500516224134429,0.03172888265795027
0.0016689016789492273,-0.1623927093906162,-0.15844859181272228,-0.050915254489707414,-0.033897982263792,-0.006205968030215448,-0.0037587247279085986,0.005958752870863079,0.00046058966046096887,-0.0013953210950750307,-3.59709642267836e-05,0.007255832480168697,-0.0004931613685879263,0.0011983913940569629,0.500516224134429,0.09951500807608041
-0.009833936581996095,-0.26252703722308823,-0.11737477897663848,-0.02546608178392717,-0.04636891440652612,0.01238443558173089,-0.0016236988844063123,-0.0057101074964326475,0.0002929467886402081,-0.0022042160214138847,-5.87489962436075e-05,0.0052436187918007025,-0.00040300769858426616,0.0010935995373438775,0.500516224134429,0.04796029676469244
-0.002194819059118599,-0.26990369851201984,-0.10722386804953436,-0.03755952989679649,0.00390996896610811,-0.01997500578627596,-0.0007654722410665499,0.0019596819930013986,0.00041341125693476614,-0.0013514262683957526,-2.0442393196565322e-05,0.0042640144482398645,-0.00045101402408737794,0.0015638168246327041,0.500516224134429,0.07318184139285723
-0.026967891312661228,-0.2473042777501778,-0.1250495329856034,-0.025447790901887153,0.0076522269865635165,-0.013295052854561023,-0.00698825649279029,-0.002751022497039956,0.0003312129211204203,-0.0013534561691746889,-3.0477899997001962e-05,-0.018052734005500795,-0.0004679086010648928,0.00034637158558442475,0.500516224134429,0.04113763415724232
-0.009304463423420518,-0.24411874704051256,-0.12892412363182498,-0.04030018768359842,-0.036451866361514304,-0.012157880016445131,-0.0010231853066066964,0.00424181653979661,0.0002611768171400546,-0.0015186432014293047,-4.7884181877141546e-05,0.0037426396628761154,-0.0004208801715110082,0.0007052559357553423,0.500516224134429,0.03519925207126141
-0.010960311632054942,-0.2484005291522659,-0.08902580071345965,-0.04364138807152872,-0.04391177756724651,-0.0069582745057759285,-0.0030390228759657636,-0.0052962674105992095,0.0001517883612286446,-0.0012794282384981164,-2.618127907000942e-05,-0.01791493137567593,-0.00039463717909096334,0.0011619035392216356,0.500516224134429,0.03098136603365186
-0.002285419826064086,-0.2629839824281416,-0.09322391404393954,-0.031859639808069475,-0.027559774085110823,-0.005662480634337147,-0.0013366820667816079,-0.003674792320867174,0.00029562491884334606,-0.0014623552004347912,-4.089863448772438e-05,-0.01798148563784106,-0.00043260746962014003,0.001248510006256673,0.500516224134429,0.053556326903837576
-0.03129991188916543,0.38122783644020763,0.07299534343022208,-0.026900682995726823,0.027878867846003904,0.019171555446562863,0.0011501368019123743,-0.0016718488160638847,0.00039445343340109194,-4.093118594586846e-05,3.276623939421511e-05,-0.010641632695679124,-0.0003132213035926625,0.0016853179223082861,0.500516224134429,0.9341842728082707
-0.03449707689777402,-0.21489323627112328,-0.06587499300584114,-0.021976510475174002,-0.05854287685637893,0.038528221457003686,-0.0008099449764622705,0.014698951150812704,9.93071286432393e-05,-0.0008973343714200389,-0.00010173357318237748,0.0028555385335606123,-0.000509814296708725,0.002346665191996001,0.500516224134429,0.16094138687238427
-0.004466585865332335,-0.2549082404108774,0.08054653116404903,0.009441551222203404,-0.09575057410231345,0.021307240632538006,-0.003285324247656972,-0.01058739137731976,0.00012706533124287259,-0.0006128658466853622,-3.824742518478878e-05,0.00530645566179555,-0.0006718644532274057,0.003267630477595559,0.500516224134429,0.2501916048952597
-0.005043705688763402,-0.18018327443358173,0.15313603753828436,-0.03375526014351164,0.016031747030168346,-0.0388151173977435,-0.003073596047722022,0.0007421505120279514,0.0007258476575739936,-0.00022501175428384047,-4.96298965572547e-05,0.004609026006669289,-0.0005340474471113503,0.0010753371676317828,0.500516224134429,0.41515672723751273
-0.009601600216290931,-0.2515596195276011,0.13528330583253023,0.017758733986163924,0.03590132455542132,-0.016266937952095523,0.007240040601334817,-0.005257613142267473,0.0005973624359291277,-0.0012197190305865459,-1.9224367856160454e-05,-0.02241393821728467,-0.0006459148671344958,0.001764017517400935,0.500516224134429,0.3920764417420955
-0.11085502212439878,-0.03198011893221531,0.10468715989112179,-0.032670771982091555,-0.05793351634315538,-0.015500050144749743,-0.002193998245782773,-0.004515375478041494,0.0005734475377584697,-0.00047321975199865956,-1.7793621186864734e-05,0.0005863262470706095,-0.0006612571402078297,-0.0008000127474747844,0.500516224134429,0.34876202129908024
0.019172870687533813,0.37055746608954204,0.05223637375546907,-0.015409193757664206,-0.050665668400061,0.004678813520018389,-0.00047063287195348204,-0.0025613188782191666,0.0002112699469232404,0.00019637777441740365,5.28115160764235e-05,-0.009922285278913307,-0.00028068895581337226,0.004799192441309051,0.500516224134429,0.873111611723099
0.003169857676833479,-0.2609795744080616,0.10734018666034037,-0.014752199128790614,-0.04879760739538356,-0.010947590398584684,-0.002310218195391733,-0.007119616669676647,0.0003513256270156136,-0.0008729490498600764,-7.415786656266784e-05,-0.0211204254575594,-0.0007168298567452724,0.003633662807546956,0.500516224134429,0.24732008847955225
-0.003596032987098115,-0.13098179568164675,0.13130284010981258,0.008578270296961048,-0.06695218576759833,0.02854811743779357,-0.0009970936898785491,0.024475682601908754,0.0005442356284575425,1.3290847555397322e-05,-3.064060263128881e-05,0.0037316769026777314,-0.00044553074793266244,0.004591606643689048,0.500516224134429,0.4992986651265012
0.03458653173901695,-0.2057085871997612,0.10679823305038381,0.017886555581508392,-0.08507894175911972,0.018470357598401203,-0.001305281885608174,-0.010328325101901258,0.00023093018360285456,-0.0003487737109890585,-4.2631767945339256e-05,0.006327419744499017,-0.0005272109009800325,0.003998701721290792,0.500516224134429,0.38547520142683006
-0.036978323260687895,-0.04166382688354737,0.12817259377462745,-0.03190924663698746,0.005919133337222093,-0.02106672302705723,-0.0007920019615744205,-0.017718274461965708,0.0006604689155847505,-2.2264879520921407e-05,7.87371693237143e-06,0.0017270802535304395,-0.0005403516017423898,0.0008550586107271452,0.500516224134429,0.4871674200299734
-0.022366052553764264,-0.13285400758417945,0.10997162248956,0.04714133079446734,0.04112060297536288,0.005459361510574281,0.02102431090968288,-0.0009733829895769719,0.0007794192373922019,-0.0006714193358884165,3.332959802501234e-05,-0.014070653965416027,-0.0009570568560371938,-0.0010195050174116674,0.500516224134429,0.5531341233472239
-0.019099666760446707,-0.17518767379776176,0.12455275348328256,-0.03363700559259057,-0.07923735808629072,-0.018601950484262733,-0.002086347915135373,0.0072116139480180984,0.0005684569501418534,-0.0007483649456887899,-6.084413988744752e-05,0.004005794989862838,-0.0006023822466899105,0.0017135911867575296,0.500516224134429,0.3093068407237414
-0.0015628683627300461,-0.18763321929088442,0.13359619599607447,-0.01156101953708694,-0.04593026809504948,-0.00562974170312146,-0.0023452267190243125,-0.008358938932468626,0.0006152542240056563,-0.0006744911293768534,-8.645996714679976e-05,-0.017410858351186657,-0.0007494246911050298,0.0033423393627362605,0.500516224134429,0.3561274969380675
-0.012644240099007865,-0.17112207739108912,0.12360338201093853,-0.0011420292955480987,-0.07740229531333125,0.025505994325292637,-0.001278050705432158,0.02377375668858169,0.0005309039270131693,-0.00013486568124569017,-5.267012048110213e-06,0.004283969119899604,-0.0005016564981275069,0.0032477739053630226,0.500516224134429,0.4172315221156907
0.027669455625669036,-0.14380613489241745,0.11606238780715582,0.027980259361502797,-0.08088499852253252,0.017995488618323282,0.0009703654680842712,-0.011867035086838163,0.00026452443500183005,-0.0003996121508439911,-6.7948653132329e-05,0.006350422167649356,-0.0004961419111027689,0.005453630225460905,0.500516224134429,0.46574088662641133
-0.007300665638829288,-0.12469354785490254,0.1707531759637397,-0.0387389228947849,0.019360123989530964,-0.028776662235813863,-0.0013454174316328874,0.002429189446653402,0.0007822694242005636,-0.00034979484774315145,-5.2423463579623815e-05,0.0030252342940383183,-0.0005713139264885774,0.0013626362952521684,0.500516224134429,0.49640010525407113
0.026056452848372318,-0.1464213277768307,0.13850796741295876,-0.03969425942601129,-0.062349647169400314,-0.00932594838791308,-0.001455935405787912,0.013565192684177697,0.0006149057834504614,-0.00043667049488015395,-4.727820717102395e-05,0.0037710429180451053,-0.0004939146928450984,0.003978360623958606,0.500516224134429,0.42678516484455514
0.031386150822194904,-0.12952782542926652,0.15596752507610168,-0.011514555999970916,-0.02754911214081633,0.00027539292052241725,0.0008998992935413651,-0.00973180233531119,0.0006328526053450395,-0.0005276735718261884,-8.561385864569412e-05,-0.011261223768085535,-0.0005129825469894001,0.005468083160088893,0.500516224134429,0.5044353383613147
-0.02088670125469326,-0.13707787220008816,0.12843045929449395,0.007769688983545006,-0.07593326702970461,0.0257776603917107,-0.0005381371071756733,0.022423811744433177,0.0005782360390500856,-4.0394997956426826e-05,-2.5728830674703188e-05,0.0043007794412408375,-0.0004953816778044314,0.00394772960374367,0.500516224134429,0.4587471065345513
0.04761117874902714,-0.13457025734000028,0.124127811173616,0.03084815012472132,-0.06814507509518282,0.021897495201663206,0.0004736240701967614,-0.009661657017855556,0.00024422321625333263,-0.00033679830558132654,-6.489029049800747e-05,0.006672370537173492,-0.00048609798018993904,0.005458603732319358,0.500516224134429,0.5245849049100939
-0.004770988778188263,-0.12674461707768075,0.16778412799080356,-0.03906402419275854,0.019850092820796982,-0.03130131942941423,-0.001446607725635897,0.0031911700974154053,0.0007851013372462278,-0.0002844024419499325,-4.712033252045676e-05,0.0036871494103404095,-0.00046199744920174217,0.0023154539783012767,0.500516224134429,0.4940082423419854
0.026056452848372318,-0.1464213277768307,0.13850796741295876,-0.03969425942601129,-0.062349647169400314,-0.00932594838791308,-0.001455935405787912,0.013565192684177697,0.0006149057834504614,-0.00043667049488015395,-4.727820717102395e-05,0.0037710429180451053,-0.0004939146928450984,0.003978360623958606,0.500516224134429,0.42678516484455514
0.05039214787523411,-0.12206342689909196,0.1609629121508527,-0.009230586921829646,-0.02399081003105293,0.003703173440917215,0.0004733567445592252,-0.010091025649767436,0.0005904476920915295,-0.00043439406810333564,-8.48404791187124e-05,-0.009947010336741292,-0.000504473219041817,0.005549859099556989,0.500516224134429,0.5458415535328969
0.05530577931169194,-0.11986934986107953,0.1485168348023981,0.012250207189293595,-0.05305207550961938,0.035018649745331254,-0.0008839173397627959,0.027794090923996425,0.0005562976885349866,0.0003181634578475797,-2.638879370098063e-05,0.004853966195664442,-0.0004284733645011062,0.005762539455935271,0.500516224134429,0.6166325480364617
-0.05895084210056959,-0.19441727086534055,0.04688313054712138,-0.08511880838173644,-0.06663642399161741,-0.008751264133912745,-0.0032001807378751216,-0.01066903587893454,0.00019824932743230962,-0.00040539814294856066,-1.226421458421407e-05,-0.020542159344032404,-0.0012478831771536654,-0.0005461474237134607,0.500516224134429,0.09709992561656809
-0.08270692945162113,-0.201821475099801,0.06864791282752634,-0.10806305665675629,0.002816177082616767,-0.005584056463570744,-0.0026599366108622374,-0.008410234181691753,-0.02266238373895456,-0.0004357436929212287,-1.9221272939078603e-05,0.003258769862285287,-0.0014690620924485563,-0.004787492566849391,0.500516224134429,0.13661949207844518
-0.08291321678623563,-0.19273066188403634,0.06992585768705907,-0.10990630398322318,0.004628796742978164,-0.002890226005417987,-0.0041822505981281895,0.014833016985137847,0.0006038497427068709,-0.000608527238717032,-1.1734746505512392e-05,0.005515430283314388,-0.0012947677788415623,-0.002473037851308805,0.500516224134429,0.19901244870321402
-0.07870286163804784,-0.20057298094924503,0.06466437363842646,-0.1073203280917542,0.008417841007934985,-0.011568264464175176,-0.0027910133358243438,-0.00750457836099308,0.0006856675238378476,-0.0003115403664399387,-9.903774025754e-06,0.00755695501191013,-0.0017640657728428106,-0.0029791589565459965,0.500516224134429,0.16831636560664748
-0.08480156499628655,-0.20029472957631883,0.06369919183844193,-0.121264511815901,0.006249410301388391,-0.007351344171729509,-0.0030427291874962873,-0.00901434213995118,0.000607064787273992,-0.0003441182960767136,-1.2036842952056286e-05,0.007165811376700021,-0.0014334754948697032,-0.004148158751980309,0.500516224134429,0.14653069116467446
-0.07658533999011777,-0.2085385210367763,0.06265386816319325,-0.09803987583768686,-0.013940306267242015,-0.0019884061097543183,-0.006371630307462438,-0.00784220030441196,0.0003262254125778222,-0.00026475650061767714,-3.848456594715815e-05,-0.0199906975235932,-0.001078738863275292,-0.001175073149443272,0.500516224134429,0.12764228725387564
-0.07686850899402574,-0.20528547265130864,0.06454511261325725,-0.12353161453084055,0.0035427861755922426,-0.008390508391548375,-0.003463030664915867,-0.007331535388258507,0.0004964102161103628,-0.00035350422202260574,-3.5633343438046606e-05,0.003068187564017354,-0.0014917217450460694,-0.0049107246097528715,0.500516224134429,0.14050646616225237
-0.07440994046950306,-0.217641545922838,0.07515946767890411,-0.03586614923718379,0.010552568271474981,0.003072407729507394,-0.0031930566213774865,-0.004212264886517394,0.00037391502851577264,-0.00091420921565789,-3.7658501916110844e-05,-0.025832018626786857,-0.0011119286248778679,-0.0035269488827034674,0.500516224134429,0.22292886185347321
-0.08811611119993293,-0.1934557425489152,0.05420296132364699,-0.07124025365067299,-0.04953896734613978,0.008930085443390254,-0.004851515937790254,-0.009155791938884932,0.0002136166600611645,-0.0003366812593784506,-3.214426057991283e-05,-0.015844319952377586,-0.00114540564639426,0.0004399881648641742,0.500516224134429,0.1305859419853296
-0.0658850857843406,-0.18865305479850022,0.044502386315768055,-0.08598299171028738,-0.06442058559675845,-0.00017684790358151326,-0.0043345316290211025,0.018870234745341472,0.0003374672050004601,-0.00035464002543601504,-1.0566746935312335e-05,0.00556641442405694,-0.0013006102990137688,-0.0006671907301460209,0.500516224134429,0.15800662160057954
-0.04723762451660629,-0.21097467433384032,0.04781762232371236,-0.08880482443964703,-0.061225717337986534,0.0053833777178014875,-0.0034226957677981505,-0.00921646575528333,0.00021373641772998611,-0.0006187296570216358,-1.982946277809507e-05,0.003801945092099332,-0.0011525550109210655,-0.007571438649382073,0.500516224134429,0.12748835075451173
-0.05743773673726968,-0.1894548613040709,0.04639854015891767,-0.09200729115254397,-0.08307387211916094,-0.009876537406757408,0.0034715963418136897,-0.012686819657543381,0.00018199513300693474,-0.0005019188927937472,-3.44498507702588e-05,-0.019541927163058744,-0.0012117110152743298,-0.0007561882144962433,0.500516224134429,0.08398504225443172
-0.06342864264792596,-0.20659304774477238,0.05556389009055976,-0.10229423704700395,-0.015036942523572315,-0.003792321190425229,-0.005226702339278128,-0.008912901739634476,0.0002210751466378136,-0.00030700126593091964,-4.822427179856025e-06,0.003721100683868409,-0.0010503838451158998,-0.00434673840038912,0.500516224134429,0.1490285488842704
-0.07035774880821702,-0.19145955501860862,0.059443587365938556,-0.07899913579835185,-0.009885552033317896,-0.041544441160858404,-0.005532121539786071,-0.0038291490013128964,8.463029398874952e-05,-0.00028621900289799184,0.00044845915213160165,-0.01013455880808223,-0.0012389458939300025,-0.00026898917078740356,0.500516224134429,0.1469564847103409
-0.059714805719780405,0.2056817980396438,-0.2610873014376427,-0.17927672029525635,-0.05849808609341311,-0.014614904267332975,-0.005107896787381098,-0.004892868385428214,-0.00016276821304382863,-0.0024990709784597797,-1.9010878747416737e-05,-0.015375118102263436,-0.0002796719984486971,-0.00035479641166490285,0.500516224134429,0.10431500260521094
-0.016445018355213205,-0.19563352096854403,-0.15003108147797348,-0.07839451756646346,-0.00472432238590406,-0.003968868093742848,-0.0017238177121501365,-0.007526052423727971,-0.016348172237535045,-0.001902279700106712,-4.119642281342573e-05,0.002414210049611815,-0.0005248758812473061,-0.0020897856787356747,0.500516224134429,0.023576925279887143
0.0015965622969773316,0.3918901398551869,-0.1056893168060873,-0.10024547609782666,0.03259943641642887,0.013280088447182455,-0.0028308828521931293,0.014419286969476598,0.000774237438524491,-0.0009349678693292336,-1.1141621000875735e-05,0.006408115727655961,-0.00020296339772287686,0.0009200958560372576,0.500516224134429,0.7524894384977433
0.0415327154218006,0.379550955256977,-0.10910095011753243,-0.11063420987329686,0.024183608633084927,0.005239093859515113,-0.0017056058293276023,-0.004325524233760419,0.0009574734718475578,-0.0010122475286319674,-1.3657922895823533e-05,0.007911725800854301,-0.00020761138647365325,0.0012322416973925198,0.500516224134429,0.7341242313839841
-0.049756110542859736,-0.16499713393201945,-0.15892396620083843,-0.07564938115044666,0.005294787957969831,-0.011739495403474624,-0.0007389373863634498,-0.005987344853943703,0.00019836167237117052,-0.00224296038062612,-3.579442247078305e-05,0.004342787771665572,-0.0004685872713465938,-0.000594224025836343,0.500516224134429,0.039218225966212786
-0.060562549272502396,-0.1133855837035532,-0.16125902625095437,-0.08551575299910373,-0.010976008214155985,-0.0006194571756233787,-0.002407286524734203,-0.004848753518871565,0.00020613593534879815,-0.0023717130938270543,-3.9079780100691614e-05,-0.021344355156321142,-0.0005608089838223623,-0.0009552470496610058,0.500516224134429,0.03587673834654998
-0.06199156762547217,0.23874974109526909,-0.27713190992642706,-0.19561256519199285,-0.004939673456952437,-7.788699245664041e-05,-0.00523690285792318,-0.006882508455757366,-1.748380367488754e-05,-0.002342000529934755,-1.4894380954409521e-05,-0.0007056861226157786,-0.00036013030207732334,-0.001111126839666024,0.500516224134429,0.1828416287437955
-0.05724231410113295,0.09779019991069753,-0.2565837396867318,-0.16603189598812057,0.012210332501048655,0.01323978837626078,-0.004373762641150321,-0.005078972912696874,0.00011305113258641869,-0.002100866787640779,-2.7550049120566063e-05,-0.015205712435859477,-0.00039171797489590107,-0.0013090857879800818,0.500516224134429,0.11552397768969558
-0.05156156560200915,-0.06139904380330135,-0.18109745306886343,-0.10634956521451233,-0.04498008442303068,0.0025858755223806627,-0.0017798121059415812,-0.004073646734473,0.00014478621605699962,-0.0026286900401209334,-3.62170213734603e-05,-0.02400229350505194,-0.0005061921993557777,-0.000783872667196526,0.500516224134429,0.024048449487639654
-0.061050931495865074,-0.0836049433454471,-0.15255745164071302,-0.09039302833142554,-0.035295051750990104,-0.01930517016363456,-0.0011407263381061942,0.0026789733536998206,0.0002472875975534914,-0.002564706368404379,1.65903565876455e-06,0.00928095262469616,-0.0006296608623922547,0.0007166459975735874,0.500516224134429,0.06690007244663593
-0.06240879595692123,0.14081744967321566,-0.2658806357410598,-0.16648547875254924,-0.033739209958744576,0.005387771043732506,-0.0038448964406107623,-0.007064840602443548,-0.00016364226636720708,-0.0024492536662879235,-6.890726403848387e-06,0.002573317844183902,-0.00033756698909148414,-0.0064783526286446395,0.500516224134429,0.10043519896643847
-0.04677340029630935,-0.15730200158689922,-0.13363930966439272,-0.07245451511300159,-0.039011368169196585,-0.009505155497475845,0.001086491654547722,-0.004992138863288607,7.234993444780084e-05,-0.0027830878356177448,-4.384552569016233e-05,-0.01921414104716201,-0.0004451813906301337,0.00026068925388198595,0.500516224134429,0.015771609987646304
-0.032966723114401596,-0.18480173860246038,-0.1540225963671754,-0.07765775841396717,-0.005351805789745665,-5.1141429481471326e-05,-0.0017121496369134478,-0.005751699543607349,3.8618821285801006e-05,-0.0019607979330516097,-3.57027060127665e-05,0.0028399764137098196,-0.0004882033070845464,-0.004491594263359258,0.500516224134429,0.03410290826216683
-0.04672901011184025,-0.10383282352831721,-0.12611896366934616,-0.0671888687027287,-0.01103505152533301,-0.01526856809423391,-0.0021953281273316837,-0.003789317590049708,0.00020760195372973724,-0.002589632872136142,1.1436345180874501e-05,-0.02544646691531825,-0.0006159012186056152,0.00031894973537553505,0.500516224134429,0.09624427981347805
-0.04972637399851448,-0.15331212137023598,-0.08792245270449885,-0.06039034153921528,-0.037477571027557645,-0.012600643971693375,-0.0005180475792013299,-0.002742173050919164,0.0002560627302951019,-0.0015325907214737166,-2.1438253465176077e-05,-0.03854992407755825,-0.0004794832911576956,-0.0006795027811718879,0.500516224134429,0.05481962249806501
-0.030878966181752485,-0.22861834144595317,-0.11650713306019699,-0.07319981118066354,-0.007408523399313704,-0.0006005642022729346,-0.0017281140452820487,-0.005942922434077157,-0.015028976715985527,-0.0018393327997987593,-4.5032708527240485e-05,0.00289224465650483,-0.000540815897474573,-0.0018574349939939594,0.500516224134429,0.01921249972564537
-0.05257069050900507,-0.2299134041489295,-0.09758007096308936,-0.0714934019460463,0.0031941907372387704,-0.006364495961951134,-0.001012336698326571,-0.004463939281920499,0.0004622401288305559,-0.001856694889064415,-2.368028547777418e-05,0.005956480965414012,-0.0004983166312583551,-0.0007943420113772888,0.500516224134429,0.04355776263946924
-0.0341625422004407,-0.21366669477750888,-0.12253782886144339,-0.08085963861226245,-0.007424051284172229,0.003991609818160072,-0.0021022127902527027,-0.00569397349499712,0.00014365238430523501,-0.0022445136387902465,-4.169194961122499e-05,-0.016643596630119082,-0.0004978761131658496,-0.000307355103772671,0.500516224134429,0.018469510880360526
-0.0466296134855922,-0.2442376509585449,-0.11463719172679447,-0.05483771188272089,-0.002514760054469559,-0.0019544738592829976,-0.0014176343741910773,-0.006900274283037423,0.00038333826645595024,-0.001531890166890359,-3.9260507823337106e-05,0.002909732171002168,-0.0005407810061559763,-0.0009238411645258047,0.500516224134429,0.027644211101861296
-0.04733401699146927,-0.19971288522085934,-0.10946437128014233,-0.06514444066222018,0.004415624863235067,-0.0018751637828652867,-0.0014395978352979859,-0.004044008707130027,0.0002684282906554226,-0.0013797733873442857,-3.091072308306633e-05,-0.023057639738577086,-0.0005969357950678201,-0.0011570958424442401,0.500516224134429,0.04996343732182067
-0.04921435209466445,-0.2376232754904425,-0.09000075030439747,-0.04424995715898269,-0.031066414743094076,0.007995152720194626,-0.0014073315956909332,-0.00579098457020575,0.0001432834242514836,-0.0013322014468125122,-3.795695573679434e-05,-0.013617989345324974,-0.00042952004559631245,0.00024632931348656504,0.500516224134429,0.03413025584141628
-0.04419152019074074,-0.1419298074273846,-0.12196840614498805,-0.07237684860770623,-0.04133441113398295,-0.01975434045433897,-0.0012066986462487123,0.001247737318515603,0.00037743607022072185,-0.0018471248623942074,1.1467309713509103e-06,0.009508360875345234,-0.0005348254285353845,0.0011450135014088472,0.500516224134429,0.06765193573457527
-0.03126861337893124,0.4237901447324589,-0.02753058962326981,-0.0433495758616127,-0.05158121395756055,0.013158610975568117,-0.0012521994836423654,-0.002058388513215519,7.22021419362143e-05,-0.0008248013131523299,8.723802385843751e-06,-0.00040744258295559216,-0.00036326781383951674,-0.015243010564216666,0.500516224134429,0.7636668026943874
-0.05744172536924457,-0.16569391007365836,-0.08935615262777456,-0.06903996848514445,-0.04529382500098689,-0.011190511087720937,-0.003310363239808379,-0.003644608761528625,0.00020564235820665192,-0.0020948047879906003,-3.279690569636902e-05,-0.03143743752047752,-0.0005283447947314699,-0.000415575317196441,0.500516224134429,0.02124184252068058
-0.056634091904387375,-0.16519064069115977,-0.11085177298229476,-0.08397207459300754,-0.0052544148898207126,-0.007939696652978064,-0.0008431579624999228,-0.0036881677759911915,0.0001631968656643218,-0.0021026508705098337,-2.0014874243989036e-05,0.006453992976545122,-0.000546955477922974,-0.007846552372500515,0.500516224134429,0.06224322292932512
-0.03642783311653442,-0.15813450822004602,-0.08922280692892673,-0.06291161283638733,-0.007771119532956669,-0.025059094470693315,-0.0016450657238217764,-0.003972304955571309,0.00027193943623842533,-0.001724147258803202,3.410663261517406e-05,-0.033202551840151875,-0.0006044615257470316,0.0006271215797569861,0.500516224134429,0.08077388537340317
-0.04322387782211012,0.21423130600044346,-0.21189614646813268,-0.146495288991796,-0.057220882778328805,-0.015000164010880983,-0.0035121582694283633,-0.002511569540480212,-5.717122144620068e-05,-0.0026653765329316182,-1.4639010531453181e-05,-0.012137540579186097,-0.00025978253499770257,-0.000680320480685522,0.500516224134429,0.21907261189393817
-0.04255774221982547,-0.11756216093617758,-0.1747895219747144,-0.08824103352689502,-0.009036005382163483,-0.006495145812149785,-0.001391407697898247,-0.00630139553453017,-0.01639203642711957,-0.001992900162202359,-4.204640871648059e-05,0.001494880694869296,-0.0005162243753713537,-0.0013515945701813021,0.500516224134429,0.035341889801356025
-0.06425210514211704,-0.10778342258713841,-0.14479285841199402,-0.07445788147124972,0.008332403379559735,-0.01629565656101898,-0.0007280305628904435,-0.0035249584630776985,0.0005515294585366271,-0.0021454128330443893,-2.3469965371446954e-05,0.008112813863732431,-0.0007084350103339946,0.0005439108063824495,0.500516224134429,0.10334465063440768
-0.03642416276459359,-0.13453187106189546,-0.09946840846346172,-0.04856067709369322,-0.009179076185076776,0.0029390210103391076,-0.0011327244297664413,-0.0025582634079647977,0.00026585311561204666,-0.002525055071426556,-4.176366633462049e-05,-0.019376351953051426,-0.0005610858663745959,-0.0002899552701439859,0.500516224134429,0.14907170302660047
-0.03253163016817803,0.12267183334413327,-0.21716566433949544,-0.12465661562958942,-0.007631272589244944,0.005327347696110449,-0.0029133095963524867,-0.007760620062016932,0.00015393751788169143,-0.0020653364831625964,-1.4488156799328281e-05,-0.0016814190282225736,-0.00040121078743778375,-0.0013162959818352523,0.500516224134429,0.23053147987022238
-0.02796647770755965,0.33307131705928267,-0.16114060453125284,-0.10030483803153117,0.027218883301889988,0.03575339332889556,-0.0017974667686604196,-0.0013297308511237907,0.0002936664895028912,-0.0017320107433681305,-1.2561759168748235e-05,-0.002801228071569534,-0.000271199958798923,-2.9545195091278313e-05,0.500516224134429,0.5994678206958801
-0.04386642490237023,0.2889824019850972,-0.2263013579341947,-0.14598133344646827,-0.058045887949249884,0.01888110125403985,-0.0033596702662226073,-0.0018812689664631241,-6.712001161945978e-05,-0.0022098107447608693,-1.900864063641415e-05,-0.0109844520557234,-0.0002742451461916886,-0.00038186971151390445,0.500516224134429,0.3150072775981533
-0.04190907625830695,0.23493898925837048,-0.21493645179186205,-0.1449673390395438,-0.04948694611609477,-0.013597202785525526,-0.004099839499838148,0.004290961547082838,8.838761754345586e-05,-0.002496312271036828,1.3236329307652827e-05,0.005977384368364865,-0.00023053067425712504,-2.2984886987671593e-05,0.500516224134429,0.2740784999316476
-0.05337797930794003,-0.10583537184913017,-0.1423818982792872,-0.09235633029324553,-0.03847977775418285,-0.013058983722197454,0.001258667733994395,-0.004022523270002072,0.0001341898058331559,-0.0029563533683756625,-4.219091724035566e-05,-0.02709216564369394,-0.0005362508625203126,4.3188031078439634e-05,0.500516224134429,0.02181244443752277
-0.0667921627353393,-0.10210698377463648,-0.17731538135513789,-0.08403655439434327,-0.005874922937593556,-0.006163504508423725,-0.0016278298815979968,-0.004689587154963615,0.00015111546097476748,-0.0022695353579105233,-3.8032018046064606e-05,0.002575529115454653,-0.0004292119323733433,-0.007011894138915789,0.500516224134429,0.044887268521579544
-0.017748875850121214,-0.1628328773234515,-0.07149193528571544,-0.00852079409063209,-0.012856934962792407,-0.018186429612567268,-0.0006654072008480159,-0.0021950143178499824,0.000179512507274422,-0.0028948278372042382,1.7391957627672628e-05,-0.015897366586508182,-0.0003753683368890238,0.0007302583653055472,0.500516224134429,0.1877775555600603
0.007763069312256828,-0.24760712260530393,0.07752225118047405,-0.05957335208648679,-0.07534444583147369,-0.014577480296538107,-0.004282805268891756,-0.013945514864501601,6.050271883423049e-05,-0.0004950763500957694,-3.948293745511355e-05,-0.019536089362346944,-0.0005620779436098331,0.0025003113067027806,0.500516224134429,0.152398911105998
-0.05062272144492537,-0.2281853532484563,0.10722271447622232,-0.0933263937956305,0.0015473589122900523,0.010090857280751223,-0.00279885430868647,-0.010883893440597073,-0.025883234614070515,-0.00047307698293573385,-3.6106927766243667e-06,0.004440388837673326,-0.0010038524074905781,-0.0021880031821178807,0.500516224134429,0.20844854952368302
0.022482621317679627,-0.2348023731901651,0.12339172205612693,-0.08244097411023375,0.006891843024936802,-0.0054152033734705275,-0.0027802098561366347,-0.012225682463567505,0.0005559562027636335,-0.0003146914071909603,-3.3694459234898826e-05,0.00877689323692784,-0.0006368637884638459,0.003256374388237027,0.500516224134429,0.32722194171264113
0.019309064409168086,-0.24013731065491065,0.11296731238716444,-0.07089707573147042,-0.016424783737585106,0.012202687193128217,-0.006699378429035101,-0.01324817327912278,0.00015459692820983807,-0.00017166150023482634,-0.00010164863297920892,-0.01790722005530673,-0.0006027197828356887,0.003034370507838596,0.500516224134429,0.281994283756461
0.02009659656700309,-0.2371233208124345,0.11801321102211106,-0.10108879401576065,-0.006129000154377581,-8.003034137557804e-05,-0.0050131582685659405,-0.01358407412414779,0.000512927013190872,-0.000219619514672253,-6.274940832276182e-05,0.00473469159867837,-0.0006636241114099876,0.002871792423289789,0.500516224134429,0.28278107200763797
0.030100007455926753,-0.23606983030501097,0.10026149966385875,-0.04804130673782535,-0.04453822155553702,0.0169225696114828,-0.005165327821883629,-0.016155633566930356,0.00024283289848199655,-0.0001292804310287059,-3.088706138016165e-05,-0.01738940016541735,-0.00048747453344106704,0.0041741603643825394,0.500516224134429,0.284209931950111
0.008980903308301893,-0.23228238423027234,0.09680536140190284,-0.05277398126409323,-0.07028960609259083,-0.004937106367891167,-0.0032524352505704326,0.02552418489914168,0.00022799230160636995,-0.0005048152816798315,-1.390634198281294e-05,0.0054023858524729395,-0.0005115320524178856,0.002575715295351614,0.500516224134429,0.2754670003117116
0.0048004391437620865,-0.24157965427846165,0.07689959307212448,-0.06323372806425559,-0.08798838165544229,-0.011617856220252777,0.0041230158004780726,-0.013652685340935661,7.71150834315823e-05,-0.0008930530588013865,-6.403796047543524e-05,-0.0194098313394375,-0.0005485184245920353,0.0022593080369505956,0.500516224134429,0.14968794892852594
0.010038237563886604,-0.23750679561001709,0.10445301550718004,-0.06879072257950758,-0.011507887448920666,0.0006790378941037312,-0.005488881492081537,-0.016052223192879397,0.00011544503260301686,-0.00040390036050693323,-2.7164772324705904e-05,0.0025577646466189725,-0.0005184487660953752,-0.029943048621464442,0.500516224134429,0.2481206519350269
0.001249817298521433,-0.24553494252270958,0.10493138621012608,-0.04358987804734542,-0.005447426752576778,-0.03463778552556008,-0.004599409429472167,-0.006772569216099557,6.496340601888234e-05,-0.0005802420968472469,0.00033095872152015147,-0.014844232070572748,-0.000504310509569578,0.0017550725065563163,0.500516224134429,0.2523376261064219
0.0010912926293276221,-0.21492871149937262,-0.12696804842340254,-0.051804782328248956,-0.035543080555760186,-0.0084126129112912,-0.0015849695428533362,-0.004279319137693202,0.00015625381134134794,-0.0022168211899875148,-5.541743765602289e-05,-0.020548812438459057,-0.0003484960744782001,-0.0003938246176841243,0.500516224134429,0.03467887441821494
-0.012338231971381569,-0.2139681630031695,-0.13512890369451105,-0.0721669786388762,-0.008836629032475889,-0.005621113466416149,-0.001453754658895503,-0.007942355618697869,-0.015862104812002453,-0.002466657839287762,-3.924646129804721e-05,0.0030774065729169456,-0.0004505369421256022,-0.0003010135365862133,0.500516224134429,0.027017941031625806
0.004328338757552674,-0.2241444571919088,-0.140786223144059,-0.07323608984699018,0.0008070316290554727,-0.00797100399026305,-0.0017280283938849953,-0.005277798399260442,0.00047583188411153335,-0.00206148967199177,-4.0954233328643354e-05,0.007079933630203223,-0.00040917283729989973,-0.0004930378081308934,0.500516224134429,0.05705910451823794
0.005363036686518303,-0.2439520095895982,-0.13167426555053197,-0.04747083496515174,-0.005996002916619431,0.004424530180178669,-0.0038535297346354333,-0.005007242662432378,0.00019678588266715312,-0.001552765255972571,-3.4175172568118104e-05,-0.018808500508222695,-0.0003848606854423164,0.0003013579453156558,0.500516224134429,0.052067747787937664
0.012418150963966139,-0.1757695589100463,-0.11435847735307945,-0.05676163817544566,-0.02563812922915808,-0.024715882054674756,-0.0023794367981617866,-0.005032857046784413,0.000562050488394189,-0.0013904058555695399,-2.8838277991354007e-05,0.007948596042094297,-0.0006875290105881102,7.929120175867541e-05,0.500516224134429,0.1147615601191462
0.009042332438471596,-0.2422420616841912,-0.1368118405580767,-0.0349159987307545,-0.02952261554070179,0.010409330078212198,-0.0034641265597846267,-0.0044739276424959635,0.00024831522138241493,-0.0016908890906646515,-4.365010696800105e-05,-0.01747653649130044,-0.00034412566555792895,5.122032407414796e-05,0.500516224134429,0.049281650126078075
-0.00513406995859305,-0.22683598188061962,-0.14499057820475425,-0.04724233590984771,-0.04202444726560316,-0.010586126229635727,-0.0024264721861083096,0.0036519313777872106,0.0002443899156805847,-0.0017612028684802746,-3.6780523361479985e-05,0.005646558385996402,-0.00032714221084454337,-7.572908393393236e-07,0.500516224134429,0.02869320928520942
0.005830742147344749,-0.23512941546320523,-0.12136853732827822,-0.03976529782105834,-0.04322691643524118,-0.005911994846052725,0.0016050432308151957,-0.004689022173734429,0.00014888450104401154,-0.0019110006282344267,-5.411170007087181e-05,-0.020249239014140587,-0.0003493548859526244,-4.2590960413043125e-05,0.500516224134429,0.03540341275725528
0.002046242350131226,0.3757535988797397,0.048140778367103274,-0.036497205807753924,0.006227837680980507,0.026474990514775098,-3.1139110640593897e-05,-0.00230965417815752,0.0003321704414086779,-0.0004085203202596156,1.7571112463837625e-05,0.0020008143184680007,-0.00021213977403409433,-0.014109915014713377,0.500516224134429,0.9079416535939437
-0.0007739346278795125,-0.14721774545132185,-0.11919884165935457,-0.05104325091956393,-0.006700931012729956,-0.0359008925117031,-0.002826753395905025,-0.004277695126596823,0.00034637815122431367,-0.0020607298217310776,-4.011796484086639e-05,-0.04169433150976289,-0.00035371112042992275,-0.0007198111438758289,0.500516224134429,0.08805385601996112
0.014898971622006521,-0.21331802651712028,-0.12134641382434809,-0.05848100776543168,-0.0404834698078875,-0.007571764543841869,-0.002975366660538827,-0.005941621250643616,0.00020108592704676275,-0.00214737192461754,-5.641976564921993e-05,-0.024348282408223093,-0.000338364733152233,-0.00019698089410376057,0.500516224134429,0.038411191587927995
0.010537557315914632,-0.20906464971312605,-0.12907904585923255,-0.057553772539512105,-0.01039584079039978,-0.004759991546698412,-0.0010485983727063653,-0.00788900261192811,-0.01899174609581871,-0.002040498387771124,-3.245675060361012e-05,0.0012486064345129436,-0.0004073001974907087,0.00039837740878763124,0.500516224134429,0.07143786242836055
0.0012692610015174878,-0.24685533317982614,-0.10514015263656888,-0.06415341674297824,0.0004486411732266062,-0.004741901980025789,-0.0011966336165107386,-0.004056565709862369,0.00040261438721535145,-0.002184139328494137,-3.7720844947743755e-05,0.0059955548169007096,-0.00040428922323086224,0.0008358745399085825,0.500516224134429,0.08069801679075632
-0.0005867549292100688,-0.2249781449211881,-0.14834747892491296,-0.06696429225556498,-0.00958689098916843,0.00548146875382075,-0.003789632116155343,-0.00524101095030717,0.0001488981889263681,-0.002325941266251402,-9.900284591814221e-05,-0.016875540368788872,-0.0004150380293268304,-0.00037441565191758275,0.500516224134429,0.026562447828468786
0.006644962628422054,-0.25413047887363216,-0.1259063097655117,-0.05076516179964943,-0.011135162698187583,-0.009421057509225794,-0.00283811520891115,-0.007345054351552354,0.00037342520133099575,-0.0014466877926650266,-3.4731574628105e-05,0.004212193292492933,-0.0004317187557185794,-0.0002461795926909449,0.500516224134429,0.04804614733430622
0.02413252785569552,0.3445758475226145,0.07698386369957862,-0.026076784743613572,-0.032068192377407295,0.025074530756440342,-0.00026400509575222336,-0.0021692927187194665,0.0003827110361271707,-0.00024399885229977743,1.2209759576018336e-05,-0.005944307358757323,-0.000202299436678405,0.0023404464428400233,0.500516224134429,0.9070494806240774
0.0007749045908925657,-0.19767861044188526,-0.14495936492133554,-0.051644254025007524,-0.04536298640068075,-0.01298344947951808,-0.002260107558312495,0.002702302808641857,0.00026174737696911765,-0.001900195966919344,-3.377086210515314e-05,0.007327763211120791,-0.00032510781969790443,0.00026655736586342517,0.500516224134429,0.054701652012458676
0.017444175650966825,-0.21204199718945138,-0.12026819324603322,-0.05777764739840129,-0.05054778895299821,-0.005633208936117454,0.003570208561336305,-0.0071997039166583265,0.00020907896416911352,-0.0019145068027714512,-4.747363564891565e-05,-0.027083200539321374,-0.00033761817812346984,-0.0002640222131013812,0.500516224134429,0.0386243263022787
0.0034249756053877788,-0.20279959412429877,-0.11421744741355208,-0.054328418742697664,-0.010077012962265049,-0.03283418309498614,-0.0033253199761418433,-0.0068182380688127,0.0002528291931908617,-0.002519023176159403,-6.057117947841517e-05,-0.027493175727335954,-0.00035492148576405383,-0.0005740110370513621,0.500516224134429,0.04879211194446675
-0.0004853657607351904,-0.23744181829302952,-0.11832046316706236,-0.041472433105537346,-0.03883122239642302,-0.007956688909157936,-0.0022192269874922073,-0.004253890874456905,0.00016980101897215474,-0.0014807396961469346,-4.441905184935328e-05,-0.02038898303214177,-0.00034713556358033175,7.980312011906233e-05,0.500516224134429,0.027523441435911695
0.0008243510670592113,-0.21861317141452782,-0.11503989799422207,-0.053603226854062096,-0.010369983601331826,-0.001236179722140049,-0.0018848128623682203,-0.006810159348137046,-0.01783123843615152,-0.002138335251205183,-3.410904598932884e-05,0.001757017015758856,-0.00046232395804181564,0.0003134056148200604,0.500516224134429,0.0753875593438938
0.017045490254152074,0.36337800830260725,0.026302920961943855,-0.04577102106049564,0.025311814057024665,0.011416117786017678,-9.124746490857196e-05,-0.0007540675453207895,0.0003463334658290531,4.292830162340871e-05,1.675703003002845e-05,0.0056988984005796805,-0.00027978974327219576,0.0035557873560242053,0.500516224134429,0.9067351542362678
0.0028304057095382544,-0.25257378348052945,-0.10242209950944874,-0.04652911113557475,-0.00667185463424953,0.012137243802119979,-0.0038089003772626535,-0.00461528086531926,0.0001169917794315922,-0.001866554060668853,-9.159159479967503e-05,-0.013073897538889087,-0.0004108708818425274,0.002265785315427159,0.500516224134429,0.0858027066623651
0.001193703139561535,-0.25005174328678376,-0.1290009049990906,-0.05048652736721128,-0.006201055885856577,-0.01312230004916605,-0.0027404186394264785,-0.007403293754376439,0.0003418245348451336,-0.0014398230350319246,-4.529539521094485e-05,0.003830716158410315,-0.00042771265687556795,0.0003185355551289156,0.500516224134429,0.045281928453349135
-0.005168594844970457,-0.2151583173400144,-0.14868893346136797,-0.04954961442421767,-0.0400243895686087,-0.0098747155716829,-0.0021185204106071204,0.0052663729421084955,0.0002426252623529357,-0.001927270789115961,-3.842471070179816e-05,0.005894279075121207,-0.00031579348975429905,0.0004178142925450669,0.500516224134429,0.03947274109551912
0.001612280759056007,-0.23927322746509588,-0.11251510734635642,-0.04099878825811856,-0.04507566714750017,-0.00880098989682825,0.002971605540631899,-0.005068028696693494,0.00015982061831089597,-0.0018386974990436985,-5.2989475232630704e-05,-0.020568350363029547,-0.0003480795281714875,-0.00011656264117425797,0.500516224134429,0.03060344273518764
-0.005957351283106803,-0.23853767688025562,-0.11178272019267221,-0.04294447980103059,-0.007806777549721019,-0.031453313783370795,-0.0022420372392745265,-0.0036740029302367396,0.00016453554857403716,-0.002158743912678233,-5.6930305907855205e-05,-0.02115065122522097,-0.00034539924262640896,-9.877562238466284e-05,0.500516224134429,0.032471899714519664
0.016853020947466487,-0.210230482172389,0.08404091778086491,-0.067506453741408,-0.07379990846675649,-0.015223651208448466,-0.0034137434604076993,-0.015842299334875194,0.00013377564368368997,-0.0002265763420646678,-3.6181394385504544e-05,-0.017779586525888746,-0.0004806561609090935,0.0028582766887069685,0.500516224134429,0.19986267638762198
0.03124942479416666,0.265737497815111,0.09721634424608641,-0.054958982088815334,0.009474760928805285,0.012632609295839113,0.0008761812466845363,-0.005360613176339115,-0.026438289911214635,0.0003998589293573789,2.2218824582861972e-05,0.0035021256874144626,-0.00040861838656975773,0.0028672057408213043,0.500516224134429,0.8373279480803633
0.005042521003892102,-0.21890550638181414,0.11041998844812304,-0.08441455383321363,-0.014535582075506665,0.004844940828851184,-0.006248012928133103,-0.015392794637823856,0.00022173655295290186,5.989603907385639e-05,-0.00011580737027867939,-0.01831615401427009,-0.0005817434344094342,0.0025490604025845422,0.500516224134429,0.2651442127344604
0.01588164508309118,-0.19124164032539612,0.12335836460296297,-0.1117448513051239,-0.007671751184475448,-0.01916111004446576,-0.0028635678456365443,-0.019292907979628477,0.0004468566723831688,-0.0001398361470242787,-0.00011289805882031689,0.0007363942363215229,-0.0006143252574557947,0.002766746383975907,0.500516224134429,0.2908633429651396
-0.007717425329316307,-0.1888044024975062,0.1014260283539301,-0.05529003549266851,-0.07781671038413523,-0.01615759232160388,-0.0017662028346759596,0.023733545231181666,0.0002551442115338928,-0.00033418913460611107,-5.706534932532502e-06,0.004725214816712412,-0.0005088623438922862,0.0027493927733840237,0.500516224134429,0.2850044226478376
0.001521952236555074,-0.223848373080374,0.07298800906293525,-0.07148003652823616,-0.08779379744069062,-0.01379265993234868,0.0034283644295037092,-0.015577410553474417,6.806003615175093e-05,-0.0005906285281238031,-7.315763357312261e-05,-0.01961975914453218,-0.0005325038462053233,0.001975215244359143,0.500516224134429,0.14718949845637977
-0.0027022334027104592,-0.2208754329538231,0.10639817892251292,-0.057201569258715376,-0.003887926020782241,-0.03877355294334981,-0.004436788001143079,-0.006718357252250102,4.45267261999105e-05,-0.00026263668581492347,0.0002649976587568591,-0.020332582487570167,-0.0005010099766249504,0.0019535888955410433,0.500516224134429,0.2534854273546592
0.02019213758276546,-0.2459331735190589,0.07956252102255675,-0.0614217170077727,-0.0725902487195504,-0.019469063149110136,-0.0029855803622571044,-0.01322245337751213,0.00017397606655005914,-0.000530116373324248,-3.60143751142231e-05,-0.019322429074348814,-0.0005423386429366269,0.0024200126992824198,0.500516224134429,0.1668117369046029
0.0035050807870650536,-0.04884478125206693,0.10164865724381701,-0.13011880455264457,-0.01134586985576391,-0.03493539434649614,-0.005254555654623412,-0.012253635044680855,0.0004090874247768398,0.00016970265339437973,-8.901725087904268e-05,-0.028371888119232688,-0.0006442806286544939,0.0018882514384082991,0.500516224134429,0.33627877697685177
0.014152716551172301,-0.2110588058710507,0.1184567157559842,-0.10880257801515159,-0.009303607370682627,-0.011674977112372378,-0.0033658178832131503,-0.020865666760348178,0.0005364219366614324,-0.0001638025970170332,-7.338347622910692e-05,0.004224600046562353,-0.0006390984986082922,0.0019094055405648304,0.500516224134429,0.2738483463807042
0.020518798240682153,-0.059442176435393054,0.09949884624635338,-0.1010873067853335,-0.06384943419555908,-0.024094986364341518,-0.0008322958725660651,0.019495559915253095,0.00041565857667613725,-0.0002129538057667407,-2.217767261304761e-05,0.005300038128761178,-0.00044846396933318936,0.004216183779353114,0.500516224134429,0.39997151392060587
0.02505658317089446,-0.2397197554311417,0.08075368771901677,-0.06469146201507107,-0.08640718654868816,-0.0171172810923456,0.003849751181001478,-0.012208766811049888,0.00014915329812898074,-0.0008469990915551261,-5.853368318308578e-05,-0.019230908190332595,-0.0005289384650558693,0.0022663241539378795,0.500516224134429,0.17178189232898994
0.026617081726899746,0.3182205171587388,0.0679408240587468,-0.019501890238501688,0.0013867064181660525,-0.05207854070029483,-0.0017500131898876168,0.0005687839305633707,0.0001488904005941409,-7.849858359412999e-06,0.00026411412355913886,-0.004511326217313847,-0.000245911635378554,0.002901926355815725,0.500516224134429,0.8404695364677806
